word	count	n_docs
o	265	224
pa-ro	227	103
ko-wo	198	161
pe-mo	183	67
o-na-to	158	84
e-ke	150	61
to-so-de	146	72
ko-to-na	135	74
ko-wa	132	118
vacat	125	90
to-so	98	52
e-ke-qe	93	60
supra	91	91
te-o-jo	85	32
pa	83	72
deest	82	62
ke-ke-me-na	80	43
ki	79	69
pe	76	72
do-e-ro	76	43
da-mo	76	47
ku-ta-to	63	63
qs	61	37
pu-ro	60	48
do-so-mo	59	15
do-e-ra	58	32
sigillum	53	53
ka-ke-we	47	32
pa-i-to	43	43
jo	41	41
o-pe-ro	40	35
da-wo	38	38
o-da-a2	38	22
no	36	36
a	36	35
e	35	23
e-ko-so	34	34
ne	34	21
ko-re-te	34	7
ku	32	16
o-pi	32	27
qa-ra	31	28
ja	31	31
we-da-ne-wo	31	21
ru-ki-to	30	30
me-zo-e	29	21
di	28	20
e-ra	27	26
to-sa	27	25
ti-ri-to	26	26
do-ti-ja	26	26
to	26	26
ko	26	26
vestigia	26	24
pars	26	25
sine	26	25
regulis	26	25
wo-wo	26	14
fragmentum	25	11
reliqua	25	24
ra-to	24	24
ka	24	23
ri-jo-no	24	24
o-pa	23	23
wa	23	23
de	22	21
tu-ni-ja	22	22
we-we-si-jo	22	22
u-ta-jo	22	22
a-ke-o-jo	22	9
ke-ro-si-ja	22	2
ma-ro-pi	22	4
ra	21	21
ta	21	21
su-ri-mo	21	21
ta-ra-si-ja	21	18
ra-su-to	21	21
ma	21	10
e-ko-te	21	17
a-pu-do-si	20	20
u-ta-jo-jo	20	20
ki-ti-me-na	20	14
tu-na-no	19	19
a-ja-me-no	19	8
ka-ko	19	13
we-we-si-jo-jo	18	18
po-ro-ko-re-te	18	3
i-je-re-ja	17	12
u-ta-no	17	16
e-ko-si	17	13
ko-to-no-o-ko	17	11
wo-ka	17	17
pa-we-a	16	16
ra-ja	16	16
to-sa-de	16	13
me-no	15	15
o-ka	15	10
da-mi-ni-jo	15	15
ku-pi-ri-jo	15	15
e-qe-ta	15	9
pa-ra-jo	15	7
we-je-ke-e	15	15
ka-na-ko	15	5
pa-si-te-o-i	14	12
ko-no	14	8
a-ka	14	14
o-no	14	14
te	14	14
po-ti-ni-ja	14	14
ta-ra-nu	14	7
o-u-qe	14	9
e-re-pa-te-jo	14	8
i-qi-ja	14	14
a-ta-o	14	4
a-ta-ra-si-jo	14	14
o-u-di-do-si	14	12
me-ta-pa	13	13
di-wi-je-we	13	13
po-se-da-o-ne	13	13
se-to-i-ja	12	12
du-ni-jo	12	11
po	12	12
e-ka-ra-e-we	12	12
o-po-qo	12	12
a-ke-re-wa	12	11
a-si-ja-ti-ja	12	7
pe-i	12	6
e-ru-ta-ra	12	9
a-mi-ni-so	11	10
ra-pte-re	11	5
sa	11	9
we	11	10
po-ni-ki-jo	11	10
wo	11	11
ka-ma	11	8
me	11	10
te-re-ta	11	10
pte-re-wa	11	11
wa-to	11	9
ro-u-so	11	11
me-ta-qe	11	5
we-te-i-we-te-i	11	1
me-zo-a2	11	11
me-u-jo-a2	11	11
a-ko-da-mo	11	11
ku-do-ni-ja	10	10
to-pe-za	10	4
po-ku-ta	10	8
me-zo	10	9
pe-re	10	6
me-wi-jo-e	10	6
ri-jo	10	10
se	10	10
wi-na-jo	10	10
te-mi-dwe-ta	10	10
a-ko-ra	10	6
ne-wa	10	9
ki-ri-jo-te	10	10
a-ra-ro-mo-te-me-na	10	10
a-ja-me-na	10	10
ka-pa	9	9
qa-mo	9	9
ko-ri-ja-do-no	9	9
ko-u-ra	9	9
re-u-ko-nu-ka	9	9
ke	9	8
mi	9	5
zo-wa	9	9
di-pa	9	2
za	9	9
pu-so	9	9
wa-na-ka-te-ro	9	8
a3-mi-re-we	9	9
a-te-jo	9	9
ke-ra-ja-pi	9	9
ka-ma-e-u	9	6
pa-ko-we	9	9
au-de-pi	9	4
to-jo	9	9
tu-ri-so	8	8
ro	8	8
so	8	8
qa	8	8
zo-a	8	8
qe-te-o	8	8
sa-qa-re-jo	8	8
me-wi-jo	8	6
i-jo	8	6
pe-ma	8	6
po-me	8	8
pu-na-so	8	8
qa-si-re-wi-ja	8	3
e-ri-ka	8	8
qe	8	8
da-ra-ko	8	8
mo-ro-qa	8	5
po-ni-ki-ja	8	8
pe-ri-qo-te-jo	8	8
ko-ru-to	8	8
o-pi-i-ja-pi	8	8
ka-ra-do-ro	8	8
re-u-ko-to-ro	8	8
ka-wi-jo	8	8
angustum	8	4
ke-ki-de	8	4
ke-re-te-u	8	6
ra-wa-ke-si-jo	8	8
ma-ka	8	8
i	7	7
we-ka-ta	7	2
tu	7	7
pa-ra-ja	7	7
ri	7	7
ru-ki-ti-jo	7	7
pa-i-ti-ja	7	7
ko-no-so	7	7
ne-wo	7	7
ko-ro	7	7
a-ma	7	7
a-nu-to	7	7
ku-su-to-ro-qa	7	7
e-ne-ka	7	5
si-ja-du-we	7	7
a-tu-ko	7	7
a-ko-ro	7	7
separatum	7	4
ro-o-wa	7	7
ra-pte	7	7
ti-mi-to	7	1
a-ke-e	7	1
wo-ze-qe	7	4
pa-ki-ja-na	7	5
we-te-re-u	7	7
e-ko-to	7	6
e-re-u-te-ra	7	6
a-pi-qo-to	7	4
sa-pi-de	7	3
di-we	6	5
qe-ra-si-ja	6	6
a-nu-ko	6	5
a-to-mo	6	6
ku-re-we	6	5
te-o	6	6
wa-na-ta-jo	6	6
re-u-ka	6	6
po-po	6	6
o-na	6	6
me-u-jo-e	6	6
ri-zo	6	6
a-no-wo-to	6	1
a-pi-me-de-o	6	6
po-ti-ni-ja-we-jo	6	6
ka-ke-u	6	5
e-re-pa-te	6	6
ma-ro	6	5
to-tu-no	6	6
pa-ka-na	6	6
wi-ri-ni-jo	6	6
a-ni-ja	6	4
a-mo-ta	6	6
re	6	6
we-ke	6	4
mutila	6	5
ri-ne-ja-o	6	6
pa-ki-ja-si	6	5
a-ko-so-ta	6	6
a-pu2-we	6	6
do-qe-ja	6	1
ko-ro-ku-ra-i-jo	6	4
o-a-ke-re-se	6	1
wa-no-jo	6	2
a-ko-so-ta-o	6	4
da-we-u-pi	6	2
su-qo-ta-o	6	6
me-ri-te-wo	6	6
a3-ti-jo-qo	6	5
pa-ra-ko	6	5
a3-ti-jo-qe	6	1
ku-te-se-jo	6	3
me-na	5	5
a-re	5	5
mo	5	5
graffito	5	4
ko-no-si-jo	5	5
mi-ka-ta	5	5
wa-na-ka	5	5
wa-tu	5	4
me-ri	5	5
a-no-qo-ta	5	5
u	5	5
i-je-ro	5	5
qa-ra-jo	5	5
e-te-do-mo	5	5
ka-to-ro	5	5
mi-ru-ro	5	5
a-ro2-a	5	5
e-qe-si-ja	5	5
o-re-ne-ja	5	5
ku-ro2	5	5
me-u-jo	5	4
ko-ma-we-to	5	5
na	5	5
wa-na-ka-te	5	5
ri-no	5	5
qe-ro2	5	5
mi-ra	5	5
to-mi-ka	5	5
ko-no-si-ja	5	5
si-to	5	4
pu-te	5	5
ko-do	5	5
ku-ru-so	5	4
pa-ta	5	5
pa-na-re-jo	5	5
su-ki-ri-ta	5	5
wo-no	5	5
a-si-wi-jo	5	5
o-na-se-u	5	5
pe-ko	5	4
po-si	5	5
a-na-mo-to	5	5
o-da-twe-ta	5	5
ti	5	5
qe-re-ma-o	5	5
ka-sa-to	5	5
ke-re-za	5	5
te-ko-to-a-pe	5	1
qo-u-ko-ro	5	5
e-ro-ma-to	5	1
a-pi-a2-ro	5	5
u-ru-pi-ja-jo	5	5
e-na-po-ro	5	5
e-to-ni-jo	5	5
to-to	5	1
i-je-re-u	5	5
e-ko-me-no	5	4
ra-wa-ra-ti-jo	5	1
u-po-ra-ki-ri-ja	5	1
qe-ta-ko	5	5
ka-na-pe-u	5	4
ru-ko-ro	5	5
e-ke-e	5	3
ko-to-na-o	5	5
o-na-ta	5	5
pa-da-je-we	5	2
o-na-te-re	5	3
ta-ra2-to	5	4
o-ro-jo	5	1
ka-ru-ke	5	2
e-ra3-wo	5	5
ro-u-si-jo	5	5
so-we-no-qe	5	3
ko-ru-we	5	5
o-po-re-i	5	5
pi-ra-ko-ro	5	5
ka-si	5	5
pa-de	4	4
ka-ra-e-ri-jo	4	4
di-ka-ta-de	4	4
ki-to	4	4
pu-na-si-jo	4	4
ma-sa	4	4
qo-ta	4	4
i-wa-ka	4	4
ka-pa-ri-jo	4	4
me-nu-wa	4	4
a-ka-i-jo	4	4
a-ka-to	4	4
to-ro-wo	4	4
te-wa-jo	4	4
ke-ti-ro	4	4
da-wi-ja	4	4
ka-ro-qo	4	4
o-u-te-mi	4	1
a-ke	4	3
ku-do	4	4
do-ke	4	4
ku-ta-ti-jo	4	3
da-wi-jo	4	4
te-ra-po-si-jo	4	4
pu-ri	4	4
qe-ro	4	4
su-ko	4	4
pi	4	4
sa-mu-ta-jo	4	4
e-ra-ja	4	4
da-te-we-ja	4	4
qa-mi-ja	4	4
pe-ne-we-ta	4	4
ra-wo	4	4
e-ru-ta-ra-pi	4	3
e-ni-qe	4	4
e-te	4	4
au-ri-jo	4	4
a-ra-ko	4	4
ta-ta-ro	4	4
a3	4	4
wo-di-je-ja	4	4
a-mi-ni-si-ja	4	4
ta-de-so	4	4
a-ze-ti-ri-ja	4	4
o-nu	4	4
o-nu-ke	4	4
i-jo-te	4	4
e-re-u-ti-ja	4	4
di-da-ka-re	4	3
u-ra-jo	4	4
ke-re	4	4
ra-jo	4	4
qi-ri-ja-to	4	4
e-re-ta	4	4
a-ko-ra-jo	4	4
pa-te	4	3
pa-qo-si-jo	4	4
ke-to	4	4
di-ro	4	4
pu-to-ro	4	3
qa-na-no-to	4	4
ma-ri-ti-wi-jo	4	4
qo-te-ro	4	4
to-ko	4	1
a-ra-ru-wo-a	4	4
ta-to-mo	4	4
ka-ka	4	4
a-ra-ru-ja	4	4
a-ni-ja-pi	4	4
i-qo-e-qe	4	4
wi-ri-ne-o	4	4
de-do-me-na	4	4
pe-ru-si-nwa	4	3
e-ke-me-de	4	4
si-jo	4	4
re-u	4	4
o-pa-wo-ta	4	4
ku-no	4	4
ma-ra	4	3
ne-ja	4	4
po-to-ro-wa-pi	4	4
e-ke-ro-qo-no	4	4
a-te-re-wi-ja	4	4
ne-wo-pe-o	4	4
pe-re-ke-we	4	4
pu-ka-wo	4	3
me-ri-du-ma-te	4	4
a-to-po-qo	4	4
a-ke-o	4	4
i-na-o	4	4
o-two-we-o	4	1
o-ka-ra3	4	4
i-wa-so	4	4
e-re-e	4	3
au-ke-i-ja-te-we	4	2
we-to	4	2
we-re-ke	4	4
a-ka-ma-wo	4	4
se-no	4	4
ka-ra-u-ko	4	4
a-we-ke-se-u	4	3
ko-tu-ro2	4	4
a2-pa-tu-wo-te	4	1
o-re-e-wo	4	1
pe-to-no	4	4
a-ke-ro	4	4
ta-ra-ma-ta	4	4
po-me-ne	4	4
ke-ke-me-na-o	4	4
ka-pa-ti-ja	4	4
ko-ri-si-ja	4	3
a-da-ma-o	4	4
ra-su-ro	4	4
e-do-mo-ne-u	4	4
ke-sa-da-ra	4	4
wo-do-we	4	4
qe-te-jo	4	4
a3-so-ni-jo	4	4
qa-si-re-u	4	4
a-e-ri-qo	4	3
pe-ru-si-nu-wo	4	4
a-pi-no-e-wi-jo	4	3
e-ma-a2	4	4
ke-re-si-jo	4	2
ti-ri-po	4	2
ra-e-ja	4	2
to-no	4	3
e-re-pa-te-ja-pi	4	3
qe-qi-no-me-na	4	3
o-te	4	4
i-je-to-qe	4	1
di-pte-ra	4	1
qe-te-a2	4	4
a-ko-so-ne	4	4
ma-di-je	4	4
a-me-ro	4	4
i-qo-po-qo-i	4	4
a-ra-o	4	4
a-pu-wa	4	4
te-qa-de	4	4
ke-po	4	4
ku-ru-zo	4	4
da-da-re-jo-de	3	3
a-mi-ni-so-de	3	3
wo-de-wi-jo	3	3
e-me-si-jo-jo	3	3
pi-ra-me-no	3	3
pe-re-qo-ta	3	3
ro-ru	3	2
e-u-da-mo	3	3
ti-jo	3	3
a-ke-u	3	3
re-u-ka-ta	3	3
di-ka	3	3
ke-re-u	3	3
qe-da-do-ro	3	3
pa-na-so	3	3
o-ko-te	3	3
i-ne-u	3	3
na-e-si-jo	3	3
ta-pa-no	3	3
pe-ri-to-wo	3	3
pa-pa-ro	3	3
ku-ru-me-no	3	3
a-ko-to	3	3
pa-re	3	3
pa-wa-wo	3	3
ku-ne	3	3
e-po	3	3
a-mi-ni-si-jo	3	3
pa-no	3	3
du-ru-po	3	3
a3-ki-pa-ta	3	3
to-ro-qa	3	3
ki-ri-te-wi-ja	3	3
a-ra-si-jo	3	3
ta-u-na-so	3	3
da-wa-no	3	3
ka-mo	3	3
ni-to	3	3
zo	3	3
si-ja	3	3
e-to-wo-ko	3	3
ku-pa-ro	3	3
i-se-we-ri-jo	3	3
di-zo	3	3
e-u-ko-ro	3	3
a-nu-mo	3	3
ta-za-ro	3	3
to-u-ka	3	3
ti-ri	3	3
ri-jo-ni-ja	3	3
pe-ko-to	3	3
ne-we-wi-ja	3	3
e-pi-qe	3	3
te-jo	3	3
ke-se-nu-wi-ja	3	3
po-ki-ro-nu-ka	3	3
ko-u-re-ja	3	3
ko-ro-ta2	3	3
ri-ta	3	3
e-qe-si-jo	3	3
do-ti-jo	3	3
ku-ka-ro	3	3
o-na-jo	3	3
o-ne	3	3
na-u-do-mo	3	3
u-ta-ni-jo	3	3
pu-si-jo	3	3
re-ja	3	3
pa-we-a2	3	3
o-ku	3	3
ka-ta-no	3	3
o-pe	3	3
a-pe-o-te	3	3
ko-pe-re-u	3	3
si-ra-ko	3	3
ru-ro	3	3
su-za	3	3
di-wo	3	3
te-o-i	3	3
i-da-i-jo	3	3
a-na-to	3	3
po-ro	3	2
a-ko-ra-ja	3	3
pu-wo	3	3
wa-du-na-ro	3	3
te-re	3	3
ko-ma-we-te	3	3
a-pi-qo-ta	3	3
da	3	3
nu-ka	3	3
ma-ri	3	3
pe-ri-te-u	3	3
ka-ta	3	2
e-pi-zo-ta	3	2
pu	3	3
i-ra-ta	3	3
du-ma	3	3
wi	3	3
a-ko-mo-ni-jo	3	3
a-wa-so	3	3
si-ta-ro	3	3
e-u-na-wo	3	3
ra-so	3	3
do-ti	3	3
e-to	3	3
ru	3	3
ne-u	3	3
ti-ja	3	3
a-te-mo	3	3
wo-ne-we	3	3
ki-ta-no	3	3
do-ro	3	3
a3-ko-ta	3	3
o-pi-si-jo	3	3
ti-qa-jo	3	3
wi-jo	3	3
a-nu	3	2
ka-si-ko-no	3	3
me-sa-to	3	3
te-u	3	3
wi-ri-za	3	3
pte-no	3	3
mi-to-we-sa	3	3
u-po	3	2
wo-ti-jo	3	3
wa-ja	3	3
si	3	3
e-zo-wo	3	3
qo	3	3
e-qe	3	3
a-ti	3	3
ke-ke-me	3	3
te-we	3	3
ko-ru	3	3
ku-ri-sa-to	3	3
pe-re-ta	3	3
pa-ke-te-ja	3	3
e-u-de-we-ro	3	3
o-pi-ro-qo	3	3
re-wo-to-ro-ko-wo	3	3
mi-ra-ti-ja	3	3
a-pi-qo-ro	3	3
a-ke-ti-ra2	3	2
o-wi-to-no	3	3
e-re	3	3
i-na-ni-ja	3	3
me-tu-ra	3	3
su-ra-se	3	3
po-ra-pi	3	3
to-ko-do-mo	3	3
o-pi-te-u-ke-e-we	3	3
qa-ra2-te	3	3
pu-ko-ro	3	3
au-ke-wa	3	3
a-e-ri-qo-ta	3	3
ke-ki	3	3
da-ko-ro	3	3
ra-mi-ni-jo	3	3
ki-ti-ta	3	2
po-ki-ro-qo	3	3
ne-wo-ki-to	3	2
e-ri-ko-wo	3	3
ma-ra-te-u	3	3
e-re-e-we	3	3
ra-wa-ke-ta	3	3
e-sa-re-wi-ja	3	3
mi-jo-qa	3	2
a-ke-re-se	3	1
ti-mi-ti-ja	3	3
to-to-we-to	3	1
ne-qe-u	3	3
a-ko-to-wo	3	3
ra-ma-jo	3	3
a-ka-na-jo	3	1
i-ma-di-jo	3	3
e-ra-te-re-wa-pi	3	3
re-qa-se-wo	3	1
ti-ri-da-ro	3	3
e-ro2-qo	3	3
e-ka-ra	3	2
qo-qo-ta-o	3	3
wo-ze	3	3
ra-wa-ke-si-jo-jo	3	3
e-u-me-ne	3	3
e-u-me-de	3	3
a-no-no	3	3
ti-nwa-si-jo	3	3
a-re-po-zo-o	3	3
te-re-ja-e	3	3
du-wo-u-pi	3	3
ra-ku-ro	3	3
te-te-re-u	3	3
pe-ki-ta	3	2
pi-ke-re-wo	3	2
e-sa-ro	3	3
po-so-re-ja	3	3
pe-qo-ta	3	2
a-ma-ru-ta	3	1
ko-na	3	3
o-po-ro-me-no	3	3
a3-ki-wa-ro	3	3
ka-ra-i	3	3
pi-ro-ta-wo	3	3
ku-da-ma-ro	3	3
we-da-ne-we	3	3
do-e-ro-i	3	2
a-ke-ti-ri-ja-i	3	3
pi-ri	3	3
e-ti-we	3	3
we-ja-re-pe	3	3
we-a-re-pe	3	2
pa-ki-ja-na-de	3	3
di-pi-si-jo-i	3	3
wa-na-se-wi-ja	3	2
wa-na-so-i	3	3
a-ro-pa	3	3
mo-re-u	3	3
po-so-ro	3	3
ma-no-u-ro	3	3
na-i-se-wi-jo	3	3
pe-ru-si-nu-wa	3	3
me-te-to	3	3
e-wi-te-wi-jo	3	3
e-re-u-te-ro	3	3
e-re-u-te-ro-se	3	3
pe-re-wo-te	3	2
no-pe-re-a2	3	3
we-je-ke-a2	3	3
to-qi-de	3	2
o-pi-ke-re-mi-ni-ja-pi	3	2
qe-ra-na	3	1
ko-ki-re-ja	3	3
e-ka-ma-pi	3	2
e-ne-wo-pe-za	3	2
e-re-pa-te-ja	3	2
ku-ru-so-qe	3	1
wa-o	3	3
ta-ra-nu-we	3	2
do-ra-qe	3	1
po-re-na-qe	3	1
ko-ri-a2-da-na	3	2
de-mi-ni-ja	3	3
ka-pi-ni-ja	3	1
pa-ke-te-re	3	3
wa-do-ta	3	3
mi-ra-ti-jo	3	3
de-u-ke-we	3	3
ra-ke-da-mi-ni-jo	3	3
a-ke-ne-u-si	3	3
te-ka-ta-si	3	3
e-pe-to-i	3	3
na-su-to	3	3
te-ra-wo	3	3
sa-sa-ma	3	2
pe-ke-u	3	3
mi-ta	3	3
ka-na-to	3	3
pu-ti	3	3
e-ri-nu	2	2
ra-ni	2	2
pe-ri-qo-ta-o	2	2
ku-ja-ro	2	2
ki-u-ro	2	2
si-ja-ma-to	2	2
a-qi-ru	2	1
pa-ta-re	2	2
wo-di-jo	2	2
pe-ri-ta	2	2
ra-wo-ti-jo	2	2
e-e-si	2	2
ka-ra-na-ta	2	2
ka-ti	2	2
ka-no	2	2
pe-re-ko	2	2
di-wi-ja	2	2
a-ku-di-ri-jo	2	2
pa-ze	2	1
a-e	2	2
a-pe-o	2	2
po-ru-da-si-jo	2	2
qe-re-wa	2	2
we-re-we	2	1
a-e-da-do-ro	2	2
a-me-ja	2	2
pu2-te-re	2	2
qi	2	2
a-qi-ra	2	2
wa-ke-i-jo	2	2
we-we-e-a	2	2
pe-re-wa-ta	2	2
du	2	2
a2-ta	2	2
ti-ri-jo-qa	2	2
pu2-re-wa	2	2
we-wa-do-ro	2	2
ni-ja	2	2
e-pi	2	2
ke-re-wa	2	2
di-wi-ja-wo	2	2
ma-ti-ko	2	2
ma-se	2	2
po-ki	2	2
e-we-de-u	2	2
ru-ki-ti-ja	2	2
a-ke-ra-wo	2	2
a-pu2-ka	2	2
to-qa	2	2
ka-ro	2	2
ma-ro-ne	2	2
po-ro-ko-wa	2	2
de-ma-si	2	2
qa-ti-ja	2	2
ka-ru-no	2	2
ri-wi-so	2	2
di-ta-ka-so	2	2
ku-ka-so	2	2
e-ra-jo	2	2
pu-da-so	2	2
ko-no-ni-pi	2	2
ke-u-po-da-o	2	2
mu-ko	2	2
ko-we-jo	2	2
pa-sa-ja	2	2
ku-mi-so	2	2
a-du	2	2
du-pu2-ra-zo	2	2
wa-je	2	2
da-i-ra	2	2
o-du	2	2
qe-ra-jo	2	2
nu-to	2	2
o-nu-ka	2	2
dwo-jo	2	2
ru-ki	2	2
di-za-so	2	2
re-me-to	2	2
wa-du-na	2	2
e-ro-pa-ke-ja	2	2
ke-ri-mi-ja	2	2
i-ta-ja	2	2
ti-mu-nu-we	2	2
si-da-jo	2	2
a-to-mo-na	2	2
po-ki-ro	2	2
di-ka-ta-ro	2	2
a-ta-no	2	2
wi-jo-qo-ta-o	2	2
e-so-to	2	2
a-mo-ra-ma	2	2
no-si-ro	2	2
ma-di	2	2
pa-ta-u-na	2	1
ta-so	2	2
ko-me-no	2	2
re-po-so	2	2
no-da-ro	2	2
au	2	2
ke-ja	2	2
ne-o	2	2
te-qa-ja	2	2
tu-zo	2	2
ku-tu-qa-no	2	2
wi-da-ma-ta2	2	2
tu-ka-na	2	1
a-re-i-jo	2	2
te-pe-ja	2	2
de-ko-to	2	2
sa-ma-ri-wa-ta	2	2
o-pi-si-ri-ja-we	2	2
tu-ti	2	2
a-ro-we	2	2
tu-ri-si-jo	2	2
ra-ti-jo	2	2
a-pu-do-ke	2	2
e-re-pa-to	2	2
ka-so	2	2
pi-mo-no	2	2
re-po-to	2	2
sa-pa	2	2
ka-ra-we	2	2
ne-we	2	2
da-mi	2	2
re-ne	2	2
a-ro2-e	2	2
me-sa-ta	2	2
e-to-ro-qa-ta	2	2
a-ka-wo	2	2
a-di-je-wo	2	2
qa-mi-jo	2	2
a-me-a	2	2
e-ka-te-jo	2	2
a-mo-te-re	2	2
ka-ra-re-we	2	2
ne-ki-ri-de	2	2
ke-ro-ta	2	2
pa-ra-wa-jo	2	2
a-ke-ta	2	2
ke-do-si-ja	2	2
pa-wi-no	2	2
ma-ma-ro	2	2
a-pi-me-de	2	2
pu-ra	2	2
ma-di-qo	2	2
a-pi	2	2
pa-sa	2	2
po-ti-ni-ja-we-ja	2	2
a-pu	2	2
ki-ta-ne-to	2	2
si-mi-te-u	2	2
we-ka-di-jo	2	2
no-re	2	2
wo-we-u	2	2
ka-po	2	2
pe-ra	2	2
e-pi-ke-re	2	2
a-ke-re-mo-no	2	1
a3-ki-no-o	2	2
e-re-pa-te-jo-pi	2	1
ka-ke	2	2
i-qo	2	2
a3-wo-ro	2	2
o-du-ru-wi-jo	2	2
da-nu-wo	2	2
si-ra-ro	2	2
a-pa-ta-wa	2	2
de-ki-si-wo	2	2
qa-sa-ko	2	2
ka-sa-ro	2	2
ko-to	2	2
ra-wo-qo-no-jo	2	2
e-se-re-e-jo	2	2
ri-jo-de	2	2
do-ri-ka-o	2	2
da-to-ro	2	2
e-wi-su-zo-ko	2	2
ti-ta-ma	2	2
ke-ra	2	2
po-ka	2	2
pe-ra2	2	2
ka-di-ti-ja	2	2
e-re-pa-te-o	2	2
pe-ri-qo-ta	2	2
a3-zo-ro-qe	2	2
we-ka-sa	2	2
e-ra-wo	2	2
ru-wo	2	2
a-re-ki-si-to-jo	2	2
a-te-i-ja-ta	2	2
ka-da-no	2	2
za-ra-ro	2	2
ka-mi-ni-to	2	2
e-ru-to-ro	2	2
ti-mi-za	2	2
ko-ti	2	2
a-ka-ta-jo	2	2
ru-na-mo	2	2
qa-si-da-ro	2	2
de-ke-se-u	2	2
po-ro-u-te-u	2	2
po-ru-qo-to	2	2
ra-ko	2	2
da-ja-ro	2	2
ka-to	2	2
to-u-na-ta	2	2
a3-ke-wa-to	2	2
ta-na-po-so	2	2
du-ni	2	2
a3-ta-ro-we	2	2
na-pu-ti-jo	2	2
ku-ta-si-jo	2	2
a-no-ke-we	2	2
ko-ri-jo	2	2
je-zo	2	2
tu-qa-ni-ja-so	2	2
pa-ti	2	2
u-wa-ta	2	2
te-ru-sa	2	2
u-ra-mo-no	2	2
a-re-ta2	2	2
qa-sa-ro-we	2	2
ta-we-si-jo	2	2
ka-ne-u-ta	2	2
wi-ja-ma-ro	2	2
te-pa	2	2
ru-na-so	2	2
ka-ni-to	2	2
a-wo-i-jo	2	2
qi-ja-zo	2	2
ka-ri-se-u	2	2
ru-na	2	2
du-to	2	1
ke-ka-to	2	2
e-sa-re-we	2	2
a3-ni-jo	2	2
za-mi-jo	2	2
ke-sa-do-ro	2	2
sa-zo	2	2
pi-ma-na-ro	2	2
e-ke-da-mo	2	2
zo-wi-jo	2	2
pa-ka	2	2
po-da	2	1
mo-ri-wo-do	2	1
de-so-mo	2	2
pi-ri-je-te	2	2
pa-ta-ja	2	2
a-mo	2	2
o-da-ke-we-ta	2	2
te-wi-ja	2	2
i-qi-jo	2	2
e-re-pa	2	2
do-we-jo	2	2
wi-ri-ne-jo	2	2
te-mi-dwe-te	2	2
a-re-ki-si-to	2	2
me-to-re	2	2
e-ri-ko	2	2
ze-ro	2	2
ka-pa-ra2	2	2
po-ro-ko	2	2
do-si	2	2
pa-ra-ku	2	2
ki-ri	2	2
ti-ko-ro	2	2
wo-jo	2	2
wi-ri-ne-we	2	2
ja-we-jo	2	2
ti-no	2	2
di-du-mo	2	2
ta-jo	2	2
di-ki	2	2
ja-ro	2	2
da-ma	2	2
e-me	2	2
me-ri-to	2	2
pe-po-ro	2	2
ta-o	2	2
te-i-ja	2	2
to-wo	2	2
ne-to	2	2
pe-qe-u	2	2
ru-wa	2	2
o-ka-ra	2	2
e-u	2	2
a-wa	2	2
ri-so-wa	2	2
sa-ma	2	2
e-po-mi-jo	2	2
ka-ta-ro	2	2
ko-we	2	2
do	2	2
nu-se	2	2
jo-jo	2	2
me-re-ti-ri-ja	2	2
a-ke-ti-ri-ja	2	2
ke-e	2	2
a-ra-ka-te-ja	2	2
ko-ro-ki-ja	2	2
ti-nwa-si-ja	2	2
we-we-si-je-ja	2	2
a-da-ra-te-ja	2	2
ka-pa-ra2-de	2	2
ki-ni-di-ja	2	2
pa-wo-ke	2	2
ra-wi-ja-ja	2	2
ri-ne-ja	2	2
a-ke-ti-ra2-o	2	2
mi-ra-ti-ja-o	2	2
ku-te-ra-o	2	2
tu-ra-te-u	2	2
du-ni-jo-jo	2	2
qe-to-ro-po-pi	2	2
ta-ra-ma-ta-o	2	2
ke-ro-wo	2	2
pi-ra-jo	2	2
te-ta-ra-ne	2	2
a-po-ne-we	2	2
qe-re-me-ti-wo	2	2
mu-ta-pi	2	2
te-ko-to-na-pe	2	1
tu-ru-pte-ri-ja	2	2
pa-ra-we-wo	2	2
qo-ta-wo	2	2
wo-wi-ja-ta	2	2
sa-ri-qo-ro	2	2
a-we-u-pi	2	1
ka-ra-u-ro	2	2
ta-ra-to	2	2
a-pi-jo-to	2	1
o-wo-to	2	2
ta-we-si-jo-jo	2	2
tu-ru-we-u	2	2
a-pi-o-to	2	2
ra-wa-ra-ta2	2	2
po-ti-ja-ke-e	2	2
pu-ti-ja	2	2
a-no-ra-ta	2	2
te-u-ta-ra-ko-ro	2	2
sa-ri-nu-wo-te	2	2
pa-ko	2	2
mu-to-na	2	2
a-pi-te-wa	2	2
de-wi-jo	2	2
ko-ma-we	2	2
pi-ru-te	2	2
ku-sa-me-ni-jo	2	2
ma-te-de	2	1
ku-te-re-u-pi	2	2
ma-te	2	1
pa-te-de	2	1
wo-qe-we	2	2
za-e-to-ro	2	2
ko-tu-we	2	2
e-qo-te	2	2
a-ti-ja-wo	2	2
a-re-ku-tu-ru-wo	2	2
pe-ri-no	2	2
pu2-ti-ja	2	2
a-pu2-ka-ne	2	2
a-da-ra-ti-jo	2	2
ka-e-sa-me-no	2	2
e-te-wa	2	2
ku-pa-ri-si-jo	2	1
ke-ki-jo	2	2
e-u-ka-ro	2	2
a-pe-e-ke	2	1
o-pe-ro-te	2	2
e-ko-si-qe	2	2
o-pi-da-mi-jo	2	2
te-re-ne-wi-ja	2	2
me-ta-ka-wa	2	1
ma-ra-si-jo	2	2
a-pi-e-ra	2	2
ka-do-wo	2	2
i-te-re-wa	2	2
pa-ku-ro2	2	2
me-nu-a2	2	2
ma-se-de	2	2
me-za-na	2	2
e-re-u-te-re	2	2
a-ka-re-u-te	2	1
tu-ni-jo	2	2
e-ri-no-wo-te	2	2
a-ne-u-te	2	1
ma-u-ti-jo	2	2
ka-ta-wa	2	2
pe-qe-we	2	2
po-ko-ro	2	2
wi-ja-te-we	2	2
po-te-u	2	2
o-ku-ka	2	2
ko-ru-no	2	2
o-wa-ko	2	2
to-ro-wi	2	2
a-no-po	2	2
e-ti-ra-wo	2	2
ke-sa-me-no	2	2
pu-wi-no	2	2
ka-sa	2	2
ti-tu	2	2
a-no	2	2
a-ko-ro-we	2	1
re-u-ko	2	2
a-ta-tu-ro	2	2
ne-ti-ja-no	2	2
ke-re-no	2	2
ti-ri-po-di-ko	2	2
ke-we-no	2	2
wi-ja-we-ra2	2	2
ma-ra-ni-jo	2	2
a-ri-wo	2	2
di-u-ja	2	2
sa-ke-re-we	2	2
ko-do-jo	2	2
o-ke-u	2	2
a-mo-te-wo	2	2
mo-ro-qo-ro	2	2
ra-pa-do	2	1
sa-ke-re-u	2	2
mo-ro-qo-ro-jo	2	2
o-pe-te-re-u	2	2
ke-ta	2	2
te-re-ja	2	2
e-o	2	2
qe-ja-me-no	2	2
e-u-ke-to-qe	2	2
ke-ke-me-no	2	2
u-wa-mi-ja	2	2
ta-ra-mi-ka	2	2
o-pi-ti-ni-ja-ta	2	2
ne-qe-wo	2	2
e-da-e-wo	2	2
e-me-de	2	2
i-do-me-ne-ja	2	2
pa-da-je-u	2	2
ke-ra-u-jo	2	2
ka-ra-u-du-ro	2	2
ma-ra3-wa	2	2
ku-so	2	2
a-i-qe-u	2	2
wi-dwo-i-jo	2	2
i-pa-sa-na-ti	2	2
ka-ma-e-we	2	2
wo-zo-te	2	2
ka-ra-wi-po-ro-qe	2	2
te-se-u	2	2
ma-re-ku-na	2	2
e-pa-sa-na-ti	2	2
i-e-re-u	2	2
a3-wa-ja	2	2
po-te-wo	2	2
wa-na-ta-jo-jo	2	2
i-ni-ja	2	2
si-ma	2	2
e-ra-ta-ra	2	2
qe-re-qo-ta-o	2	1
tu-ri-ja-ti	2	2
a-da-ma-o-jo	2	1
ra-ku-ro-jo	2	2
pi-ke-re-we	2	1
dwo	2	2
e-ri-ta	2	1
ka-ra-wi-po-ro	2	2
po-se-da-o-no	2	2
o-wi-de	2	2
te-me-no	2	1
to-so-jo	2	1
wo-ro-ki-jo-ne-jo	2	2
ru-ko-u-ro	2	2
a-ne-o	2	2
ko-ka-ro	2	2
a-ki-to-jo	2	2
ke-ko-jo	2	2
a3-ki-a2-ri-jo	2	2
di-pte-ra-po-ro	2	2
ze-u-ke-u-si	2	2
a-ki-to	2	2
so-de	2	2
wa-na-ke-te	2	2
po-ro-wi-to	2	2
u-po-jo	2	2
e-re-de	2	2
jo-i	2	2
tu-ra-te-u-si	2	2
ru-ki-jo	2	2
a-ti-pa-mo	2	2
ka-ra-pa-so	2	2
po-wi-te-ja	2	2
e-u-po-ro-wo	2	2
te-u-to	2	2
pa-qo-ta	2	2
au-ta-mo	2	2
po-ro-u-jo	2	2
o-tu-wo-we	2	2
o-pe-ra-no	2	2
ri-ja-ko	2	2
a-pe-te-u	2	2
re-u-si-wo	2	2
ko-re-te-re	2	2
pa-ki-ja-pi	2	2
za-ma-e-wi-ja	2	2
e-ke-ro	2	2
te-po-se-u	2	2
ti-mi-to-a-ke-e	2	2
si-re-wa	2	2
sa-ma-ra	2	2
a3-me-wa	2	2
wa-a2-te-pi	2	2
e-sa-re-u	2	2
a-ki-ti-to	2	2
te-tu-ru-we	2	2
o-u-di-do-to	2	2
pe-ra3-ko-ra-i-ja	2	2
a-mu-ta-wo	2	2
e-po-me-ne-we	2	2
ko-re-te-ri	2	1
da-mo-ko-ro	2	2
ka-e-se-u	2	2
de-de-me-no	2	2
za-ku-si-ja	2	2
a-me-ja-to	2	2
e-te-wa-jo	2	2
qe-to-ro-we	2	1
e-ne-wo	2	1
o-pi-ke-re-mi-ni-ja	2	2
a-di-ri-ja-pi	2	2
pe-de-we-sa	2	1
qo-u-ka-ra	2	1
po-ro-e-ke	2	2
ku-te-se-ja	2	2
ku-wa-no	2	1
pa-ra-ku-we-qe	2	1
po-ni-ki-pi	2	1
a-ka-ra-no	2	1
to-qi-de-qe	2	1
ka-ru-pi	2	1
a-pu-ke	2	1
a-pe-ne-wo	2	1
we-e-wi-ja	2	1
wi-ri-no	2	1
e-ra-pe-ja	2	1
mu-te-we	2	1
po-qa	2	2
pa-de-we	2	1
ku-pa-ro2	2	2
do-se	2	1
tu-ro2	2	2
ka-ra	2	2
a2	2	2
e-to-ki-ja	2	2
qa-ra-de-ro	2	1
pa-ta-jo	2	2
di-wo-nu-so	2	2
mut	2	2
pe-ri-ke	2	2
o-ke-u-ri-jo	2	2
ka-na-pe-we	2	2
do-re-ja	2	2
o-u-ko-we-i	2	2
do-ra-a2-ja	2	2
e-re-o-ni	2	2
a-po-re-we	2	2
do-de	2	2
di-u-ja-wo	2	2
pe-pi-te-me-no-jo	2	2
a-ka-to-wa-o	2	2
e-pe-i-ja-o	2	2
e-ri-ni-jo	2	1
ro-we-wi-ja	2	2
wa-ra-pi-si-ro	2	2
e-ke-ne	2	2
mo-i-da	2	2
au-wi-ja-to	2	2
qa-ru-ko	2	2
a-ne-a2	2	2
ma-no	2	2
ke-ra-so	2	2
ma-ra-tu-wo	2	2
a-ke-re-wi-jo	2	2
pu2-ke	2	2
ku-mi-no	2	1
a-ko-ro-ta	2	2
o-u-ko	2	2
o-u-ka	2	1
ka-na-pe-u-si	2	2
qe-ti-ja	2	2
ni	2	2
tu-ka-te-qe	2	1
ki-ra-qe	2	1
to-ra-ka	2	1
pi-pi	2	2
su-ro-no	2	2
di-no-zo	2	2
u-pa-ta-ro	2	2
de-u-ki-jo-jo	1	1
di-ka-ta-jo	1	1
a-ne-mo	1	1
sa-na-to-de	1	1
a-ro-do-ro-o	1	1
di-wi-jo-jo	1	1
o-ja-de	1	1
qe-sa-ma-qa	1	1
ta-mi-te-mo	1	1
ra-pa-to	1	1
pi-pi-tu-na	1	1
au-ri-mo-de	1	1
a-ne-mo-i-je-re-ja	1	1
a-ma-ko-to	1	1
jo-te-re-pa-to	1	1
e-ke-se-si	1	1
qe-ra-si-jo	1	1
e-ti-wa	1	1
ka-u-da	1	1
ja-pe-re-so	1	1
ki-ri-jo-de	1	1
o-ne-ro2-i	1	1
sa-me	1	1
ke-me-no	1	1
a-to	1	1
zo-do-so	1	1
a-sa-ro	1	1
ko-so	1	1
su-ke-re	1	1
ta-re-wo	1	1
sa-no	1	1
e-u-da-i-ta	1	1
su-ki-ri-ta-pi	1	1
a-pe-re	1	1
te-pa-ra	1	1
qa-ra2-wo	1	1
a-ta-na-po-ti-ni-ja	1	1
e-nu-wa-ri-jo	1	1
pa-ja-wo-ne	1	1
ko-ro-sa-no	1	1
po-ro-tu-qo-no	1	1
i-mo-ro-ne-u	1	1
e-qe-a-o	1	1
e-we-wa-ta	1	1
ta-ra-me-to	1	1
wi-da-jo	1	1
di-we-so	1	1
o-ku-na-wo	1	1
i-to-ma	1	1
o-ro-ke-u	1	1
ti-ri-sa-ta	1	1
pe-se-ro-jo	1	1
pe-ka-wo	1	1
mi-ka-to	1	1
po-ru-ka-to	1	1
te-wa	1	1
ka-wi-ja	1	1
a-ka-to-wa	1	1
a-ka-me-ne	1	1
ka-ta-ra	1	1
ka-wi	1	1
ru-po-to	1	1
ki-je-u	1	1
a-pi-ja-re	1	1
di-wi-je-ja	1	1
ki-si-wi-je-ja	1	1
mi-ko	1	1
ko-wi-ro-wo-ko	1	1
a3-te-re	1	1
e-wi-ta-jo	1	1
ki-ra2-i-jo	1	1
pa-we-pi	1	1
i-ja	1	1
a-ki-re-u	1	1
ma-ki	1	1
za-ki-ri-jo	1	1
a-ku-wo	1	1
za-mi-so	1	1
a-ku-di-ri	1	1
pe-da	1	1
u-wa-si-jo	1	1
e-ro-e-o	1	1
ne-jo	1	1
u-o	1	1
wo-ne	1	1
a2-ke-te-re	1	1
ra-mo	1	1
da-o-ta	1	1
e-u-o-mo	1	1
e-pi-da-o	1	1
wo-no-da	1	1
qa-mi-si-jo	1	1
pa-ze-qe	1	1
ke-wo	1	1
pu-ra-ko	1	1
i-ke-se	1	1
u-wo-qe-ne	1	1
u-du-ru-wo	1	1
ku-pa-sa	1	1
a-ke-to-ro	1	1
to-ni	1	1
a-pi-do-ro	1	1
ma-u-do	1	1
i-ja-wo-ne	1	1
we-we-ro	1	1
e-u-ru-qo-ta	1	1
da-te-wa	1	1
te-ra-pe-te	1	1
ro-a	1	1
ri-u-no	1	1
to-ko-so-ta	1	1
a-te-u-ke	1	1
ta-ta-ta	1	1
da-na	1	1
e-u-ko-me	1	1
ne-je-ta	1	1
ma-ke-ra-mo	1	1
qa-ra-su-ti-jo	1	1
i-da-ra-ta	1	1
wa-si-ro	1	1
a-pi-po-re-we	1	1
i-po-no	1	1
e-u-ru-da-mo	1	1
do-ri-wo	1	1
wo-ra-ke-re	1	1
ri-to-wo	1	1
je	1	1
pe-ri-to	1	1
a-pi-da-ta	1	1
po-ru-te-we	1	1
u-po-we	1	1
sa-u-ko	1	1
pi-ra-qo	1	1
a-re-u-ke	1	1
a-ro-wo-ta	1	1
a-ne-te-wa	1	1
ko-ma-ra	1	1
te-re-ja-wo	1	1
a-re-se	1	1
to-ni-ja	1	1
te-ra-po-ti	1	1
pa-to-ro	1	1
a-pi-re-jo	1	1
ta-ra-sa-ta	1	1
a-ke-ra-no	1	1
a-re-jo	1	1
ma-ti-ri	1	1
pa-sa-ko-me-no	1	1
e-re-pa-i-ro	1	1
na-u-si-ke-re	1	1
a-ne-u-da	1	1
di-wo-a-ne	1	1
me-za-wo	1	1
pa-di-jo	1	1
o-pi-ri-mi-ni-jo	1	1
a-qa-ro	1	1
a-mi-ni-si	1	1
e-ro-e	1	1
qe-ra-di-ri-jo	1	1
i-sa-wo	1	1
di-so	1	1
pa-wa-so	1	1
i-ka-se	1	1
s	1	1
si-mo	1	1
sa-ma-da	1	1
ti-ja-no	1	1
o-u-ki-te-mi	1	1
a-pe-ti-ra2	1	1
i-ku-wo-i-pi	1	1
wo-do	1	1
re-ka-se-ra-wo	1	1
a-u-ta-na	1	1
na-pi	1	1
du-pi-jo	1	1
ra-wa-si-jo	1	1
wo-ro-to-qo	1	1
me-ta-ri-ko-wo	1	1
ta-ra-i	1	1
e-ko-so-wo-ko	1	1
e-na-i-jo	1	1
e-ri-ta-ri-jo	1	1
ra-ke-re-we	1	1
do-qi	1	1
ta-na-ti	1	1
e-we-wa	1	1
ti-ma	1	1
e-pi-ta	1	1
te-me-u	1	1
a-pa-te	1	1
wo-ni-jo	1	1
a-ri-we-we	1	1
a-ta-wo-ne	1	1
we-wa	1	1
no-da-ma	1	1
ra-wo-te	1	1
i-da-wo	1	1
ze-pu	1	1
ke-to-ri	1	1
ke-si-jo	1	1
pe-ra-te-ro	1	1
a-pi-re-we	1	1
wi-to	1	1
o-pa-wo-ne-ja	1	1
pe-da-i-ra	1	1
du-ni-ja	1	1
a-ne-ra-to	1	1
do-re-we	1	1
du-pu2-so	1	1
e-pi-ko-wa	1	1
ka-pa-ri-jo-ne	1	1
i-su-ku-wo-do-to	1	1
de-u-jo-i	1	1
ra-ma-na-de	1	1
ka-ra-e-i-jo	1	1
pa-ja-ni-jo	1	1
o-mi-ri-jo-i	1	1
e-ra-de	1	1
ma-si-dwo	1	1
qe-te-a	1	1
te-re-no	1	1
di-wo-pu-ka-ta	1	1
a-ku-tu-ru-wo	1	1
u-te-si	1	1
to-so-ku-su-pa	1	1
mu-to	1	1
de-ka-sa-to	1	1
o-se-ko-do	1	1
ma-qa-to	1	1
jo-te	1	1
ko-ro-ja-ne	1	1
re-pi-ru-nu-we	1	1
do-ni-ja	1	1
tu-ri	1	1
qa-nu-we	1	1
ro-to-qa	1	1
u-ru-pi-ja	1	1
mu-ki-ti	1	1
di-ko-to	1	1
e-ma-a2-o	1	1
a-ka-re-u	1	1
su-ri-mi-jo	1	1
a3-ta-jo	1	1
tu-to	1	1
e-pu2-no	1	1
ti-ri-ti	1	1
mu-ti-ja	1	1
pu2-ru-da-ro	1	1
di-ra	1	1
ki-te	1	1
ta-ra-jo	1	1
de-wa-pi	1	1
ko-so-ni-ja	1	1
to-i-ja	1	1
o-re-te-wo	1	1
qo-si-jo	1	1
pu-si-ja	1	1
ka-da-ra-so	1	1
qa-ka	1	1
ri-si-ja	1	1
sa-me-u	1	1
a-ri-ja-wo-ne	1	1
mi-ti	1	1
qa-ra-i-so	1	1
si-ra-no	1	1
i-ra-ko-to	1	1
ko-ru-we-ja	1	1
po-pu-re-ja	1	1
pu-ka-ta-ri-ja	1	1
o-ro-qa	1	1
pe-ri-ro-qo	1	1
qo-u-qo-ta	1	1
a-mi-nwa	1	1
me-to	1	1
a-ta-ma-si	1	1
na-ko-to	1	1
pa-ki	1	1
na-po	1	1
a-na-re-u	1	1
mu-ka-ra	1	1
ja-ma-ra	1	1
pa-ja	1	1
po-mi-ni-jo	1	1
pe-do	1	1
si-ra-ri-ja	1	1
tu-wi-no	1	1
pe-re-ke	1	1
e-te-jo	1	1
qe-re-jo	1	1
ku-da-ra-ro	1	1
ta-qa-ra-te	1	1
tu-ri-si-ja	1	1
a-ro-zo	1	1
ja-pu2-wi-ja	1	1
no-nu-we	1	1
a-po-te	1	1
ri-jo-ni-jo	1	1
e-ze-to	1	1
to-ro-qo	1	1
su-mo-no-qe	1	1
a3-ka-ra	1	1
pa-ra-ku-ja	1	1
e-ta-wo-ne-we	1	1
po-ri-wa	1	1
i-ku-tu-re	1	1
ru-si-qe	1	1
a-pa-i-ti-jo	1	1
ze-me-qe	1	1
a-qo-ta	1	1
zo-ta-qe	1	1
ku-do-ni-ja-de	1	1
di-du-me	1	1
nu-wa-i-ja	1	1
o-pe-te-wo-qe	1	1
o-re-ne-a	1	1
a-ta-qe	1	1
ka-nu-se-u	1	1
ta-to-qe	1	1
o-po-ro-u-si-jo	1	1
pe-te-u	1	1
e-ri-ta-qi-jo	1	1
te-so	1	1
qa-qa-ro	1	1
ni-jo	1	1
pe-ro-qe	1	1
tu-ma-i-ta	1	1
ta-pa-da-no	1	1
no-do-ro-we	1	1
e-ne-o	1	1
pi-ro-qa-wo	1	1
qe-te-se-u	1	1
to-te-ja	1	1
a-pe-a-sa	1	1
i-ta-mo	1	1
ki-nu-qa	1	1
we-ra-te-ja	1	1
we-ko-we-ka-te	1	1
a-no-zo-jo	1	1
a-ke-wo	1	1
di-qa-ra	1	1
ta-ra2	1	1
ru-si	1	1
ko-so-jo	1	1
ko-pi	1	1
a-to-me-ja	1	1
da-te-ne-ja	1	1
pa-ja-ni	1	1
du-sa-ni	1	1
ma-ku	1	1
pi-ra-ka-ra	1	1
wi-so	1	1
ke-ra-me-ja	1	1
i-du	1	1
tu-ka-to	1	1
e-ti-wa-ja	1	1
sa-ma-ti-ja	1	1
ka-na-to-po	1	1
u-jo-na	1	1
sa-mi	1	1
pu-wa	1	1
si-nu-ke	1	1
si-ne-e-ja	1	1
u-pa-ra	1	1
ru-ta2-no	1	1
ke-pu	1	1
wa-ra-ti	1	1
a-nu-wa-to	1	1
o-a-po-te	1	1
o-u-qe-po	1	1
da-mo-ko	1	1
a-re-ta-wo	1	1
i-ja-pu2-we	1	1
e-ra-pe-me-na	1	1
ke-se-ne-wi-ja	1	1
pa-we-o	1	1
nu-we-jo	1	1
no-mo	1	1
ki-ti-jo	1	1
ja-pa-ra-ro	1	1
po-ti	1	1
ra-ku	1	1
ra-te-me	1	1
sa-ma-ru	1	1
ja-ma-ta-ro	1	1
pe-to-me	1	1
pe-ki-ti	1	1
za-we	1	1
au-u-te	1	1
a-pe-i-si	1	1
o-mu-ka-ra	1	1
sa-mu	1	1
qo-ja-te	1	1
tu-wi-no-no	1	1
ja-do	1	1
mi-dwe	1	1
e-ti-wa-ja-qe	1	1
ti-ra	1	1
ka-ra-ma-to	1	1
ke-ma-ta	1	1
ko-sa-ma-to	1	1
te-ki-ri-ne-to	1	1
a-mi-ke-te-to	1	1
ne-ki-ri-si	1	1
e-ki	1	1
po-ro-i-ra	1	1
re-mo	1	1
e-pi-ki-to-ni-ja	1	1
e-ta-wo-ne-wo	1	1
e-ne-ro	1	1
e-pi-ro-pa-ja	1	1
o-du-we	1	1
ko-we-ja	1	1
a-nu-to-jo	1	1
ku-su-pa-ta	1	1
da-nwa	1	1
da-pu2-ri-to-jo	1	1
ku-do-ni-jo	1	1
ma-ri-ne-we	1	1
ta-wa-ko-to	1	1
ke-re-na	1	1
e-ne-si-da-o-ne	1	1
su-ja-to	1	1
o-re-o-po	1	1
ze-ne-si-wi-jo	1	1
ke-do-ro	1	1
di-wi-pa-ra	1	1
te-wo	1	1
ri-ni-jo	1	1
wi-jo-jo	1	1
da-ro	1	1
a-ro2	1	1
ka-a-na	1	1
ma-wo	1	1
re-o	1	1
ko-a	1	1
pi-ri-je	1	1
ma-sa-de	1	1
ti-ta-ma-i	1	1
a-sa-mi	1	1
ti-ri-ti-jo	1	1
tu-ra-te-we	1	1
wa-wi	1	1
re-ne-o	1	1
po-pu-ro2	1	1
ku-ta-mi	1	1
ni-ja-we-jo	1	1
ra-su-ti-jo	1	1
ra-ma-na	1	1
e-ne-ra	1	1
a-ze-to	1	1
a3-du-wo-na	1	1
wi-ja-na-tu	1	1
wi-tu-ri-jo	1	1
ka-ta-ni-ja	1	1
ki-to-ne	1	1
ki-nu-wa	1	1
ki-ri-te-wi-ja-i	1	1
do-ke-u	1	1
re-ta	1	1
si-re-we	1	1
we-ra-ti-ja	1	1
ki-ri-ta	1	1
ki-to-na	1	1
ki-to-pi	1	1
e-pi-ko-ru-si-jo	1	1
a-da-ra-ko	1	1
pu-ko-to	1	1
ko-ma-we-ta	1	1
pe-qo-no	1	1
ra-wo-qo-no	1	1
ko-a-ta	1	1
ku-ni-ta	1	1
o-pi-te-u-ke-we	1	1
da-i-pi-ta	1	1
wi-du-ro	1	1
qo-ja-si	1	1
di-de	1	1
qa-wo	1	1
pu2-ra-ne-jo	1	1
o-pe-ta	1	1
a-ta-ma-ta	1	1
e-ke-se	1	1
a-tu-qo-ta	1	1
sa-za-ro	1	1
ku-pe-re-te	1	1
me-ne-u	1	1
me-ta-ra-wo	1	1
a-me-ja-si	1	1
a-wo-ro	1	1
na-si-jo	1	1
me-de-i-jo	1	1
we-ro-pa-ta	1	1
e-re-ke	1	1
do-ri-jo	1	1
a-ki-wa-ta	1	1
ki-ri-ja-si	1	1
e-u-ka-ri	1	1
e-ri-ti-qi	1	1
ko-ku-ro	1	1
to-na-ta	1	1
a-so-qi-jo	1	1
wo-qo	1	1
do-qe-u	1	1
a-ki	1	1
e-i-ja-si	1	1
po-ti-jo	1	1
pi-ja-to	1	1
to-pe-si	1	1
me-de	1	1
i-za-re	1	1
a-ra-ka-jo	1	1
po-ki-te	1	1
to-wa-no	1	1
e-wi-to-wo	1	1
ma-ja-ro	1	1
ra-sa-to	1	1
sa-do-ro-jo	1	1
a-pi-ja-ko-ro-jo	1	1
mi-jo	1	1
we-ke-i-ja	1	1
ku-ta-ti-ja-qe	1	1
ke-u-po-de-ja	1	1
e-qe-ta-e	1	1
ku-te-ro	1	1
ku-ro2-jo	1	1
tu-wi-jo	1	1
ta-pa-e-o-te	1	1
a-pi-qo-i-ta	1	1
ta-na-qo	1	1
a-pa-ta-wa-jo	1	1
te-ko-to-ne	1	1
a-wa-ti-ka-ra	1	1
di-da-ka	1	1
du-wi-ja	1	1
e-ke-a	1	1
e-mi-ja-ta	1	1
ka-mu-ko-to	1	1
ke-ra-ja	1	1
ma-ke-ra	1	1
de-ro	1	1
a-ti-ka	1	1
qa-da-ro	1	1
ka-sa-no	1	1
to-ro-ki-no	1	1
wi-ri-ki-no	1	1
do-ti-jo-no	1	1
ka-pu-ro	1	1
ka-na-po-to	1	1
pi-ma	1	1
ta-u-ro	1	1
ja-sa-ro	1	1
ku-ka-da-ro	1	1
pi-di-jo	1	1
te-wa-te-u	1	1
ta-ko-ro	1	1
a-ke-re-mo	1	1
ke-ma-qe-me	1	1
me-ra	1	1
ke-nu-wa-so	1	1
a-pu-da-se-we	1	1
mi-sa-ra-jo	1	1
sa-pi-ti-ne-we-jo	1	1
e-ra-wa	1	1
me-a-de	1	1
ki-da-ro	1	1
ta-ra-qo	1	1
ta-u-pa-du-we	1	1
ra-wa-e-si-jo	1	1
no-so	1	1
a-no-qo-ta-o	1	1
da-na-mo	1	1
pu-ta-ri-ja	1	1
ma-si-jo	1	1
ma-so-qe	1	1
jo-zo	1	1
su-ma-ri-jo	1	1
ma-ki-nu-wo	1	1
jo-e-ke-to-qo	1	1
wo-na-si	1	1
we-je-we	1	1
su	1	1
pu-ta	1	1
sa-de-so	1	1
re-wa-jo	1	1
te-tu-ko-wo-a	1	1
ke-ra-a	1	1
ne-qa-sa-pi	1	1
u-do	1	1
sa-me-ti-jo	1	1
i-je-re-wi-jo	1	1
a-pi-te	1	1
de-ra	1	1
ma-te-u-pi	1	1
e-te-re-ta	1	1
po-ro-ti-ri	1	1
po-ni-ke-a	1	1
wo-ra-we-sa	1	1
e-na-ri-po-to	1	1
po-ro-su-re	1	1
o-mo-pi	1	1
e-ka-te-re-ta	1	1
we-ja	1	1
a-te-re-te-a	1	1
pe-te-re-wa	1	1
ka-ki-jo	1	1
ka-ko-de-ta	1	1
ki-da-pa	1	1
o-da-tu-we-ta	1	1
e-po-ro-jo	1	1
wo-no-qo-so-qe	1	1
to-ma-ko-qe	1	1
e-wo-ta-de	1	1
si-pe-we	1	1
e-ra-ne	1	1
o-du-ru-we	1	1
u-wo-qe-we	1	1
ku-ta-i-to	1	1
re-ri-jo	1	1
ka-ta-ra-i	1	1
ma-mi-di-zo	1	1
pi-ri-to-jo	1	1
po-ri-wo	1	1
su-ki-ri-ta-jo	1	1
ja-ru	1	1
pa-ta-ti-jo	1	1
a-du-po-to	1	1
qi-ko-we-e	1	1
qa-di-ja	1	1
po-ku-te-ro	1	1
ra-ri-di-jo	1	1
o-mi-ri-so	1	1
re-ko-no-jo	1	1
da-we-ro	1	1
pu-na-to	1	1
e-te-wa-tu-wo	1	1
i-ro-to	1	1
a-da-wa-si-jo	1	1
po-ku	1	1
su-pu-wo	1	1
do-e-ro-jo	1	1
e-te-wa-no	1	1
pa-ra-ti-jo	1	1
a-ka-wi-ja-de	1	1
re-ko-no	1	1
wi-da-ma-ro	1	1
ni-ja-so	1	1
te-ru-wo-te	1	1
to-wi-no	1	1
tu-da-ra	1	1
sa-jo	1	1
e-pe-ke	1	1
qa-ra2-ro	1	1
ma-so-mo	1	1
da-ta-ra-mo	1	1
qi-ta-ro	1	1
sa-pa-ka-te-ri-ja	1	1
po-ti-ni-ja-we	1	1
a-ko-i-da	1	1
qa-nwa-so	1	1
ta-mi-de-so	1	1
ku-mo-no	1	1
ke-u-sa	1	1
pa-za-ti	1	1
i-pe-ta	1	1
pa-de-i	1	1
ke-to-ro	1	1
we-wo-ni-jo	1	1
me-tu-ro	1	1
po-ro-i	1	1
ma-na-je-u	1	1
te-te-u	1	1
wi-pi-no-o	1	1
wo-ka-re	1	1
a-ri-ke-u	1	1
au-to-a3-ta	1	1
te-re-wa-ko	1	1
a3-wa	1	1
tu-ma-ko	1	1
ku-pe-te-jo	1	1
pu-na-so-qe	1	1
e-ri-ke-re-we	1	1
e-ke-pu-te-ri-ja	1	1
o-du-ru-wi-ja	1	1
po-to-ri-ka-ta	1	1
do-wo	1	1
de-de-me-na	1	1
e-ki-si-jo	1	1
tu-ru-pe-te	1	1
a3-ki-wa-to	1	1
si-ra	1	1
ka-ra-na-ko	1	1
a-ri-ja-wo	1	1
e-we-ki-ta	1	1
ma-ki-ro-ne	1	1
da-i-mi-so	1	1
pi-ra-ki-jo	1	1
pe-ri-jo-ta-qe	1	1
ku-da-jo-qe	1	1
e-wa-ko-ro	1	1
ki-ra-di-ja	1	1
ko-ro-we-ja	1	1
po-ro-we	1	1
wo-no-qo-so	1	1
nwa-jo	1	1
ma-ti-jo	1	1
qi-ni-te-we	1	1
wo-ro-ka-ne	1	1
e-pi-ko	1	1
ra-wa-ke	1	1
qo-jo	1	1
po-da-ko-qe	1	1
pe-ri-je-ja	1	1
pu-te-ri-ja	1	1
o-ta-re-wo	1	1
ki-ri-ko	1	1
da-i-wo-wo	1	1
to-no-qe	1	1
we-ka-ta-e	1	1
me-ri-du	1	1
pu-sa-ra	1	1
da-ma-o-te	1	1
ko-te-u	1	1
pi-sa-wa-ta	1	1
wo-si-jo-ne	1	1
te-o-po-ri-ja	1	1
ka-te-u	1	1
di-ra-qo	1	1
i-ke-se-ra	1	1
e-ki-no	1	1
a-ko-ro-qo-ro	1	1
e-ne-ke-se-u	1	1
o-ku-no	1	1
po-i-te-u	1	1
ki-mu-ko	1	1
ri-sa-ta	1	1
qa-i-po	1	1
a3-ku-pi-ti-jo	1	1
a-du-ru-po-to	1	1
te-to	1	1
ka-ta-wo	1	1
a-qi-ro	1	1
e-qa-ro	1	1
no-ta-na	1	1
ta-ra-to-no	1	1
a3-ke-ta	1	1
qi-ja-to	1	1
du-ri	1	1
sa-ma-ri-jo	1	1
da-to-ja-ro	1	1
wi-jo-ka-de	1	1
a-re-ke-se-u	1	1
a-wo-ti-jo	1	1
a-ni-ja-to	1	1
du-ta-so	1	1
a-qe-mo	1	1
e-ro-u-ta	1	1
wi-je-so	1	1
da-i-qo-ta	1	1
au-ta2	1	1
ku-ru-me-ni-jo	1	1
o-we-to	1	1
i-mi-ri-jo	1	1
du-ro	1	1
a-ke-e-to	1	1
pa-u-ro	1	1
pa-ja-so	1	1
o-ne-u	1	1
da-wi	1	1
mo-re	1	1
o-wi-ro	1	1
da-ra-mu-ro	1	1
de-a-ta	1	1
a-ze-o	1	1
sa-nu-we-ta	1	1
ka-pte	1	1
da-i-ta-ra-ro	1	1
pu-nu-so	1	1
qa-ra2-ti-jo	1	1
ko-ku	1	1
ra-wi-zo	1	1
ki-ri-ne-to	1	1
ra-o-no	1	1
me-ri-wa-ta	1	1
sa-ze-ro	1	1
qi-si-ta	1	1
wi-je-mo	1	1
se-wo-to	1	1
a-ti-ro	1	1
ka-ma-to	1	1
si-ni-to	1	1
wi-su-ro	1	1
ka-wa-ro	1	1
mo-ni-ko	1	1
sa-sa-jo	1	1
qi-zo	1	1
mi-ta-qo	1	1
ka-mo-ni-jo	1	1
ma-ra-pi-jo	1	1
qa-da-so	1	1
ru-ki-so	1	1
ra-u-ra-ta	1	1
ja-ti-ri	1	1
de-ni-mo	1	1
na-ru	1	1
wi-jo-qo-ta	1	1
ku-ke-so	1	1
su-ru-so	1	1
ku-mo-no-so	1	1
po-i-ti-jo	1	1
da-i-ze-to	1	1
su-ta-no	1	1
a-no-qo	1	1
da-na-jo	1	1
ki-mu-ku	1	1
mu-da	1	1
ku-ka-no	1	1
te-mi-ro	1	1
si-ki-to	1	1
ra-ro	1	1
ra-to-jo	1	1
ta-pe-ro	1	1
a-ri-ko	1	1
e-ra-to	1	1
qe-ri	1	1
se-me-tu-ro	1	1
e-wa-ra-jo	1	1
tu-ma-da-ro	1	1
o-to-ro-qa	1	1
pa-ra-to	1	1
ma-ta-u-ro	1	1
e-me-si-jo	1	1
mo-qo-so	1	1
mi-ni-to	1	1
ti-ri-jo-ko-so	1	1
ti-ri-ti-ja	1	1
e-u-me-ta	1	1
e-u-mo	1	1
ku-ke-to	1	1
ku-ne-u	1	1
se-do	1	1
se-u	1	1
wi-da-ka-so	1	1
su-ma-no	1	1
ri-ja-ta	1	1
ri-di-ne-to	1	1
ri-ma-zo	1	1
ja-ra-to	1	1
ke-me-u	1	1
si-jo-jo	1	1
me-ki-ti	1	1
ma-no-we	1	1
ki-ki-jo	1	1
ki-sa	1	1
ru-ma-no	1	1
wa-du-ka-sa-ro	1	1
ka-jo	1	1
ra-ne-to	1	1
a-ze-ta	1	1
a-na-ki-ti	1	1
ki-sa-nu-mo	1	1
i-ke-ke-ra	1	1
di-ki-nu-wo	1	1
di-de-ro	1	1
di-za	1	1
na-wi-ro	1	1
o-ki-ro	1	1
qi-nwa-so	1	1
ra-wa-ke-ja	1	1
a-nu-wi-ko	1	1
a-ra-da-jo	1	1
pi-ja-si-ro	1	1
po-to	1	1
si-pu2	1	1
qa-me-si-jo	1	1
mi-ja-ra-ro	1	1
pi-ri-no	1	1
qa-to-no-ro	1	1
pe-te-ki-ja	1	1
ko-ni-da-jo	1	1
i-te-u	1	1
a-ta-ze-u	1	1
a-ra-na-ro	1	1
si-ja-pu2-ro	1	1
su-ki-ri-to	1	1
ne-o-ta	1	1
a-ti-jo	1	1
sa-pi-ti-nu-wo	1	1
a-qa-to	1	1
qa-nu-wa-so	1	1
wi-ro	1	1
su-mi	1	1
i-wa-ko	1	1
a-pi-wa-to	1	1
pi-ja-se-me	1	1
su-ke-re-o	1	1
ku-to	1	1
sa-u-ri-jo	1	1
a-pi-ra-wo	1	1
wi-ra-ne-to	1	1
wa-ru-wo-qo	1	1
re-qo-me-no	1	1
a-di-nwa-ta	1	1
qi-qe-ro	1	1
wi-du	1	1
ku-ra-no	1	1
ku-pa-nu-we-to	1	1
to-ro-no-wo-ko	1	1
po-to-ri-jo	1	1
pe-we-ri-jo	1	1
i-we-ro	1	1
ne-o-to	1	1
pa-ja-ro	1	1
ki-ke-ro	1	1
i-to	1	1
wo-i-ko-de	1	1
ki-ma-ta	1	1
da-ko-so	1	1
si-za	1	1
si-ja-ma	1	1
a-ma-no	1	1
te-ro-ri-jo	1	1
pu2-to	1	1
me-ta-no-re	1	1
mi-ni-so	1	1
sa-ka-ri-jo	1	1
a-tu-qo-te-ra-to	1	1
pi-ro-i-ta	1	1
di-wa-jo	1	1
ma-no-ne	1	1
ki-si-wo	1	1
ku-ta-ti	1	1
a-mi-to-no	1	1
pi-ri-te	1	1
da-zo	1	1
o-wa-si-jo	1	1
ka-te-ri-ja	1	1
je-ne	1	1
mi-ja-ro	1	1
wa-wa-ka	1	1
ta-su	1	1
ko-re-wo	1	1
ru-sa-ma	1	1
qe-pa-ta-no	1	1
ru-nu	1	1
po-ni-ke-ja	1	1
me-na-qe	1	1
ma-ri-jo	1	1
au-a3-ta	1	1
a-ra-ko-qe	1	1
te-mi	1	1
ti-ro	1	1
ta-na-to	1	1
no-du	1	1
a-ko-we-i-ja	1	1
qe-ri-jo	1	1
pi-za-ra	1	1
u-ta	1	1
qa-ra-o	1	1
sa-so	1	1
ra-i	1	1
de-we-ra	1	1
ru-wo-i-ko	1	1
we-a	1	1
a-ra-ro-mo-te-me-no	1	1
a-u-qe	1	1
a-re-ta-to	1	1
au-ro	1	1
mi-to-we-sa-e	1	1
po-ni-ja-ja	1	1
ka-ke-ja-pi	1	1
a-ja-me	1	1
a-na-i-ta	1	1
a-na-ta	1	1
pe-qa-to	1	1
a-ro-mo-te-me-na	1	1
me-ta-ke-ku-me-na	1	1
wo-zo-me-no	1	1
o-da-ku-we-ta	1	1
a-ro2-jo	1	1
wo-zo-me-na	1	1
a-mo-te	1	1
wa-ra-wi-ta	1	1
e-ko	1	1
o-pe-te-we	1	1
ke-ra-i-ja-pi	1	1
wo-ra-e	1	1
ka-za	1	1
u-qa-mo	1	1
qe-wa-ra	1	1
ka-ma-so	1	1
ja-qo	1	1
a-na-mo-ta	1	1
ri-mi-jo	1	1
jo-a-mi-ni-so-de	1	1
ku-pe-se-ro	1	1
ne-ri-wa-to	1	1
pu-ru	1	1
e-ri-sa-ta	1	1
me-wo-ni-jo	1	1
a3-ki-si-jo	1	1
ta-u-po-no	1	1
pu-re-wa	1	1
ka-u-ja	1	1
de-u-ke-ro	1	1
a3-ki-po	1	1
pi-ri-sa-ta	1	1
se-ri-na-ta	1	1
pa-ke-ta	1	1
a-wi-to-do-to	1	1
da-so	1	1
a-na-ka	1	1
qa-ka-na-pi	1	1
e-ro-pa-ke-u	1	1
ko-ki	1	1
ra-wo-po-qo	1	1
pa-pu	1	1
ki-ri-ta-i	1	1
ka-da-i-so	1	1
ka-ra-i-no	1	1
di-pa-te	1	1
wi-pi-o	1	1
pe-ne-we-te	1	1
do-wa	1	1
a-ra	1	1
su-se	1	1
wi-ra-ne	1	1
po-ka-ro	1	1
ku-jo	1	1
ku-i-so	1	1
pi-ki-nu-wo	1	1
ta-za	1	1
a-da-ra-ro	1	1
wi-ro-jo	1	1
ru-ta2	1	1
ri-ro	1	1
nwa	1	1
u-ro2	1	1
wa-po	1	1
a-pu-do	1	1
u-ne	1	1
za-we-te	1	1
ko-ki-de-jo	1	1
to-de	1	1
su-ko-ne	1	1
wa-u-so	1	1
ku-ru-me-ne-jo	1	1
a-ka-ta-ra-te-so-de	1	1
me-ra-de	1	1
ne-wo-jo	1	1
ku-ru-ka	1	1
te-ja-ro	1	1
ka-na-po	1	1
qa-na	1	1
we-ke-se	1	1
ja-mi-nu	1	1
a-re-te-re-u	1	1
we-to-ro	1	1
ki-so	1	1
wa-te	1	1
pa-we	1	1
ko-ko	1	1
si-pa-ta-do	1	1
qo-te-jo	1	1
si-ri-pi-jo	1	1
me-na-wa-te	1	1
wa-no-qe	1	1
ka-da-i-to	1	1
ki-zo	1	1
o-ri-mo	1	1
pu-zo	1	1
pi-ja-mu-nu	1	1
ni-ta	1	1
o-sa-po-to	1	1
ka-pa-jo	1	1
ko-no-so-de	1	1
wi-du-ru-ta	1	1
sa-na-so	1	1
po-ko-me	1	1
su-po	1	1
ro-we	1	1
se-me-ni	1	1
ka-ma-jo	1	1
o-da-ra-o	1	1
po-ru-o	1	1
ma-jo	1	1
me-tu	1	1
su-ri-jo	1	1
ru-ka	1	1
je-wa	1	1
ko-pu-ra	1	1
na-ro	1	1
ra-zo	1	1
u-jo	1	1
ra-ze	1	1
no-sa-ro	1	1
a3-to	1	1
o-re-i	1	1
ke-ti-ra-wo	1	1
ka-ma-o	1	1
a-ki-ri-ja	1	1
no-qe	1	1
a-ko-ro-we-i	1	1
ko-ta-o	1	1
ti-za	1	1
ta-ja-no	1	1
u-ka	1	1
ra-je-we	1	1
te-ro	1	1
ra-qa-ra	1	1
te-nu	1	1
ru-po	1	1
e-re-pa-ta	1	1
u-su	1	1
ta-qa-ra-ti	1	1
pa-ke-we	1	1
ki-to-ni-ja	1	1
ka-na-a-po	1	1
me-ja	1	1
pi-po-to	1	1
i-wi-ro	1	1
ki-do-ro	1	1
to-ro-wa-ko	1	1
a-na-pe-we	1	1
o-ki	1	1
de-a	1	1
di-pi-ja	1	1
te-ra2	1	1
e-na-i	1	1
qa-ta2	1	1
a3-wa-ta	1	1
a-di-ri-jo	1	1
a-re-i	1	1
pa-ra-ne	1	1
a-qi-ta	1	1
di-ki-mo	1	1
ku-ko-wi-ra	1	1
re-wo	1	1
wo-tu	1	1
ku-re	1	1
a-pa-ta-wa-ja	1	1
tu-ma-i	1	1
ru-da-to	1	1
ru-wa-ni-jo	1	1
re-ki-si	1	1
me-te	1	1
po-ti-ni-ja-we-i-jo	1	1
pu-ta-ta	1	1
ta-qa-ra	1	1
a-ne	1	1
na-ni	1	1
wi-pe-wa	1	1
ku-pa	1	1
du-wo-pe	1	1
ra-ki-si	1	1
u-a	1	1
ki-si	1	1
ra-tu	1	1
nu-a	1	1
me-re-ja	1	1
te-ta	1	1
nwa-re	1	1
u-te	1	1
to-te	1	1
si-ni-ja	1	1
e-ta	1	1
pi-ra2-mo	1	1
pi-ja	1	1
re-si-jo	1	1
ra-ri-jo	1	1
ka-ri-pi-jo	1	1
ta-wo	1	1
we-wa-ta	1	1
i-ta	1	1
ke-nu	1	1
re-wa	1	1
pte	1	1
no-da	1	1
to-ra	1	1
o-pi-ko-ru-si-ja	1	1
su-ra	1	1
ra-wi	1	1
ku-we-jo	1	1
e-pi-ke-to	1	1
do-ri	1	1
ja-na-ti	1	1
se-te-jo	1	1
su-ti-jo	1	1
ka-ta2	1	1
ku-ku-mo	1	1
me-ri-wo	1	1
si-ki-ro	1	1
te-re-u	1	1
ko-pu	1	1
e-te-wa-o	1	1
e-wo	1	1
ka-de	1	1
no-ro	1	1
qe-u	1	1
ki-ri-ta-de	1	1
ke-ni-qa	1	1
a-sa-mi-to	1	1
na-ki-zo	1	1
pa-wo	1	1
pe-ro	1	1
e-u-ko	1	1
ka-re	1	1
wa-ko	1	1
we-si-jo-jo	1	1
wa-jo	1	1
se-to	1	1
ku-wa-ta	1	1
ni-mo	1	1
te-ja	1	1
ri-wa	1	1
e-wa	1	1
ka-di-ja	1	1
di-jo	1	1
we-e	1	1
e-se	1	1
pu-ko	1	1
pa-na	1	1
wa-no	1	1
e-wi-ri-pi-ja	1	1
ze-pu2-ra3	1	1
ki-ma-ra	1	1
e-pi-ko-o	1	1
e-pi-jo-ta-na	1	1
no-ri-wo-ko	1	1
o-ti-ri-ja	1	1
ku-te-ra3	1	1
ki-si-wi-ja	1	1
pi-we-re	1	1
ra-mi-ni-ja	1	1
o-nu-ke-ja	1	1
a-pu-ko-wo-ko	1	1
ra-qi-ti-ra2	1	1
mi-ra-ti-ra	1	1
o-ti-ra2	1	1
ra-pi-ti-ra2	1	1
me-ki-to-ki-ri-ta	1	1
pe-ki-ti-ra2	1	1
me-re-ti-ra2	1	1
pe-ti-ni-jo	1	1
te-mi-ti-jo	1	1
we-we-si-je-ja-o	1	1
ne-we-wi-ja-o	1	1
a-ra-te-ja-o	1	1
o-ti-ra2-o	1	1
ra-u-ra-ti-jo	1	1
ze-pu2-ra-o	1	1
ra-qi-ti-ra2-o	1	1
ki-ma-ra-o	1	1
no-ri-wo-ko-jo	1	1
ka-ru-ti-je-ja-o-qe	1	1
e-pi-ko-e	1	1
a-ra-ka-te-ja-o	1	1
ka-pa-ra2-do	1	1
ko-ro-ki-ja-o	1	1
ki-ni-di-ja-o	1	1
a-pu-ne-we	1	1
e-re-ta-o	1	1
ti-nwa-ti-ja-o	1	1
i-te-ja-o	1	1
ka-wo-ta-ra	1	1
e-ke-ro-qo-no-qe	1	1
pa-wo-ko-qe	1	1
pe-ki-ti-ra2-o	1	1
qe-ro-me-no	1	1
ko-ri-to	1	1
te-pe-ja-o	1	1
ku-so-no	1	1
ma-ta-wo	1	1
a-ti-ri-ja	1	1
ko-ro-ja-ta	1	1
ka-ra-wi-po-ro-jo	1	1
o-ro-me-no	1	1
ta-ra-ma-o	1	1
wi-ja-da-ra	1	1
su-ra-te	1	1
i-je-ro-jo	1	1
ku-ru-so-jo	1	1
ko-to-ne-we	1	1
pe-re-u-ro-na-de	1	1
e-ta-je-u	1	1
wi-do-wo-i-jo	1	1
to-ro-wi-ka	1	1
po-ru-to	1	1
o-tu	1	1
sa-ni-jo	1	1
a-se-e	1	1
te-re-ne-we	1	1
i-na-ne	1	1
e-pi-ja-ta	1	1
e-re-u-ta	1	1
a-ma-to-wo	1	1
sa-ri	1	1
pi-wa-to	1	1
de-me-o-te	1	1
me-te-to-de	1	1
sa-ma-ra-de	1	1
a-ta-ro	1	1
o-za-mi	1	1
me-ri-da-ma-te	1	1
po-ru-da-ma-te	1	1
e-ni-ja-u-si-jo	1	1
a-ta	1	1
ke-re-te	1	1
ti-ki-jo	1	1
a-ta-ro-we	1	1
pu-ro-jo	1	1
ri-na-ko-ro	1	1
ka-nu-ta-jo	1	1
a-so-na	1	1
ka-ke-u-si	1	1
we-ro-ta	1	1
pe-re-ku-ta	1	1
ki-jo-qe-u	1	1
mi-to-no	1	1
da-ka-sa-na-ta	1	1
ma-ta-i	1	1
ta-ra-ke-wi	1	1
a-no-ke-wa	1	1
ko-ro-su-ka	1	1
a-ta-wo	1	1
me-to-qe-u	1	1
ki-du-ro	1	1
qa-ra2	1	1
a-ro-po	1	1
pi-ri-je-te-re	1	1
a-de-te-re	1	1
ke-ra-me-we	1	1
re-ka-ta-ne	1	1
wa-a2-te-we	1	1
a-nu-wa	1	1
ku-ru-so-wo-ko	1	1
to-ko-so-wo-ko	1	1
so-ro-pe-o	1	1
ka-ro-ke-e	1	1
ra-ni-jo-ne	1	1
ka-si-da	1	1
ko-ri-si-jo	1	1
ta-te-re	1	1
o-pe-re-ta	1	1
a-ke-ti-jo	1	1
do-ro-me-u	1	1
te-wa-ko-no	1	1
mi-ko-no	1	1
ta-nu-ko	1	1
to-ke-u	1	1
da-na-ko	1	1
re-a-mo	1	1
se-wo-te	1	1
ke-tu-wo-e	1	1
a3-nu-me-no	1	1
a2-e-ta	1	1
a-ra-i-jo	1	1
wa-ne-u	1	1
ke-ro-si	1	1
a-pi-qo-ta-o	1	1
si-to-ko-wo	1	1
u-pa-ra-ki-ri-ja	1	1
ki-ri-se-we	1	1
we-re-ka-ra-ta	1	1
ka-wa-ti-ro	1	1
wi-ri-wo	1	1
te-pe-u	1	1
a-wa-ta	1	1
ke-ra-ti-jo-jo	1	1
na-so	1	1
wa-ni-jo	1	1
qe-re	1	1
tu-si-jo	1	1
to-ro-o	1	1
ka-da-si-jo	1	1
zo-wo	1	1
ki-ri-ja-i-jo	1	1
wa-tu-wa-o-ko	1	1
a2-ra-tu-wa	1	1
ke-wo-no-jo	1	1
tu-si-je-u	1	1
a2-te-po	1	1
o-ru-ma-si-ja-jo	1	1
ro-u-ko	1	1
e-qe-ta-i	1	1
e-e-to	1	1
te-re-te-we	1	1
e-wi-ri-po	1	1
po-si-ke-te-re	1	1
wi-nu-ri-jo	1	1
ma-ra-ne-nu-we	1	1
e-ke-ra2-wo-no	1	1
ko-ni-jo	1	1
me-ta-ki-ti-ta	1	1
we-re-ka-ra	1	1
a-wa-si-ja	1	1
a3-ki	1	1
o-pi-ke-ri-jo	1	1
e-po-wi-ja	1	1
o-me	1	1
wa-ra-ki-no	1	1
ko-sa-ma-ne	1	1
ku-ru-me-no-jo	1	1
wo-ne-wa	1	1
me-ta-pi-jo	1	1
u-pi-ja-ki-ri-jo	1	1
e-te-wo-ke-re-we	1	1
ta-ti-qo-we-wo	1	1
to-wa	1	1
de-u-ka-ri-jo	1	1
ra-pe-do	1	1
do-qo-ro	1	1
pe-ri-ra-wo	1	1
e-no-wa-ro	1	1
pe-di-je-we	1	1
wa-wo-u-de	1	1
wa-pa-ro-jo	1	1
a2-di-je-u	1	1
a-ki-wo-ni-jo	1	1
wa-ka-ti-ja-ta	1	1
sa-pi-da	1	1
pe-re-qo-ni-jo	1	1
wo-wi-ja	1	1
di-wi-je-u	1	1
du-wo-jo-jo	1	1
a2-ku-ni-jo	1	1
pe-ri-me-de	1	1
po-ra-i	1	1
u-wa-si	1	1
pe-re-u-ro-ni-jo	1	1
o-u-ru-to	1	1
o-pi-a2-ra	1	1
e-pi-ko-wo	1	1
ma-re-wo	1	1
a-pe-ri-ta-wo	1	1
o-re-ta	1	1
ko-ki-jo	1	1
su-we-ro-wi-jo	1	1
o-wi-ti-ni-jo	1	1
ne-da-wa-ta-o	1	1
a-pi-je-ta	1	1
ta-ni-ko	1	1
a2-ru-wo-te	1	1
a3-ta-re-u-si	1	1
e-ra-po	1	1
ri-me-ne	1	1
ke-ki-de-qe	1	1
e-o-te-u	1	1
e-se-re-a2	1	1
a-ke-wa-to	1	1
a2-ka-a2-ki-ri-jo	1	1
ne-do-wo-ta-de	1	1
a-ri-qo	1	1
ra-wa-ra-ta	1	1
e-pa-re	1	1
a-re-sa-ni-e	1	1
o-pi-ke-ri-jo-de	1	1
o-pe-ro-ta	1	1
e-ke-ra2-wo-ne	1	1
a2-ri-e	1	1
ta-ti-qo-we-u	1	1
ki-e-u	1	1
a-ri-ja-to	1	1
o-ro-ti-jo	1	1
di-qo	1	1
e-nwa-ri-jo	1	1
qo-te	1	1
ru-ki-ja	1	1
a-ko-wo	1	1
ma-ra-ti-sa	1	1
e-so	1	1
ko-re-te-ri-jo	1	1
ro-ro-ni-ja	1	1
a2-ki-ja	1	1
i-qe-ja	1	1
o-pi-e-de-i	1	1
re-u-si-wo-qe	1	1
ta-ni-ko-qe	1	1
e-we-za-no	1	1
re-si-wo	1	1
a-qi-ja-i	1	1
a-mo-si	1	1
ki-u-ro-i	1	1
po-qe-wi-ja-i	1	1
do-ka-ma-i	1	1
pe-ri-mo	1	1
pe-ri-me-de-o	1	1
po-so-ri-jo-no	1	1
te-ra-ni-ja	1	1
e-qe-o	1	1
e-ta-wo-ne-u	1	1
a-qi-zo-we	1	1
e-te-wo-ke-re-we-i-jo	1	1
me-wi	1	1
ki-e-wo	1	1
a-na-ke-e	1	1
da-i-ja-ke-re-u	1	1
e-ke-jo-to	1	1
a-ko-to-no	1	1
ka-re-u	1	1
e-ko-me-na-ta-o	1	1
me-ta	1	1
a-pu-ka	1	1
qo-te-wo	1	1
a-ke-re	1	1
ka-ra-su-no	1	1
jo-i-je-si	1	1
qo-o	1	1
a2-ra-tu-a	1	1
i-wa-si-jo-ta	1	1
o-ru-ma-to	1	1
a2-ka-a2-ki-ri-ja-jo	1	1
u-ru-pi-ja-jo-jo	1	1
qe-re-me-ti-re	1	1
ta-to	1	1
ti-ri-jo	1	1
tu-ti-je-u	1	1
e-ri-to-ti-no	1	1
ne-me-ta-wo	1	1
wo-tu-wa-ne	1	1
e-ke-si-jo	1	1
ma-ta	1	1
ke-ro-we	1	1
si-jo-wo-te	1	1
o-qe	1	1
e-ra-se	1	1
ne-ti-ja-no-re	1	1
po-so-pe-re-i	1	1
po-ru-qo-ta	1	1
ma-te-we	1	1
ro-ko	1	1
ka-da-ro	1	1
tu-ri-ta	1	1
re-pe-u-ri-jo	1	1
e-wi-te-we	1	1
ko-so-ne	1	1
e-ko-to-ri-jo	1	1
de-mo-qe	1	1
do-ro-jo-jo	1	1
o-qe-qa	1	1
pa-na-pi	1	1
e-ne-ti-jo	1	1
ka-ra-wa-ni-ta	1	1
po-ma-ko	1	1
pi-me-ta	1	1
ne-ri-to	1	1
po-ro-u-te-we	1	1
ra-pa-sa-ko	1	1
po-ke-we	1	1
a-ri-wo-ne	1	1
a-we-ke-se-we	1	1
a-ta-ma-ne-we	1	1
do-qo-no	1	1
wo-ki-to	1	1
me-te-we	1	1
o-ki-ri-so	1	1
ko-ru-ta-ta	1	1
i-sa-na-o-ti	1	1
ra-ke-u	1	1
re-ta-mo	1	1
wa-da-ko	1	1
si-no-u-ro	1	1
o-ki-ra	1	1
o-ti-na-wo	1	1
a-pa-re-u-pi	1	1
ke-se-nu-wo	1	1
au-to-a2-ta	1	1
ko-wa-to	1	1
da-to-re-u	1	1
wo-ki-ro	1	1
ke-zo	1	1
po-ri-ko	1	1
pu-za-ko	1	1
we-u-da-ne-we	1	1
a-ko-ro-we-e	1	1
a-mi-nu-wa-ta	1	1
o-ko	1	1
e-qa	1	1
e-wi-te-u	1	1
a-ke-re-u	1	1
wo-to	1	1
ka-pe-se-wa-o	1	1
no-wo	1	1
re-ro	1	1
pe-se-to	1	1
o-pe-qa	1	1
ne-de-we-e	1	1
u-de-wi-ne	1	1
ma-to-ro-pu-ro	1	1
i-pi	1	1
a2-ne-u-te	1	1
ru-we-ta	1	1
ke-ro-u-te-u	1	1
mi-ka-ri-jo	1	1
ka-wi-ta	1	1
o-pe-se-to	1	1
a-no-ze-we	1	1
jo-a-se-so-si	1	1
si-a2-ro	1	1
e-ra-te-i	1	1
a-ko-te-u	1	1
ku-ka-ra-so	1	1
pu-ma-ra-ko	1	1
qe-re-wa-o	1	1
to-ro-wi-ko	1	1
ke-ro-wo-jo	1	1
o-ka-ri-jo	1	1
a-ta-ma-ne-u	1	1
qi-ri-ta-ko	1	1
po-ro-qa-ta-jo	1	1
to-ru-ko-ro	1	1
ta-ta-ke-u	1	1
tu-ro	1	1
to-si-ta	1	1
me-ta-no	1	1
a-so-ta-o	1	1
e-te-we	1	1
e-do-mo-ne-we	1	1
ni-pi	1	1
wa-e-ro	1	1
o-pi-ra-i-ja	1	1
te-re-do	1	1
na-ma-ru-ko	1	1
ke-ra-me-u	1	1
da-u-da-ro	1	1
pe-re-ke-u	1	1
mu-ti-ri-ko	1	1
a2-ra-ka-wo	1	1
ke-re-ta-o	1	1
a-sa-ma-o	1	1
mo-ri-wo	1	1
ma-ni-ko	1	1
ne-wi	1	1
a3-se-we	1	1
ne-se-e-we	1	1
na-pe-re-wa	1	1
na-wo	1	1
wi-ri-ja-no	1	1
ka-ra-do-wa-ta	1	1
i-qo-jo	1	1
di-wo-nu-so-jo	1	1
wa-tu-o-ko	1	1
ra-i-ka	1	1
u-me-ta-qe	1	1
e-ke-na-to	1	1
te-i-jo	1	1
e-ri-qi-jo	1	1
sa-ke-re-wo	1	1
i-je-re-wo	1	1
o-ko-me-ne-u	1	1
qo-u-ko-ro-jo	1	1
po-me-no	1	1
ku-ru-no-jo	1	1
ra-wo-do-ko	1	1
da-mi-jo	1	1
a-no-qa-si-ja	1	1
ka-ra-pi	1	1
di-ra-po-ro	1	1
o-to	1	1
i-ma-di-ja	1	1
su-qo-ta	1	1
ru-ko-ro-jo	1	1
ko-to-na-no-no	1	1
de-u	1	1
du-wo-u-pi-de	1	1
au-to-jo	1	1
ko-to-no-ko	1	1
ko-to-no-o-ko-de	1	1
o-pe-ro-sa-de	1	1
wo-zo-e	1	1
o-wo-ze	1	1
mu-to-wo-ti	1	1
pi-ke-re-u	1	1
do-e	1	1
ke-me-na	1	1
sa-sa-wo	1	1
to-e	1	1
te-ra-pi-ke	1	1
mu-ti	1	1
wo-zo	1	1
qe-ri-ta	1	1
e-ni-to-wo	1	1
e-qe-ta-qe	1	1
we-te-re-u-qe	1	1
ko-to-ne-ta	1	1
e-ke-si	1	1
ti-qa-jo-jo	1	1
ki-ti-me	1	1
pi-ri-ta-wo-no	1	1
pa-ki-ja-ni-ja	1	1
da-ma-te	1	1
e-ne-e-si	1	1
a-ma-ru-ta-o	1	1
so-u-ro	1	1
o-to-te-re	1	1
te-o-na	1	1
a-ka-ta-jo-jo	1	1
ka-na-pe-wo	1	1
ko-to-no	1	1
a-da-ma-jo	1	1
ke-ra-me-wo	1	1
pe-re-qo-ta-o	1	1
pa-da-je-wo	1	1
re-ka	1	1
mu-ti-ri	1	1
ka-wa-do-ro	1	1
pi-ro-na	1	1
e-ri-qi-ja	1	1
i-na	1	1
me-re-u	1	1
o-pe-ro-qe	1	1
i-je-ro-wo-ko	1	1
to-me	1	1
si-ri-jo	1	1
ra-ke	1	1
pa-de-we-u	1	1
we-ra-jo	1	1
ko-pi-na	1	1
o-pe-to-re-u	1	1
da-mo-de-mi	1	1
pa-si	1	1
o-pe-ro-sa	1	1
wo-ze-e	1	1
o-u-wo-ze	1	1
to-ro-ja	1	1
o-re-a2	1	1
pu-ko-wo	1	1
a-de-te	1	1
a-ta-wo-ne-jo	1	1
po-ro-te-u	1	1
re-pi-ri-jo	1	1
a-de-me-we	1	1
i-ja-te	1	1
to-ro-qe-jo-me-no	1	1
a-ro-u-ra	1	1
a2-ri-sa	1	1
e-ri-no-wo-to	1	1
ko-tu-wo	1	1
po-ti-ni-ja-we-jo-jo	1	1
o-te-pe-o-jo	1	1
te-re-ta-o	1	1
e-re-mo	1	1
ke-ra2	1	1
ti-me-no	1	1
sa-ra-pe-do	1	1
pu2-te-me-no	1	1
we-je	1	1
ko-pe-re-wo	1	1
a-re-ku-tu-ru-wo-no	1	1
ki-ri-ti-jo-jo	1	1
a-te-mi-to	1	1
wo-ro-ti-ja-o	1	1
ru-ko-wo-ro	1	1
pi-ro-te-ko-to	1	1
po-se-da-o	1	1
wo-ro-ti-ja	1	1
pi-ri-e-te-re	1	1
pa-te-ko-to	1	1
o-pi-me-ne	1	1
pi-ri-e-te-si	1	1
ta-re-wa	1	1
tu-wa-si	1	1
a-ta-no-ro	1	1
me-za-ne	1	1
me-ri-du-te	1	1
po-ro-du-ma-te	1	1
i-za-a-to-mo-i	1	1
a3-pu-ke-ne-ja	1	1
a-ki-re-we	1	1
ti-ni-ja-ta	1	1
to-sa-no	1	1
ne-e-ra-wo	1	1
a-e-se-wa	1	1
ka-ra-so-mo	1	1
wa-di-re-we	1	1
i-po-po-qo-i-qe	1	1
te-ra-wo-ne	1	1
to-wa-no-re	1	1
e-to-wo-ko-i	1	1
a-pi-te-ja	1	1
po-si-da-i-jo-de	1	1
de-do-wa-re-we	1	1
u-po-jo-po-ti-ni-ja	1	1
o-pi-tu-ra-jo	1	1
a-ma-tu-na	1	1
te-qi-ri-jo-ne	1	1
u-do-no-o-i	1	1
po-te-re-we	1	1
i-so-e-ko	1	1
po-si-da-i-je-u-si	1	1
a-ro-ja	1	1
e-ti-me-de-i	1	1
mo-ke-re-we-i	1	1
a-ka-ma-jo	1	1
ke-we	1	1
de-ra-wo	1	1
ne-qa-sa-ta	1	1
i-ja-me-i	1	1
pa-ra-ke-se-we	1	1
pi-ja-ma-so	1	1
wo-ni	1	1
re-wa-o	1	1
po-no-qa-ta	1	1
ke-ro-u-te	1	1
o-qa-wo-ni	1	1
te-pi-ja-qe	1	1
to-qi-da-so	1	1
ke-me-ri-jo	1	1
i-qe	1	1
do-ri-je-we	1	1
mi-ka	1	1
pa-u-ta	1	1
re-ke-to-ro-te-ri-jo	1	1
a-pe-do-ke	1	1
e-u-me-de-i	1	1
i-pe-se-wa	1	1
a-e-ti-to	1	1
me-tu-wo	1	1
ma-te-re	1	1
ku-pa-ro-we	1	1
a-pi-qo-ro-i	1	1
a-si-wi-ja	1	1
wa-na-se-wi-jo	1	1
sa-pe-ra	1	1
pa-ki-ja-ni-jo-i	1	1
re-ke-e-to-ro-te-ri-jo	1	1
di-pi-si-je-wi-jo	1	1
wa-no-so-i	1	1
to-no-e-ke-te-ri-jo	1	1
ti-no-de	1	1
wo-do-we-qe	1	1
pa-ki-ja-ni-jo-jo	1	1
we-a2-no-i	1	1
di-wi-jo-de	1	1
ke-se-ni-wi-jo	1	1
wa-na	1	1
pa-ki-ja-ni-jo	1	1
di-pi-si-jo	1	1
me-ki-to-de	1	1
nu-wi-jo	1	1
e-qo-me-ne	1	1
ka-ra-te-mi-de	1	1
o-ro-ke-we	1	1
ki-jo-ne-u-si	1	1
da-ka-ja-pi	1	1
pi-ke-te-i	1	1
i-ka-sa-ja	1	1
to-so-pa	1	1
ka-ra-wi-so	1	1
qe-ta-wo	1	1
ta-mi-je-u	1	1
e-u-ru-wo-ta	1	1
e-u-do-no	1	1
wi-du-wa-ko	1	1
ke-we-to	1	1
pe-ta-ro	1	1
ke-we-to-jo	1	1
i-wa-ka-o	1	1
pa-qo-si-jo-jo	1	1
po-ro-u-te-wo	1	1
tu-ke-ne-u	1	1
o-re-mo-a-ke-re-u	1	1
a-mo-ta-jo	1	1
e-ki-wo	1	1
ka-ka-po	1	1
wi-tu-ta	1	1
ka-ra-wi-ko	1	1
pi-we-ri-ja-ta	1	1
wa-u-do-no	1	1
pi-ta-ke-u	1	1
e-pi-da-to	1	1
pa-pa-jo	1	1
pi-ro-we-ko	1	1
a2-nu-me-no	1	1
ko-so-u-to	1	1
ke-ro	1	1
de-ko-to-jo	1	1
re-u-ko-ro-o-pu2-ru	1	1
a3-ta-ro	1	1
wi-du-wo-i-jo	1	1
a-me-no	1	1
pa-pu-so	1	1
na-wa-to	1	1
a-na-te-u	1	1
a-pe-ke-i-jo	1	1
wi-ja-ni-jo	1	1
ma-na-si-we-ko	1	1
ma-wa-si-jo	1	1
i-ta-ra-jo	1	1
wi-ja-te-wo	1	1
no-e-u	1	1
e-pe-ke-u	1	1
pu-te-u	1	1
ko-ne-wa-ta	1	1
qe-to-ro-no	1	1
a-pe-ke-e	1	1
ko-za-ro	1	1
a-ke-wa-ta	1	1
ko-ta-wo	1	1
da-u-ta-ro	1	1
du-ko-so	1	1
e-u-wa-ko-ro	1	1
wa-ti-ro	1	1
to-sa-no-jo	1	1
a-mu-ta-wo-no	1	1
ko-ro-tu-no	1	1
ra-wo-ke-ta	1	1
o-qa	1	1
po-to-re-ma-ta	1	1
wa-pa-no	1	1
mo-da	1	1
i-pe-ra-ta	1	1
to-ri-jo	1	1
pu-ra-ta	1	1
wi-ti-mi-jo	1	1
pe-re-qo-no-jo	1	1
a3-ki-e-wo	1	1
mi-ka-ri-jo-jo	1	1
pu-ra-ta-o	1	1
e-ni-pa-te-we	1	1
ma-ka-wo	1	1
pi-ro-ne-ta	1	1
wa-ka-ta	1	1
po-ru-e-ro	1	1
po-ti-na-jo	1	1
e-u-wa-re	1	1
o-ke-te-u	1	1
a-me-to	1	1
ta-re-u	1	1
tu-ri-jo	1	1
ta-na-wo	1	1
a-no-me-de	1	1
qi-si-ja-ko	1	1
ka-ri-si-jo	1	1
ko-a2-ta	1	1
ko-do-ro	1	1
te-pe	1	1
e-ka-no	1	1
pe-re-qo-no	1	1
ma-ka-ta	1	1
wi-jo-ro-jo	1	1
wa-tu-ta	1	1
o-wo-ta	1	1
o-ru-we-ro	1	1
ko-ma-do-ro	1	1
po-so-ra-ko	1	1
wa-ti-ko-ro	1	1
e-ru-ta-jo	1	1
e-u-ko-me-no	1	1
di-nu-wa-ta	1	1
wa-du-ri-jo	1	1
o-wi-da	1	1
pa-ra-ke-te-e-we	1	1
ro-wo	1	1
ma-ra-ta	1	1
a-no-ta	1	1
si-ra-ta	1	1
ra-wo-qo-ta	1	1
e-u-we-to	1	1
e-ke-i-ja-ta	1	1
wo-wa-ro	1	1
du-wo-jo	1	1
di-ra-wo-no	1	1
e-u-we-to-ro	1	1
jo-do-so-si	1	1
du-ma-te-qe	1	1
po-ro-ko-re-te-re-qe	1	1
o-pi-su-ko-qe	1	1
na-wi-jo	1	1
pa-ta-jo-i-qe	1	1
e-ke-si-qe	1	1
a3-ka-sa-ma	1	1
e-re-i	1	1
a-ke-te-re	1	1
si-mu-ta	1	1
ra-u-ta	1	1
ma-ri-ta	1	1
pi-ro-ka-te	1	1
me-ra-to	1	1
a-ri-qa	1	1
si-pa-ta-no	1	1
pu-wa-ne	1	1
pu-ke-se-ro	1	1
re-qo-we	1	1
qe-ta-ra-je-u	1	1
du-re-u	1	1
a-pa-je-u	1	1
pa-pa-ra-ko	1	1
ma-ta-ko	1	1
ku-ke-re-u	1	1
wa-ra-ko-no	1	1
qe-re-me-ne-u	1	1
o-pi-ko-wo	1	1
o-pi-su-ko	1	1
qa-te	1	1
ke-ro-te	1	1
we-ke-i-jo	1	1
ke-da-si	1	1
e-pa-ta	1	1
e-pi-ta-jo	1	1
ne-da-wa-ta	1	1
a-pu2-ja	1	1
qo-wo	1	1
e-ra-te-re-wa-o	1	1
po-so-ri-jo	1	1
a-ro-te	1	1
wa-na-ka-to	1	1
pte-we	1	1
pa-ko-wa	1	1
a-ro-ta	1	1
te-ro-a	1	1
a-ro	1	1
pi-ku-e-wi	1	1
pa-wo-ko	1	1
ti-nwa-ti	1	1
mo-ro-ko-wo-wo-pi	1	1
i-na-ma-ta	1	1
do-si-mi-ja	1	1
pe-ru-si-nu	1	1
pe-ra3-qo	1	1
e-ra-te-re-we	1	1
a2-te-ro	1	1
di-do-si	1	1
a-ne-ta-de	1	1
ma-ra-ne-ni-jo	1	1
ke-do-jo-no	1	1
di-wi-jo	1	1
na-me	1	1
a3-ki-po-de	1	1
ka-te	1	1
u-ma	1	1
se-we	1	1
ja-ke-te-re	1	1
me-wi-te-jo	1	1
a-sa-ti-ja	1	1
ko-ro-jo-wo-wi-ja	1	1
e-pi-qo-ra2	1	1
a2-te-we	1	1
ma-ne	1	1
qe-re-me	1	1
ma-ra-ne	1	1
ro-u-si	1	1
o-no-ka-ra	1	1
ma-to-pu-ro	1	1
da-nu-wa-a-ri	1	1
ze-i-ja-ka-ra-na	1	1
e-we-da-si	1	1
u-po-di-jo-no	1	1
e-ri-no-wo	1	1
sa-ma-ri-wa	1	1
ke-u-po-da	1	1
ro-si-ja	1	1
e-u-ta-re-wo	1	1
ma-ra-te-we	1	1
a-pa-ri-ka-na-we-ja	1	1
ta-mi-ta-na	1	1
ku-na-ke-ta-i	1	1
e-re-e-wo	1	1
qo-pi-ja	1	1
na-ka	1	1
do-ro-qo	1	1
so-wo-te	1	1
ke-ke-me-no-jo	1	1
wa-te-u	1	1
wo-no-qe-wa	1	1
to-ro-wa-so	1	1
re-u-te-ra	1	1
pu2-ra2-a-ki-ri-jo	1	1
e-ko-so-no	1	1
po-ru-ko-ro-te-wi-jo	1	1
pa-ri-so	1	1
ki-ti-je-si	1	1
a-sa-pi	1	1
ra-i-pi	1	1
te-se-e	1	1
a3-wi-jo	1	1
ki-ti-to	1	1
qe-re-me-e	1	1
ke-re-ti-wo	1	1
a-pa-ta	1	1
ke-re-te-u-ti-no	1	1
ke-po-da	1	1
me-ka-o	1	1
wa-re-u-ka-ra	1	1
ke-i-jo	1	1
e-ro2-ne	1	1
a-o-ze-jo	1	1
e-wi-ku-wo-te	1	1
me-sa-po	1	1
qo-ro-mu-ro	1	1
a2-ki-ra	1	1
ri-sa-pi	1	1
e-ke-de-mi	1	1
a2-ku-mi-jo	1	1
pa-ka-a-ka-ri	1	1
a2-ke-wo-a-ki-ri	1	1
no-ka-ra-o-re	1	1
ri-so-we-ja	1	1
a-pi-ke-ne-a	1	1
pi-ka-na	1	1
ru-ke-wo-wo-wi-ja	1	1
de-we-ro-a3-ko-ra-i-ja	1	1
o-o-pe-ro-si	1	1
u-ka-jo	1	1
pu2-ra2-a-ke-re-u	1	1
ke-i-ja-ka-ra-na	1	1
di-wi-ja-ta	1	1
ko-ri	1	1
u-re	1	1
e-re-e-u	1	1
a-ro-je-u	1	1
e-re-u-te	1	1
e-re-u	1	1
e-ra-te-i-jo	1	1
du-ma-ti	1	1
o-de-qa-a2	1	1
pe-ra-a-ko-ra-i-jo	1	1
ra-u-ra-ti-ja	1	1
te-mi-ti-ja	1	1
re-u-ka-so	1	1
pe-ra-ko-ra-i-ja	1	1
a-pi-ka-ra-do-jo	1	1
o-de-ka-sa-to	1	1
si-ma-ko	1	1
ru-ko	1	1
ka-wa-ra	1	1
se-ri-no-wo	1	1
po-qa-te-u	1	1
a-o-ri-me-ne	1	1
e-da-e-u	1	1
po-ti-ni-ja-wi-jo	1	1
ki-nu-ra	1	1
ke-i-ja	1	1
a-te-ra-wo	1	1
wo-ro-qo-ta	1	1
te-ra-u-re-o	1	1
a-ku-ro	1	1
ke-ro-ke-re-we-o	1	1
ku-pa-ri-se-ja	1	1
te-tu-ko-wo-a2	1	1
se-we-ri-ko-jo	1	1
tu-ri-si-jo-jo	1	1
e-ke-i-jo-jo	1	1
a-sa-ma-to	1	1
wo-ro-ko-jo	1	1
wa-de-o	1	1
a-pa-si-jo-jo	1	1
pe-qe-ro-jo	1	1
e-te-wa-jo-jo	1	1
mo-qo-so-jo	1	1
ta-na-wa	1	1
no-pe-re-e	1	1
po-ru-we-wo	1	1
a-te-wo-jo	1	1
ke-ra-e	1	1
e-ti-ra-wo-jo	1	1
a-re-to-to	1	1
te-mi-de-we-te	1	1
e-pi-wo-qa-ta-o	1	1
to-ra-ke	1	1
wo-ke	1	1
ke-re-a2	1	1
ti-ri-po-de	1	1
a3-ke-u	1	1
po-de	1	1
o-wo-we	1	1
qe-to	1	1
di-pa-e	1	1
ti-ri-o-we-e	1	1
ti-ri-jo-we	1	1
a-no-we	1	1
we-a-re-ja	1	1
ku-wa-no-qe	1	1
me-no-e-ja	1	1
qe-qi-no-to	1	1
ko-ru-pi-qe	1	1
pe-za	1	1
po-pi	1	1
e-ka-ma-te-qe	1	1
qe-qi-no-to-qe	1	1
ku-te-ta-jo	1	1
ku-ru-sa-pi	1	1
o-ni-ti-ja-pi	1	1
ta-ra-nu-qe	1	1
se-re-mo-ka-ra-o-re	1	1
a-di-ri-ja-te-qe	1	1
po-ti-pi-qe	1	1
ku-te-so	1	1
se-re-mo-ka-ra-a-pi	1	1
a-di-ri-ja-pi-qe	1	1
re-wo-pi-qe	1	1
pi-je-ra3	1	1
to-qi-de-ja	1	1
pa-ko-to	1	1
a-pe-te-me-ne	1	1
po-ro-e-ke-te-ri-ja	1	1
ko-te-ri-ja	1	1
au-te	1	1
pu-ra-u-to-ro	1	1
qa-ra-to-ro	1	1
i-to-we-sa	1	1
so-we-ne-ja	1	1
o-pi-ke-wi-ri-je-u	1	1
pu2-ke-qi-ri	1	1
te-ke	1	1
a-mo-te-wi-ja	1	1
ko-ro-no-we-sa	1	1
ku-na-ja	1	1
to-qi-de-we-sa	1	1
e-re-pa-te-jo-qe	1	1
pi-ti-ro2-we-sa	1	1
we-pe-za	1	1
we-a2-re-jo	1	1
se-re-mo-ka-ra-o-re-qe	1	1
ku-wa-ni-jo-qe	1	1
ku-ru-sa-pi-qe	1	1
to-pe-zo	1	1
mi-ra2	1	1
pu-ko-so	1	1
e-ne-wo-pe-zo	1	1
to-qi-de-jo	1	1
pa-ra-ku-we	1	1
pa-sa-ro	1	1
to-ni-jo	1	1
qi-si-pe-e	1	1
ka-ru-we-qe	1	1
a-to-ro-qo	1	1
i-qo-qe	1	1
po-ru-po-de-qe	1	1
po-ni-ke-qe	1	1
ka-ra-a-pi	1	1
re-wo-te-jo	1	1
po-ro-wi-to-jo	1	1
ma-na-sa	1	1
po-si-da-e-ja	1	1
ti-ri-se-ro-e	1	1
do-po-ta	1	1
po-si-da-i-jo	1	1
a-ke-qe	1	1
qo-wi-ja	1	1
i-pe-me-de-ja-qe	1	1
di-u-ja-jo-qe	1	1
pe-re-po-re-na-qe	1	1
a-re-ja	1	1
di-u-jo	1	1
i-je-we	1	1
a-te-re-e-te-jo	1	1
re-wo-te-re-jo	1	1
u-do-ro	1	1
pi-a2-ra	1	1
a-te-we	1	1
po-ka-ta-ma	1	1
ke-do-jo	1	1
e-qa-na-qe	1	1
te-u-ke-pi	1	1
di-pte-ra3	1	1
ro-u-si-je-wi-ja	1	1
ra-pte-ri-ja	1	1
a-na-pu-ke	1	1
po-qe-wi-ja	1	1
e-ra-pi-ja	1	1
ra-ma-o	1	1
e-ra-ti-ja-o	1	1
pe-ru-si-nwa-o	1	1
me-ti-ja-no	1	1
to-pa	1	1
ru-de-a2	1	1
a-re-se-si	1	1
pe-di-ra	1	1
we-ru-ma-ta	1	1
ze-u-ke-si	1	1
pe-di-ro	1	1
e-ma-ta	1	1
e-pi-u-ru-te-we	1	1
a-pe-i-ja	1	1
we-re-ne-ja	1	1
a3-za	1	1
pe-di-ro-i	1	1
mu-jo-me-no	1	1
a-pi-e-ke	1	1
o-pi-te-ke-e-u	1	1
po-de-da-o-ne	1	1
me-za-wo-ni	1	1
e-ke-ra-ne	1	1
tu-wo	1	1
te-qi-jo-ne	1	1
a-ti-mi-te	1	1
da-ko-ro-i	1	1
a-ka-wo-ne	1	1
o-do-ke	1	1
tu-we-ta	1	1
a-re-pa-zo-o	1	1
tu-we-a	1	1
a-re-pa-te	1	1
ze-so-me	1	1
ze-so-me-no	1	1
po-re-no-zo-te-ri-ja	1	1
te-ri-ja	1	1
ra-ka	1	1
ku-ro-ro2	1	1
a-pi-qo-o	1	1
o-to-wo-o	1	1
sa-ra-pe-da	1	1
po-se-da-o-ni	1	1
o-wi-de-ta-i	1	1
e-ke-ra2-wo	1	1
a-re-ro	1	1
me-re-u-ro	1	1
prior	1	1
a3-ka-na-jo	1	1
wo-no-qe-we	1	1
a-ke-re-we	1	1
te-so-qe	1	1
a2-zo-qi-jo	1	1
e-ri-ka-we-e	1	1
re-u-ko-to	1	1
a-ro-ka	1	1
e-u-ka-no	1	1
a2-to	1	1
to-sa-ka-pa-ra	1	1
ta-qe	1	1
a3-te	1	1
to-o	1	1
o-pa-ro-ze	1	1
ti-se	1	1
we-a2-no	1	1
e-we	1	1
a3-sa	1	1
ki-ri-te-wi-ja-pi	1	1
ke-ra-e-we	1	1
ka-tu-re-wi-ja	1	1
a-ke-re-wi-ja	1	1
a-po-te-ro-te	1	1
a-mo-i-je-to	1	1
pe-re-ku-wa-na-ka	1	1
e-ti-wa-jo	1	1
ma-to	1	1
qe-qi-no-me-no	1	1
ro-i-ko	1	1
ka-zo-e	1	1
e-ke-i-ja	1	1
pe-di-je-wi-ja	1	1
o-di-do-si	1	1
du-ru-to-mo	1	1
a-mo-te-jo-na-de	1	1
o-a2	1	1
e-pi-de-da-to	1	1
me-ta-pa-de	1	1
pe-to-no-de	1	1
a-pu2-de	1	1
a-ke-re-wa-de	1	1
e-ra-to-de	1	1
ka-ra-do-ro-de	1	1
e-ru-mi-ni-ja	1	1
pi-ri-ja-o	1	1
qe-re-ti-ri-jo	1	1
me-ta-se-we	1	1
a-ro-wo	1	1
ki-wo-qe	1	1
ki-ka-ne-wi-jo-de	1	1
e-re-wi-jo-po-ti-ni-ja	1	1
o-ze-to	1	1
a-ke-a2	1	1
pe-ri-te	1	1
e-ru-si-jo	1	1
a3-ki-e-we	1	1
wa-do-me-no	1	1
sa-ri-no-te	1	1
a-ta-no-re	1	1
e-ri-we-ro	1	1
wi-sa-to	1	1
e-u-qo-ne	1	1
a-ke-ra2-te	1	1
e-ke-ri-jo-na	1	1
da-je-we	1	1
sa-nu-we	1	1
wi-ri-ke-ja	1	1
o-to-wo-we-i	1	1
te-do-ne-ja	1	1
e-ti-je-ja	1	1
ne-ka-ta-ta	1	1
ta-zo-te-ja	1	1
ka-pa-si-ja	1	1
re-u-ka-ta-ra-ja	1	1
ma-so-ni-jo	1	1
ra-i-jo	1	1
ko-jo	1	1
qe-te-re-u	1	1
ta-ra-pe-se	1	1
wa-tu-o	1	1
a-wa-ne-u	1	1
o-ro-do-ko	1	1
a-mi-ja	1	1
u-re-u	1	1
ko-ni-ti-ja-ja	1	1
me-ti-ja-no-ro	1	1
ka-e-sa-me-no-jo	1	1
e-to-mo-jo	1	1
de-ki-si-wo-jo	1	1
pi-ri-ta	1	1
a-ta-o-jo	1	1
pi-ro-pa-ta-ra	1	1
qa-ko-jo	1	1
ma-ra-me-na	1	1
a-wa-ra-ka-na-o	1	1
pa-ma-ko	1	1
wo-to-mo	1	1
a-wa-ra-ka-na	1	1
e-pi-ka	1	1
e-ke-ja	1	1
to-ka-te-ri-ja	1	1
ki-wa-ro	1	1
me-ni-jo	1	1
do-si-mi-jo-qe	1	1
o-wi-de-ta	1	1
wi-to-te	1	1
re-ke	1	1
a-ri	1	1
ka-ra-ni-jo	1	1
de-mi-ni-jo	1	1
pe-re-i-to	1	1
pa-ki-ja-ne	1	1
di-da-ma-o	1	1
e-pe	1	1
ra-na-i	1	1
ra-te-o	1	1
pe-se-wi-ja	1	1
to-so-o	1	1
e-ni	1	1
i-pe-ne-o	1	1
ra-ja-mo	1	1
we-jo	1	1
pe-o	1	1
ka-ni	1	1
ti-wo	1	1
qo-wi-ro	1	1
po-te-we	1	1
ku-na-ki-si	1	1
e-re-u-te-ri	1	1
wi-ri-ne-u	1	1
ka-zo-de	1	1
si-to-ko	1	1
ro-no-de	1	1
po-to-a2-ja-de	1	1
te-re-ja-de	1	1
o-pi-ja-ro	1	1
ke-re-u-so	1	1
te-u-ke-i-jo	1	1
ta-me-je-u	1	1
sa-nwa-ta	1	1
a-re-pe-se-u	1	1
ru-ra-ta-e	1	1
o-ni-si	1	1
tu-wo-te-to	1	1
o-je-ke-te-to	1	1
re-wa-ko	1	1
ku-si	1	1
ka-ra-wi-ja	1	1
we-ro-te	1	1
ra-wi-to	1	1
o-to-ro-no	1	1
o-ko-we-i	1	1
do-ro-jo	1	1
o-u-wa-ja-wo-ni	1	1
ro-za	1	1
o-ti-ri-ja-i	1	1
to-po-wo	1	1
ra-qe-te	1	1
e-pi-qo-i	1	1
de-qo-no	1	1
e-pi-do-ro-mo	1	1
ra-ke-mi-ni-jo	1	1
pe-ra-ko	1	1
me-to-re-i	1	1
te-qa-i	1	1
e-u-te-re-u	1	1
ku-te-we-so	1	1
ko-ro-qe	1	1
we-na-ko-jo	1	1
to-so-wo	1	1
di-wi-ja-me-ro	1	1
na-ne-mo	1	1
mo-ne-we	1	1
pu2-ke-qi-ri-ne	1	1
i-si-wi-jo-i	1	1
e-mi-jo-no-i	1	1
ke-wa-to	1	1
te-ri-a2	1	1
wo-ko	1	1
a-ko-ro-da-mo	1	1
ta-si	1	1
ke-re-na-i	1	1
te-qa-jo-i	1	1
u-re-we	1	1
a-ra-ki-to	1	1
to-pa-po-ro-i	1	1
to-po-ne	1	1
ma-ri-ne-we-ja-i	1	1
a3-ki-a2-ri-ja	1	1
a-ma-ru-to-de	1	1
pa-pa-ra-ki	1	1
su-me-ra-we-jo	1	1
po-re-si	1	1
a-ka-i-je-ja	1	1
du-qo-te-ja	1	1
pu2-ke-qi-ri-ne-ja	1	1
pi-ro-pe-se-wa	1	1
ke-o-te-ja	1	1
o-pe-to	1	1
pe-to-no-qa	1	1
qi-wo	1	1
ko-ma-we-te-ja	1	1
a-ki-a2-ri-ja-de	1	1
no-ri-wo-ki-de	1	1
wo-ko-de	1	1
qa-ra2-to-de	1	1
a-re-i-ze-we-i	1	1
ra-mo-de	1	1
u-de	1	1
ne-e-to	1	1
o-nu-ke-wi	1	1
pe-pi-te-me	1	1
au-to-te-qa-jo	1	1
ta-wo-no	1	1
pe-ta-o-ni-jo	1	1
ta-i-da	1	1
to-ma	1	1
te-ra-a2	1	1
qa-si-re-wi	1	1
no-jo	1	1
wa-u-do-ta	1	1
e-u-te-we-jo	1	1
qa-so-pi	1	1
po-to-e	1	1
a2-jo	1	1
wo-to-we-ro	1	1
i-je-ra	1	1
pa-ra-wo	1	1
te-qa-jo	1	1
i-ri-ja	1	1
ka-ru-to	1	1
qe-ri-jo-jo	1	1
a-ma-ru-to	1	1
sa-me-we	1	1
ra-mi-jo	1	1
a2-pa-a2-de	1	1
pe-re-wi-jo	1	1
a-no-po-to	1	1
ra-wo-ta	1	1
wa-ta-o	1	1
a2-ta-o	1	1
me-to-re-ja-de	1	1
i-jo-qe	1	1
ka-ri-se-u-qe	1	1
e-u-po-ro-qe	1	1
au-ja-to	1	1
wa-a2-ta	1	1
de-u-ki-jo-qe	1	1
o-ri-ko	1	1
ri-wi-jo	1	1
do-qo-so	1	1
a-re-su-ti-jo	1	1
qa-ra-si-jo	1	1
to-ti-ja	1	1
we-i-we-sa	1	1
ko-ma-ta	1	1
na-ta-ra-ma	1	1
pu-ka-ro	1	1
o-ta-ki	1	1
ka-ra-u-ja	1	1
qo-we	1	1
jo-o-po-ro	1	1
pe-se-ro	1	1
ka-e-se-we	1	1
da-ra	1	1
pu-ke-o	1	1
e-ne-me-na	1	1
e-ru	1	1
ra-ke-da-no	1	1
no-ko	1	1
ke-e-pe	1	1
i-na-o-te	1	1
se-ri-no	1	1
ra-ke-da-no-re	1	1
pu-ke	1	1
pe-ro-ro	1	1
ka-da-mi-ja	1	1
ku-mi-na	1	1
ko-ri-ja-da-na	1	1
a-ke-re-u-te	1	1
ko-i-no	1	1
me-ta-je-wa	1	1
pu-i-re-wi	1	1
di-we-se-ja	1	1
a-qi-ti-ta	1	1
ku-po	1	1
pi-we-ri-di	1	1
a-qi	1	1
to-te-we-ja-se-we	1	1
ko-ro-to	1	1
o-te-ra	1	1
tu-ka-te-re	1	1
i-ta-da-wa	1	1
te-pa-i	1	1
re-ka-sa	1	1
a-ti-ke-ne-ja	1	1
wo-ro-ne-ja	1	1
pa-we-si	1	1
o-ta-pa-ro-te-wa-ro	1	1
ti-tu-so	1	1
qo-zo	1	1
pe-ra-ko-no	1	1
a-ke-ti-ri	1	1
i-te-we-ri-di	1	1
ku-ka	1	1
ka-ke-wi	1	1
pa-se-ri-jo	1	1
za-ku-si-jo	1	1
a-pi-do-ra	1	1
ke-ra-me-wi	1	1
o-pe-ra-no-re	1	1
e-we-pe-se-so-me-na	1	1
au-te-ra	1	1
qa-da-wa-so	1	1
qi-no	1	1
a-pi-je	1	1
si-to-po-ti-ni-ja	1	1
po-ro-po-i	1	1
do-ke-ko-o-ke-ne	1	1
po-po-i	1	1
ku-wa-no-wo-ko-i	1	1
ka-ra-te-ra	1	1
po-ro-ko-wo	1	1
a-ta-ra	1	1
ka-ra-ti-ri-jo	1	1
o-ku-su-wa-si	1	1
jo-po-ro-te-ke	1	1
ko-ra	1	1
o-pe-ra-no-ro	1	1
tu-me-ne-wo	1	1
a-re-ka-sa-da-ra-ka	1	1
ri-su-ra	1	1
qo-ta-qe	1	1
e-ri-tu-pi-na	1	1
o-to-wo-wi-je	1	1
pi-ro-wo-na	1	1
ke-ti-de-qe	1	1
ma-ta-qe	1	1
qa-ra-we-ta	1	1
a-ta-ra-qe	1	1
e-ku-se-we-qe	1	1
ta-na	1	1
po-ro-te-ra	1	1
o-u-te-ra	1	1
ze-ta	1	1
ra-to-po-ro	1	1
e-wo-ro-qe	1	1
to-sa-pe-mo	1	1
di-ko-na-re-ja	1	1
wa-si-jo	1	1
wa-ti-jo	1	1
ro-zo	1	1
pa-zo-jo	1	1
me-ka-ro-de	1	1
da-pu2-ra-zo	1	1
de-so	1	1
ze-ta-ro	1	1
ma-re-wa	1	1
e-ko-ja	1	1
pi-ra-ki	1	1
pi-ka	1	1
ra-u-ko	1	1
ka-u-no	1	1
a-do-we	1	1
a-re-zo-me-ne	1	1
ka-ma-ti-jo-jo	1	1
a-re-me-ne	1	1
re-u-ko-jo	1	1
ni-jo-jo	1	1
a-ta-ma-no-we	1	1
a-ma-ti	1	1
no-di-zo	1	1
du-ne-u	1	1
e-qe-qi	1	1
wi-ti-mi-ja	1	1
tu-we-a2	1	1
ri-za	1	1
ra-tu-ko	1	1
ko-wo-a	1	1
sa-wa-ti	1	1
pa-ti-jo-ro	1	1
wa-ra-qi-si-ro	1	1
