word	count	series	sites
pa-ro	244	KN Ai,KN C,KN Dk,KN Ga,KN L,KN Ld,KN X,PY Cc,PY Cn,PY Ea,PY Eb,PY Eo,PY Ep,PY Fr,PY Mb,PY Mn,PY Pa,PY Un,PY Vn,PY Xa,TH Av,TH Wu	KN,PY,TH
pe-mo	167	PY Eb,PY Ed,PY En,PY Eo,PY Ep,PY Eq,PY Es	PY
e-ke	165	KN Ap,KN Dl,KN Uf,KN Xd,PY Ea,PY En,PY Ep,PY Eq,PY Er,PY Es,PY Fr,PY Jn,PY Mb,PY Na,PY Xn	KN,PY
o-na-to	160	PY Ea,PY Eb,PY En,PY Eo,PY Ep,PY Eq	PY
to-so-de	136	PY Eb,PY Ed,PY En,PY Eo,PY Ep,PY Eq,PY Er,PY Es,PY Jn,PY Un	PY
ko-to-na	128	PY Aq,PY Ea,PY Eb,PY En,PY Eo,PY Ep	PY
ko-wo	126	KN Ag,KN Ai,KN Ak,KN Am,KN Ap,KN Bg,PY Aa,PY Ab,PY Ad,PY Ae,PY An,PY Un,PY Xa	KN,PY
to-so	105	KH Ar,KN Am,KN As,KN B,KN Bg,KN C,KN E,KN F,KN Fh,KN Fp,KN Gg,KN Nc,KN Od,KN Og,KN Pp,KN V,KN X,MY Au,MY Fo,MY Ue,PY An,PY Eb,PY Ed,PY En,PY Ep,PY Eq,PY Er,PY Fr,PY Un,TH Ug	KH,KN,MY,PY,TH
ko-wa	102	KN Ag,KN Ai,KN Ak,KN Ap,KN X,PY Aa,PY Ab,TH Fq	KN,PY,TH
e-ke-qe	88	PY Eb,PY Eo,PY Ep,PY Va	PY
te-o-jo	84	PY Eb,PY Ed,PY En,PY Eo,PY Ep	PY
do-e-ro	78	KN Ai,KN B,KN C,KN Xe,PY Ae,PY An,PY Cn,PY Eb,PY Ed,PY En,PY Eo,PY Ep,PY Es,PY Jn	KN,PY
da-mo	75	KN As,KN C,KN Ce,KN F,PY Ea,PY Eb,PY Ep,PY Un,TH Ft,TH Gp	KN,PY,TH
ke-ke-me-na	73	KN Uf,PY Ea,PY Eb,PY Ep	KN,PY
ku-ta-to	65	KN Da,KN Db,KN Dc,KN Dd,KN De,KN Df,KN Dk,KN Dl,KN Dm,KN Dq,KN Dv,KN Ga,KN Mc,KN Uf,KN X,KN Xd	KN
ka-ke-we	60	KN Fh,PY Jn,PY Ma,PY Na,PY Xn	KN,PY
do-e-ra	55	KN Ai,KN Ap,KN Gg,PY Ae,PY An,PY Eb,PY Ed,PY En,PY Eo,PY Ep	KN,PY
do-so-mo	55	PY Es,PY Un	PY
o-da-a2	53	PY An,PY Aq,PY Ed,PY En,PY Eq,PY Ma,PY Un	PY
o-pe-ro	47	KN Ga,KN Gg,KN L,KN So,KN X,PY Ac,PY Cn,PY Eb,PY Fn,PY Ma,PY Nn,PY Ub,PY Xa	KN,PY
pa-i-to	46	KN Da,KN Db,KN Dd,KN De,KN Dg,KN Dm,KN Dn,KN Dq,KN Dv,KN E,KN F,KN Ga,KN L,KN Od,KN Pp,KN Sd,KN So,KN X,KN Xf	KN
da-wo	38	KN Ak,KN Ce,KN D,KN Da,KN Db,KN Dc,KN Dd,KN De,KN Dl,KN Dn,KN Dv,KN F,KN Ln,KN Np,KN V,KN X	KN
da-*22-to	38	KN Ak,KN As,KN C,KN Ce,KN Da,KN Db,KN Dc,KN Dd,KN De,KN Dk,KN Dn,KN Dq,KN Dv,KN F,KN Ga,KN Mc,KN Uf,KN X,KN Xd	KN
e-ko-so	36	KN C,KN Da,KN Db,KN Dc,KN Dd,KN De,KN Dh,KN Dk,KN Dl,KN Dm,KN Dn,KN Dq,KN Dv,KN F,KN L,KN Le,KN Uf	KN
wo-ka	36	PY Sa	PY
o-pi	35	KN As,KN Fh,KN L,KN Le,KN Ln,KN Mc,KN Od,KN Sd,KN Uf,KN V,KN Ws,KN X,KN Xd,KN Xe,KN Xf,PY Ae	KN,PY
me-zo-e	34	KN Ai,KN Ak,KN Gg,KN L,PY Ta	KN,PY
we-da-ne-wo	34	PY An,PY Cn,PY Es,PY Na,PY Un	PY
to-sa	33	KN Ap,KN C,KN Dp,KN Ga,KN L,KN Lc,KN Ld,KN Ln,KN Mc,KN Od,KN Ra,KN X,PY En,PY Er,PY Na,PY Sa,PY Xn	KN,PY
ko-re-te	33	KN C,KN V,PY Aq,PY Jn,PY Jo,PY Nn,PY On	KN,PY
a-ja-me-no	32	KN Sd,PY Ta	KN,PY
we-je-ke-e	32	PY Sa	PY
qa-ra	31	KN Da,KN Db,KN De,KN Dl,KN Dn,KN Dv,KN L,KN Pp,KN Uf,KN V,KN X	KN
ru-ki-to	30	KN Da,KN Db,KN Dc,KN Dd,KN De,KN Df,KN Dg,KN Dm,KN Dn,KN Dv,KN Fh,KN V,KN X	KN
e-ra	29	KN Ai,KN Ak,KN D,KN Da,KN Db,KN Dc,KN Dd,KN De,KN Dl,KN Dq,KN Dv,KN F,KN Pp,KN X,KN Xd,KN Xe,MY Z,PY Tn,PY Xa,TH Of	KN,MY,PY,TH
pu-ro	29	PY Aa,PY Ab,PY Ad,PY Ae,PY An,PY Cn,PY Tn,PY Un,PY Va	PY
o-u-di-do-si	29	PY Ma,PY Na	PY
do-ti-ja	28	KN Ap,KN C,KN Ce,KN Da,KN Db,KN Dc,KN Dd,KN De,KN Df,KN Dm,KN Dn,KN Dv,KN E,KN L,KN Le,KN Xe	KN
ti-ri-to	28	KN Da,KN Db,KN De,KN Df,KN Dg,KN Dh,KN Dq,KN Dv,KN L,KN Pp,KN Uf,KN V,KN X	KN
o-pa	26	KN Am,KN Ce,KN Dm,KN E,KN L,KN Sd,KN Sf,KN So,KN Ws,PY Sh,PY Wr,TH Wu	KN,PY,TH
a-pu-do-si	25	KN Bg,KN Fh,KN Ga,KN L,KN Le,KN X,PY Ma,PY Wr	KN,PY
ra-to	25	KN Da,KN Db,KN Dd,KN Df,KN Dm,KN Dn,KN Dv,KN Xd	KN
wo-wo	25	KN Dc,KN Dk,PY Cn,PY Eb,PY Na	KN,PY
pa-we-a	25	KN L,KN Lc,KN Ld	KN
ki-ti-me-na	25	PY Ea,PY En,PY Eo	PY
ri-jo-no	24	KN Ap,KN C,KN Da,KN Db,KN Dd,KN Df,KN Dl,KN Dm,KN Dn,KN Dv	KN
ka-ko	24	PY Jn,PY Sa	PY
ta-ra-nu	23	KN V,PY Ta	KN,PY
a-ke-o-jo	23	KN X,PY Cn	KN,PY
ma-ro-pi	23	PY Cn	PY
to-sa-de	23	PY Er,PY Na,PY Ng,PY Vn	PY
ra-su-to	22	KN Ai,KN As,KN Da,KN Db,KN Dk,KN Dl,KN Dm,KN Dn,KN Dv,KN X	KN
tu-ni-ja	22	KN Ak,KN Ap,KN D,KN Da,KN Db,KN Dd,KN Df,KN Dv,KN Lc,KN Le,KN X,KN Xd	KN
su-ri-mo	22	KN Am,KN Da,KN Db,KN Dd,KN De,KN Dg,KN Dl,KN Dv,KN Od,KN Pp	KN
me-no	22	KN B,KN Fh,KN Fp,KN Ga,KN Gg,KN K,KN M,KN Wb,KN X,PY Fr,PY Jn	KN,PY
u-ta-jo	22	KN Da,KN Db,KN Dc,KN Dd,KN De,KN Dv,KN V	KN
we-we-si-jo	22	KN Da,KN Db,KN Dd,KN De,KN Dg,KN Dv,KN L,KN Le,KN X,PY Jn	KN,PY
*56-ko-we	21	KN Ap,KN C,KN Da,KN Db,KN Dc,KN Dd,KN Df,KN Dv,KN Le	KN
ta-ra-si-ja	21	KN Lc,KN So,PY Jn	KN,PY
to-pe-za	21	KN V,PY Ta	KN,PY
pa-ra-jo	21	PY Cn,PY Na,PY Sh	PY
u-ta-jo-jo	20	KN Da,KN Db,KN Dc,KN Dd,KN De,KN Dv	KN
e-ko-si	20	KN G,PY Ed,PY En,PY Ep,PY Jn,PY Na	KN,PY
we-we-si-jo-jo	19	KN Ak,KN Da,KN Db,KN Dc,KN Dd,KN De,KN Dv,KN Od,KN X	KN
e-ko-te	19	KN B,PY Aq,PY Ed,PY Jn	KN,PY
me-ta-pa	18	PY Aa,PY Ac,PY An,PY Aq,PY Cc,PY Cn,PY Jn,PY Ma,PY Vn	PY
ke-ro-si-ja	18	PY An	PY
ku-do-ni-ja	17	KN C,KN Ce,KN Co,KN Fh,KN G,KN Lc,KN Sd,KN Wb,KN X	KN
po-ro-ko-re-te	17	KN V,PY Jn,PY Jo	KN,PY
ko-to-no-o-ko	17	PY Eb,PY Eo,PY Ep	PY
ra-ja	16	KN C,KN Da,KN Db,KN Dc,KN Dd,KN De,KN Dl,KN Dn,KN Dv	KN
da-mi-ni-jo	16	KN Da,KN Dc,KN Df,KN Dk,KN Dq,KN Dv,KN V,PY An	KN,PY
a-ko-ra	16	KN Dk,PY Cn,TH Wu	KN,PY,TH
ku-pi-ri-jo	16	KN Fh,KN Fp,KN Ga,KN Gg,KN K,KN X,PY Cn,PY Un	KN,PY
tu-na-no	16	KN Lc,KN Ln,KN Wb	KN
pa-ka-na	16	KN Ra	KN
o-u-qe	16	KN Sd,PY Aq,PY Eb,PY Ep,PY Va	KN,PY
e-re-pa-te-jo	16	KN Sd,PY Ta	KN,PY
u-ta-no	15	KN Db,KN Dd,KN Dh,KN Dn,KN Dq,KN Dv,KN Pp,KN X,KN Xd	KN
pa-si-te-o-i	15	KN Fp,KN Ga,KN Gg	KN
i-je-re-ja	15	KN Fp,PY Ae,PY Eb,PY Ed,PY Eo,PY Ep,PY Qa,PY Un	KN,PY
a-si-ja-ti-ja	15	PY Ae,PY Cn,PY Jn,PY On,PY Xa	PY
ko-ri-ja-do-no	14	KN Ga	KN
po-ti-ni-ja	14	KN Gg,KN M,KN X,PY Cc,PY Fr,PY Tn,PY Un,TH Of	KN,PY,TH
a-ja-me-na	14	KN Sd,KN Sf,PY Ta	KN,PY
i-qi-ja	14	KN Sd,KN Sf,TH V	KN,TH
pi-*82	14	PY Ac,PY An,PY Cn,PY Jn,PY Jo,PY Ma,PY Na,PY Vn	PY
di-wi-je-we	14	PY Cn,PY Es	PY
a-pi-qo-to	14	PY Ta	PY
me-wi-jo-e	13	KN Ai,KN Ak,KN K	KN
we-ka-ta	13	KN Ce	KN
a-ka	13	KN D,KN Da,KN Dn,KN V	KN
ko-no	13	KN Fp,KN Ga,KN Ra,KN X,KN Xd,PY Eq	KN,PY
di-pa	13	KN K,PY Ta	KN,PY
po-se-da-o-ne	13	PY Es,PY Fr,PY Un	PY
a-ta-ra-si-jo	13	PY Jn	PY
a-mi-ni-so	12	KN Ai,KN Ak,KN As,KN Fp,KN Gg,KN Lc,KN M,KN V	KN
me-wi-jo	12	KN Ak,PY Cn,PY Ta	KN,PY
te-re-ta	12	KN Am,KN B,KN Uf,KN X,PY Eb,PY Ed,PY En,PY Eo,PY Eq,PY Er	KN,PY
ri-jo	12	KN B,KN Df,KN E,KN Le,PY An,PY Cn,PY Ma,PY Na,PY Xn	KN,PY
po-ni-ki-jo	12	KN Bg,KN Ga	KN
o-no	12	KN Ca,KN Fh,KN L,KN M,PY An,PY Un	KN,PY
e-ka-ra-e-we	12	KN Dm	KN
ne-wa	12	KN Dp,KN So,KN X,PY Sa,PY Ub,PY Xa,PY Xn,TH Of	KN,PY,TH
me-na	12	KN E,KN Fs,KN Gg,KN Ra,KN Sd,KN Uf,PY Eb,PY Eo,PY Ep	KN,PY
pa-ra-ja	12	KN Ln,KN Se,KN U,PY Sa,TH Of	KN,PY,TH
o-po-qo	12	KN Sd,KN Sf	KN
*34-ke-te-si	12	PY Es	PY
no-pe-re-a2	12	PY Sa	PY
qe-ra-na	12	PY Ta	PY
se-to-i-ja	11	KN As,KN Da,KN Do,KN Dq,KN Lc,KN Le,KN Mc,KN Sd,KN X	KN
pu-so	11	KN As,KN Da,KN Dc,KN Dv,KN X	KN
ki-ri-jo-te	11	KN Da,KN Db,KN Dc,KN Dd,KN Df,KN Dv	KN
pe-ma	11	KN E,KN Ga,KN X,PY Er	KN,PY
ka-ma	11	KN F,KN L,KN Xf,PY Ea,PY Eb,PY Ep	KN,PY
e-qe-si-ja	11	KN L,KN Ld,PY Sa,PY Wa	KN,PY
a-mo-ta	11	KN So,PY Sa	KN,PY
ro-u-so	11	PY Aa,PY Ab,PY Cn,PY Jn,PY Ma,PY Mb,PY Mn,PY Un	PY
a-ke-re-wa	11	PY Ac,PY An,PY Cn,PY Eq,PY Jn,PY Jo,PY Ma	PY
we-te-i-we-te-i	11	PY Es	PY
pa-ko-we	11	PY Fr	PY
me-zo-a2	11	PY Sh	PY
me-u-jo-a2	11	PY Sh	PY
tu-ri-so	10	KN Ce,KN Da,KN Db,KN Dd,KN Dh,KN X	KN
me-zo	10	KN Ak,KN Lc	KN
du-ni-jo	10	KN As,KN Ga,KN Xd,PY Ae,PY Ea,PY Eb,PY Ep,PY Fn,PY Un	KN,PY
po-ku-ta	10	KN B,KN C,KN L,PY An	KN,PY
ru-ki-ti-jo	10	KN C,KN E,KN Ga,KN Og,KN Xd	KN
ka-pa	10	KN E,PY Un,TH Ft	KN,PY,TH
ra-wa-ke-si-jo	10	KN E,PY Ea,PY Er,PY Na	KN,PY
pe-re	10	KN Od,PY Cc,PY Tn,PY Ub,PY Un,TH Oh	KN,PY,TH
a-ra-ru-wo-a	10	KN Ra	KN
a-ra-ro-mo-te-me-na	10	KN Sd	KN
wa-na-ka-te-ro	10	KN X,PY En,PY Eo,PY Er	KN,PY
pe-ru-si-nu-wo	10	PY Ma	PY
ko-no-so	9	KN Ak,KN Fh,KN Lc,KN Le,KN X,KN Xe	KN
pa-i-ti-ja	9	KN Ak,KN Ap,KN Dl,KN Dp,KN E,KN Ga,KN Le,KN Og	KN
qa-mo	9	KN Da,KN Db,KN Dg,KN Dn,KN Dv,KN Ga,KN Pp,KN Xd	KN
a-te-jo	9	KN Da,KN Db,KN Dc,KN De,KN Dl,KN Dv	KN
a3-mi-re-we	9	KN Dm	KN
ko-ru-to	9	KN Dv,PY Sh	KN,PY
i-jo	9	KN E,KN V,KN Xd,PY Mb	KN,PY
qe-te-o	9	KN Fh,KN L,TH Wu	KN,TH
o-na	9	KN Fh,KN M,KN Od,PY Ea,PY Eb,PY Ua	KN,PY
ko-u-ra	9	KN Lc,MY L,PY La	KN,MY,PY
re-u-ko-nu-ka	9	KN Ld	KN
ke-ra-ja-pi	9	KN Sd,KN Sf	KN
o-pi-i-ja-pi	9	KN Sd,KN Sf	KN
re-u-ko-to-ro	9	PY Ad,PY An,PY Ma,PY Na	PY
ti-mi-to	9	PY Cn,PY Ma	PY
a-ke-e	9	PY Cn,PY Ma	PY
ka-ma-e-u	9	PY Eb,PY Ep	PY
wa-na-se-wi-ja	9	PY Fr,PY Ta	PY
au-de-pi	9	PY Ta	PY
*63-te-ra-de	9	TH Gp	TH
te-o	8	KN Ai,KN Fh,KN M,PY Eb,PY Eo,PY Ep	KN,PY
e-ne-ka	8	KN Am,PY Ae,PY An,PY Ea	KN,PY
qa-si-re-wi-ja	8	KN As,KN K,PY Fn	KN,PY
mo-ro-qa	8	KN C,KN Xd,PY Aq,PY Jo	KN,PY
pu-na-so	8	KN C,KN Da,KN Dc,KN Dd,KN De,KN Dn,KN E	KN
pe-ri-qo-te-jo	8	KN Da,KN Db,KN De,KN Dv	KN
da-ra-ko	8	KN Db,KN Dd,KN Dk,KN Dv,KN X	KN
sa-qa-re-jo	8	KN Dl	KN
a-ko-ro	8	KN Dl,PY Fr,PY Ua,PY Vn	KN,PY
zo-a	8	KN Fh	KN
qe-ra-si-ja	8	KN Fp	KN
e-re-pa-te	8	KN Ra,KN Sd,PY Ta	KN,PY
po-ni-ki-ja	8	KN Sd,KN Se,KN Sf	KN
wa-na-ka	8	KN Vc,KN Vd,PY Na,PY Ta	KN,PY
ka-ra-do-ro	8	PY Ac,PY Cn,PY Jo,PY Ma,PY Na,PY Qa,PY Vn	PY
ke-re-te-u	8	PY Ea	PY
pe-ru-si-nu-wa	8	PY Ma,PY Ub	PY
e-re-u-te-ra	8	PY Na	PY
we-je-ke-a2	8	PY Sa	PY
to-no	8	PY Ta,PY Vn	PY
qo-u-ka-ra	8	PY Ta	PY
*56-ru-we	8	TH Gp	TH
do-de	8	TH Of	TH
ko-no-si-ja	7	KN As,KN Bg,KN Dv,KN E,KN X	KN
si-to	7	KN Am,MY Au,TH Av,TH Ft	KN,MY,TH
po-me	7	KN Am,KN Dd,PY Ae,PY Ea,PY Eo	KN,PY
a-ma	7	KN As,KN E,KN F	KN
wi-na-jo	7	KN Da,KN Db,KN Dv,KN Fh,KN K,KN X	KN
ko-ro	7	KN De,KN Od,KN X,PY Cn,PY Eq,TH Ft	KN,PY,TH
a-tu-ko	7	KN Dg,KN K,PY En,PY Eo,PY Ep,PY Jn	KN,PY
wa-na-ka-te	7	KN Ga,PY Fr,PY Un	KN,PY
e-ri-ka	7	KN So	KN
we-ke	7	KN X,PY Ta	KN,PY
ke-ke-me	7	KN Xd,PY Ea,PY Eb,PY Ep,TI Ef	KN,PY,TI
o-a-ke-re-se	7	PY Aq	PY
pa-da-je-u	7	PY Eb,PY Eo	PY
e-ko-to	7	PY Eb,PY En,PY Eo,PY Ep	PY
ru-*83-e	7	PY Eo	PY
sa-de	7	PY Na,PY Xn	PY
ti-ri-po	7	PY Ta	PY
ra-e-ja	7	PY Ta	PY
a-ko-da-mo	7	TH Av,TH Ft	TH
wa-to	6	KN C,KN Co,KN Np	KN
ko-no-si-jo	6	KN Am,KN As,KN B,KN V,KN Xd	KN
a-mi-ni-si-ja	6	KN Ai,KN E,KN Fh,KN Le	KN
me-u-jo-e	6	KN Ak	KN
a-no-qo-ta	6	KN Ak,KN Ap,KN Da,KN Dq,KN Vc,KN X	KN
a-ze-ti-ri-ja	6	KN Ap,KN E,KN M,KN Xe	KN
pu-te	6	KN As,KN Uf	KN
ri-zo	6	KN As,KN B,KN V,PY An	KN,PY
e-re-ta	6	KN As,KN C,PY An	KN,PY
a-to-mo	6	KN C,KN V,PY Aq,PY Jn,PY Jo	KN,PY
a-nu-ko	6	KN Ce,KN Db,KN Dc,KN Dk,KN Np	KN
ku-ka-ro	6	KN Da,KN Ra,KN V	KN
ma-ro	6	KN Dc,KN V,KN X,PY Cn	KN,PY
pe-ko	6	KN Dc,KN Dv,PY Cn	KN,PY
ki-to	6	KN Dk,KN Fs,KN L,KN Lc,PY Fn	KN,PY
po-ti-ni-ja-we-jo	6	KN Dl,PY Jn	KN,PY
*47-so-de	6	KN Fh	KN
ne-wo	6	KN Fh,KN Od,KN X,PY Fr,PY Jn	KN,PY
me-ri	6	KN Gg,KN Uc,PY Un	KN,PY
ku-ru-so	6	KN K,KN X,PY Ta	KN,PY
a-no-wo-to	6	KN K	KN
po-po	6	KN L,KN Ln,KN Od,KN Xe	KN
de-so-mo	6	KN Ra	KN
pi-ri-je-te	6	KN Ra	KN
a-ni-ja	6	KN Sd,PY Ub	KN,PY
ka-ke-u	6	KN V,PY An,PY Jn,PY Nn	KN,PY
po-ti-ro	6	KN V	KN
mi-ra	6	KN X,KN Xe,PY Eb,PY En,PY Eo,PY Ep	KN,PY
na-to	6	KN X,PY En,PY Ep,TH Ka	KN,PY,TH
qe-to-ro-po-pi	6	PY Ae	PY
i-je-re-u	6	PY An,PY Aq,PY Eo,PY Fn,PY Qa	PY
do-qe-ja	6	PY An	PY
wa-no-jo	6	PY Cn	PY
da-we-u-pi	6	PY Cn	PY
pe-to-no	6	PY Cn,PY Jn,PY Ma,PY Vn	PY
ka-na-pe-u	6	PY Cn,PY En,PY Eo	PY
su-qo-ta-o	6	PY Ea	PY
me-ri-te-wo	6	PY Ea	PY
wo-ze-qe	6	PY Eb,PY Ep	PY
pa-ki-ja-na	6	PY Eb,PY En,PY Eo,PY Na	PY
we-te-re-u	6	PY Eb,PY En,PY Eo,PY Ep	PY
a3-ti-jo-qe	6	PY Eo	PY
ro-u-si-jo	6	PY Fr,PY Ua,PY Un,PY Vn	PY
e-ma-a2	6	PY Na,PY Tn,PY Un,PY Xn,TH Of	PY,TH
de-de-me-no	6	PY Sa	PY
ke-re-si-jo	6	PY Ta	PY
ku-te-se-jo	6	PY Ta	PY
o-te	6	PY Ta,TH Fq	PY,TH
ko-ki-re-ja	6	PY Ta	PY
ka-si	6	TH Ft	TH
me-u-jo	5	KN Ak	KN
di-da-ka-re	5	KN Ak	KN
ra-jo	5	KN Am,KN B,KN Og,KN Xd,PY Eb	KN,PY
ko-ma-we-to	5	KN Ap,KN Dk,KN Dv,KN X	KN
wo-di-je-ja	5	KN Ap,MY V,PY Ub,PY Vn	KN,MY,PY
e-ra-ja	5	KN Ap,KN D,KN L,KN Lc	KN
au-ri-jo	5	KN As,KN Da,KN Dv,TH Ug	KN,TH
a-ko-ra-jo	5	KN As,KN Co,TH Wu	KN,TH
pa-na-re-jo	5	KN As,KN U,KN V,PY Fn	KN,PY
qa-ra-jo	5	KN As,KN E,KN Ga,KN Og,KN V	KN
ku-re-we	5	KN B,PY Cn,PY Ma	KN,PY
pa-te	5	KN B,KN Ra,PY An	KN,PY
ku-su-to-ro-qa	5	KN Bg,PY Ed,PY Er,TH Av	KN,PY,TH
a-pi-me-de-o	5	KN C,PY Cn,PY Eb,PY Ep	KN,PY
si-jo	5	KN Da,KN Gm,KN Sc,KN X	KN
su-ki-ri-ta	5	KN Db,KN Df,KN Dn,KN Dv	KN
si-ja-du-we	5	KN Dk,KN Dl	KN
ka-to-ro	5	KN Do,KN Dq,KN Ga,KN L	KN
a-ka-to	5	KN Dv,KN Sc,KN Xd,KN Xe,TH Ug	KN,TH
a-re	5	KN Fp,KN Mc,KN X,KN Xd,PY Cn	KN,PY
a-pi	5	KN G,PY Ep,PY Ta	KN,PY
ri-no	5	KN L,KN Np,KN Og,KN X,PY Nn	KN,PY
re-u-ko	5	KN L,PY Cn	KN,PY
pe-ko-to	5	KN L,KN Lc	KN
to-mi-ka	5	KN L	KN
o-re-ne-ja	5	KN L,KN Ld	KN
zo-wa	5	KN Nc,KN Ra,KN X,TH Av	KN,TH
wi-ri-ni-jo	5	KN Sd	KN
po-si	5	KN Sd	KN
e-te-do-mo	5	KN Uf,PY Ea,PY En,PY Eo,PY Ep	KN,PY
ko-do	5	KN Uf,PY Ea,PY Vn	KN,PY
wa-tu	5	KN V,KN X,PY Eq,PY Tn	KN,PY
wa-na-ta-jo	5	KN V,PY Eo,PY Ep,PY Jn	KN,PY
e-re-pa-to	5	KN V,PY Sa	KN,PY
ma-ra	5	KN Vc,KN Xd,PY Cn,PY Jn	KN,PY
re-u	5	KN X,PY Eb,PY Eo,PY Jn	KN,PY
a-to-po-qo	5	MY Au,PY An,PY Fn	MY,PY
a-te-re-wi-ja	5	PY Aa,PY An,PY Cn,PY Ma	PY
to-to	5	PY Aq	PY
we-to	5	PY Aq,PY Ma	PY
to-to-we-to	5	PY Aq	PY
a-ko-so-ta-o	5	PY Cn	PY
e-ko-me-no	5	PY Cn,PY Na	PY
a-ko-so-ta	5	PY Cn,PY Eq,PY Pn,PY Un,PY Va	PY
ra-wa-ra-ti-jo	5	PY Cn	PY
u-po-ra-ki-ri-ja	5	PY Cn	PY
qe-ta-ko	5	PY Cn,PY Jn	PY
we-re-ke	5	PY Cn	PY
pa-ki-ja-si	5	PY Cn,PY Tn,PY Un,PY Vn	PY
ru-ko-ro	5	PY Ea	PY
a3-ti-jo-qo	5	PY Eb,PY En,PY Eo,PY Ep	PY
e-ke-e	5	PY Eb,PY Ep,PY Ta	PY
ko-to-na-o	5	PY Eb,PY Ed,PY Ep,PY Wa	PY
o-na-ta	5	PY Eb,PY Ed	PY
ko-ri-si-ja	5	PY Eb,PY En,PY Eo,PY Ep	PY
pa-ra-ko	5	PY Eb,PY Eo,PY Ep	PY
ra-ku-ro	5	PY Eb,PY Eo,PY Ep	PY
to-na	5	PY Eb,PY Eo,PY Ep	PY
pa-da-je-we	5	PY Eb,PY Eo	PY
o-na-te-re	5	PY En	PY
pi-ke-re-we	5	PY Eo	PY
o-wi-de	5	PY Eq,PY Ta	PY
o-ro-jo	5	PY Eq	PY
ke-sa-da-ra	5	PY Fg,PY Mn,PY Xa	PY
ka-ru-ke	5	PY Fn,PY Un	PY
e-ti-we	5	PY Fr	PY
qe-te-jo	5	PY Fr,TH Gp,TH Wu	PY,TH
e-re-u-te-ro	5	PY Na	PY
da-mo-ko-ro	5	PY On,PY Ta	PY
e-ne-wo	5	PY Ta	PY
e-re-pa-te-ja-pi	5	PY Ta	PY
so-we-no-qe	5	PY Ta	PY
sa-pi-de	5	PY Vn	PY
pu-na-si-jo	4	KH Ar,KN B,KN Ga	KH,KN
ke-re-u	4	KN Ag,PY Ea,PY Ep	KN,PY
a-ke-ti-ri-ja	4	KN Ai,PY Aa	KN,PY
re-ja	4	KN Ai,KN L,PY Eb	KN,PY
qi-ri-ja-to	4	KN Ai,KN B	KN
da-te-we-ja	4	KN Ak,KN L,KN Lc,KN Xe	KN
qa-mi-ja	4	KN Ak,KN Ap,KN Lc,KN Le	KN
ri-jo-ni-ja	4	KN Ak,KN Lc,KN Le,KN Od	KN
ko-u-re-ja	4	KN Ak,KN Ap,KN Lc	KN
da-wi-ja	4	KN Ak,KN Lc,KN Le,KN Og	KN
da-wi-jo	4	KN Am,KN B,KN Ga,KN M	KN
e-te	4	KN Am,KN X,PY Va	KN,PY
ko-so	4	KN As,KN Dv,KN Wb,KN X	KN
qe-ro	4	KN As,KN Db,KN V	KN
a-ra-ko	4	KN As,KN C,KN Db,KN De	KN
mi-ru-ro	4	KN As,KN C,KN V	KN
qo-te-ro	4	KN As,KN Da,PY Ae,PY An	KN,PY
pu-to-ro	4	KN As,KN Da,PY Vn	KN,PY
ka-ke	4	KN As,KN Se,PY Jn,PY Na	KN,PY
ke-re	4	KN As,KN B	KN
da-wa-no	4	KN As,KN Ga,KN Mc	KN
to-ko	4	KN As	KN
wi-jo	4	KN As,KN Ra,PY Mb	KN,PY
a-te-mo	4	KN As,KN Dc,KN De	KN
e-u-na-wo	4	KN As,KN B,KN Dv,KN Np	KN
u-ra-jo	4	KN B,KN Db,KN Dv	KN
pu-ri	4	KN B,KN Ch,KN F,KN V	KN
u-ta-ni-jo	4	KN B,KN E,KN X	KN
i-jo-te	4	KN B,KN L,MY Au,PY An	KN,MY,PY
pu-si-jo	4	KN Bg,KN E,KN Og	KN
a-pu	4	KN Bg,KN G,PY Ta	KN,PY
a-pu-do	4	KN Bg,KN Fh,KN X	KN
wa-du-na-ro	4	KN C,KN Db,KN Dc,KN Dk	KN
pa-ta	4	KN C,KN Vc,MY L,PY Cn	KN,MY,PY
po-ro	4	KN Ca,KN Dd	KN
ro-ru	4	KN Ce,KN Dq,KN Fh	KN
te-wa-jo	4	KN Ce,KN Dl,KN Uf,PY Fn	KN,PY
ta-za-ro	4	KN Ch,KN Db,KN V	KN
ke-to	4	KN Da,PY Cn	KN,PY
e-u-ko-ro	4	KN Da,KN Db,KN Dd,KN V	KN
ke-ti-ro	4	KN Da,KN U,KN Xd,PY Jn	KN,PY
di-ro	4	KN Da,KN Db,KN Dc	KN
qa-na-no-to	4	KN Da,KN Db,KN Dv	KN
me-to-re	4	KN Da,KN Og,PY Na	KN,PY
a-ka-i-jo	4	KN De,KN F,KN Vc,KN Vd	KN
ku-do	4	KN Df,KN Fh,KN X	KN
a-si-wi-jo	4	KN Df,MY Au,PY Cn,PY Eq	KN,MY,PY
nu-ka	4	KN Dl,KN L,KN Ld	KN
qo-ta	4	KN Dl,KN V,PY Jn,PY Na	KN,PY
ni-ja	4	KN Dl,KN Fh,KN Np,KN X	KN
ma-sa	4	KN Dq,KN Ga,KN X	KN
te-ru-sa	4	KN Dv,TH Of	KN,TH
wo-no	4	KN Dv,KN X,PY Jo,PY Vn	KN,PY
i-je-ro	4	KN Dv,TH Wu	KN,TH
ra-wo	4	KN Dv,KN L,KN Le,KN Vc	KN
e-ko	4	KN Dv,KN Sc,KN So	KN
di-ka-ta-de	4	KN F,KN Fh,KN Fp,KN G	KN
pa-de	4	KN Fp,KN Fs,KN Ga	KN
ka-ra-e-ri-jo	4	KN Fp	KN
a-mi-ni-so-de	4	KN Fp,KN Ga	KN
ki-ri-te-wi-ja	4	KN Fp,PY An,PY Eb,PY Ep	KN,PY
ku-ta-ti-jo	4	KN Ga,KN X	KN
te-ra	4	KN Ga,PY Na	KN,PY
e-re-u-ti-ja	4	KN Gg,KN Od	KN
e-ni-qe	4	KN L	KN
pe-ne-we-ta	4	KN L,KN Ld	KN
te-we	4	KN L,KN Nc,KN V,KN X	KN
e-qe-si-jo	4	KN Lc,PY Ed,PY Sa	KN,PY
o-nu	4	KN Ld,KN Od,KN Xe	KN
o-nu-ke	4	KN Ln,KN M,KN Od,KN Ws	KN
de-de-me-na	4	KN Ra	KN
ka-si-ko-no	4	KN Ra	KN
ku-ru-me-no	4	KN Sc,PY Aq,TH Of	KN,PY,TH
ka-ro-qo	4	KN Sc,KN Xd,MY Au,PY Vn	KN,MY,PY
a-*64-jo	4	KN Sc,PY Cn,PY Fn,PY Jn	KN,PY
a-ra-ru-ja	4	KN Sd	KN
a-ni-ja-pi	4	KN Sd	KN
a-na-mo-to	4	KN Sf	KN
o-pa-wo-ta	4	KN Sk,PY Sh	KN,PY
de-do-me-na	4	KN So,KN U	KN
ka-pa-ri-jo	4	KN U,KN V,KN Vc	KN
i-wa-ka	4	KN Uf,KN V,PY Jn,PY Ub	KN,PY
o-u-te-mi	4	KN V	KN
su-ko	4	KN V,KN X,PY Eb,PY Ep	KN,PY
ru-ro	4	KN V,PY Aq,PY Jo	KN,PY
o-na-se-u	4	KN V,PY Jn	KN,PY
mi-ka-ta	4	KN Vc,PY An,PY Eb,PY Fn	KN,PY
ka-sa-to	4	KN Vc,MY Go,PY An,PY Jn	KN,MY,PY
do-ke	4	KN Wm,KN X,KN Xe	KN
ta-to-mo	4	KN Ws,PY Cn,PY Vn	KN,PY
o-ka	4	KN Xd,PY Es,PY Ub	KN,PY
a-ke	4	KN Xd,MY Ue,PY Tn	KN,MY,PY
na-su-to	4	MY Au	MY
de-mi-ni-ja	4	MY V,PY Un,PY Vn	MY,PY
tu-ka-te-qe	4	MY V	MY
ki-ra-qe	4	MY V	MY
o-wi-to-no	4	PY Aa,PY Ab,PY An,PY Aq	PY
tu-ra-te-u	4	PY Ae	PY
ro-o-wa	4	PY An,PY Mn,PY Nn	PY
qo-u-ko-ro	4	PY An,PY Nn,TI Ef	PY,TI
a-pi-jo-to	4	PY An	PY
e-sa-re-wi-ja	4	PY An,PY Ma,PY Vn	PY
ti-mi-ti-ja	4	PY Aq,PY Jo,PY Vn	PY
e-na-po-ro	4	PY Cn,PY Na,PY Nn,PY Vn	PY
a-ka-ma-wo	4	PY Cn,PY Jn	PY
se-no	4	PY Cn,PY Es	PY
a-we-ke-se-u	4	PY Cn,PY Jn	PY
a-ko-ro-we	4	PY Cn	PY
a2-pa-tu-wo-te	4	PY Cn	PY
o-re-e-wo	4	PY Cn	PY
a-ke-ro	4	PY Cn,PY Ea,PY Jo,PY Vn	PY
a-pi-a2-ro	4	PY Ea,PY Qa	PY
qo-qo-ta-o	4	PY Ea	PY
ta-ra-ma-ta	4	PY Ea,PY Vn	PY
po-me-ne	4	PY Ea,PY Nn	PY
e-to-ni-jo	4	PY Eb,PY Ep	PY
ka-pa-ti-ja	4	PY Eb,PY Ep,PY Un	PY
ke-me-na	4	PY Eb	PY
pe-ki-ta	4	PY En,PY Eo	PY
e-*65-to	4	PY En,PY Eo	PY
pi-ke-re-wo	4	PY En,PY Eo	PY
a-ma-ru-ta	4	PY Eo	PY
so-de	4	PY Eq,PY Fr	PY
do-e-ro-i	4	PY Fn	PY
wo-do-we	4	PY Fr	PY
wa-na-so-i	4	PY Fr	PY
qa-si-re-u	4	PY Jn,PY Jo	PY
au-ke-wa	4	PY Jo,PY Ta	PY
i-na-ma-ta	4	PY Ma	PY
si-re-wa	4	PY Ma,PY Mn	PY
a-pi-no-e-wi-jo	4	PY Mb,PY Nn,PY Vn	PY
o-u-di-do-to	4	PY Ng	PY
te-tu-ko-wo-a2	4	PY Sa	PY
za-ku-si-ja	4	PY Sa	PY
ta-na-wa	4	PY Sa	PY
no-pe-re-e	4	PY Sa	PY
qe-to-ro-we	4	PY Ta	PY
to-qi-de	4	PY Ta	PY
qe-qi-no-me-na	4	PY Ta	PY
te-ke	4	PY Ta	PY
a-mo-te-wi-ja	4	PY Ta	PY
ko-ro-no-we-sa	4	PY Ta	PY
ku-na-ja	4	PY Ta	PY
to-qi-de-we-sa	4	PY Ta	PY
ta-ra-nu-we	4	PY Ta,PY Vn	PY
i-je-to-qe	4	PY Tn	PY
qe-te-a2	4	PY Un,TH Wu	PY,TH
a-ko-so-ne	4	PY Va,PY Vn	PY
ma-ka	4	TH Fq,TH Gp,TH X	TH
e-pe-i-ja-o	4	TH Ug	TH
ku-do-ni-ja-de	3	KN L	KN
to-ro-wo	3	KN Ag,PY Vn,TH Gp	KN,PY,TH
di-ka	3	KN Ai,KN Sc,KN Xd	KN
si-ra-ko	3	KN Ai,KN B,KN Db	KN
a-mi-ni-si-jo	3	KN Am,KN Vc,KN X	KN
we-ke-i-ja	3	KN Am	KN
ko-pe-re-u	3	KN Am,PY Es	KN,PY
e-qe-ta	3	KN Am,KN B,PY Wa	KN,PY
ne-o	3	KN Ap,KN V,PY Es	KN,PY
ka-ra-we	3	KN Ap	KN
ka-mo	3	KN As,KN Db,KN Dq	KN
u-ta	3	KN As,KN Dv,KN X	KN
ta-ta-ro	3	KN As,PY Eo,PY Ep	KN,PY
o-pi-si-jo	3	KN As,PY Jn	KN,PY
du-to	3	KN As,KN Dc	KN
du-ru-po	3	KN As,KN Fh	KN
ti-qa-jo	3	KN As,PY Eo,PY Jn	KN,PY
i-to	3	KN As,KN D,KN Dq	KN
di-zo	3	KN As,KN V	KN
pi-ma-na-ro	3	KN As,KN V	KN
a-*56-no	3	KN As,KN C,KN Dv	KN
o-ku	3	KN As,KN Da,KN Dl	KN
i-se-we-ri-jo	3	KN B,KN L,KN X	KN
pa-no	3	KN B,KN X,KN Xd	KN
o-pe	3	KN B,KN Nc,KN X	KN
a-pe-o-te	3	KN B,KN Bg	KN
po-ku	3	KN B,KN C	KN
pa-qo-si-jo	3	KN B,PY Jn	KN,PY
do-ti-jo	3	KN B,KN Dl,KN V	KN
si-ra-ro	3	KN C,KN Co	KN
wo-we-u	3	KN C,KN Uf,PY Ae	KN,PY
te-re	3	KN C,PY Mn,PY Xa	KN,PY
ko-to	3	KN C,KN Vd,PY Ep	KN,PY
ko-ma-we-te	3	KN C,PY Cn	KN,PY
a-pi-qo-ta	3	KN C,PY Jn	KN,PY
ka-ta	3	KN C,KN V,PY Ep	KN,PY
pe-re-qo-ta	3	KN Ce,PY Eb,PY En	KN,PY
re-u-ka-ta	3	KN Ce,PY Jn	KN,PY
e-po	3	KN Ce,KN Ws,PY Vn	KN,PY
ni-to	3	KN Ch,KN D,KN Dq	KN
a-ko-ra-ja	3	KN Co	KN
a-di-je-wo	3	KN D	KN
ko-we	3	KN D,KN Ws,KN X	KN
ri-wi-so	3	KN Da,KN Dv,KN Ga	KN
ne-u	3	KN Da,KN Vc,PY Jn	KN,PY
te-ra-po-si-jo	3	KN Da,KN Db,KN Lc	KN
a-nu-mo	3	KN Da,KN De,KN V	KN
te-u	3	KN Da,KN X	KN
a-wa-so	3	KN Db,KN Mc	KN
ra-so	3	KN Db,KN X,PY Ep	KN,PY
na-pu-ti-jo	3	KN Db,PY Jn	KN,PY
de-ke-se-u	3	KN Db,KN Df	KN
da-*22	3	KN Db,KN Dq,KN X	KN
po-ro-u-te-u	3	KN Dc,PY Jn	KN,PY
da-*83-jo	3	KN Dc,KN V,KN Vc	KN
e-ke-me-de	3	KN Dd,KN U,PY Jo	KN,PY
qa-ra-su-ti-jo	3	KN Dd,KN Nc,KN Xd	KN
o-na-jo	3	KN Dd,KN E,PY Jn	KN,PY
a-ko-mo-ni-jo	3	KN De,KN Dk	KN
si-ta-ro	3	KN De,KN Dg,KN X	KN
ta-u-na-so	3	KN De,KN Dv,KN Ga	KN
qe-da-do-ro	3	KN De,KN Uf,TH Gp	KN,TH
ta-de-so	3	KN De,KN Df,KN V	KN
a-ke-u	3	KN De,KN Dv,KN V	KN
a-ra-si-jo	3	KN Df,KN Fh,KN X	KN
e-to	3	KN Dh,KN Xe,PY Va	KN,PY
si-da-jo	3	KN Dl,KN Nc,KN Od	KN
ma-ri	3	KN Dl,KN Ga	KN
pa-re	3	KN Dl,KN Sc	KN
ta-o	3	KN Dq,PY Cn	KN,PY
do-ro	3	KN Dv,KN X,PY Wa	KN,PY
di-wo	3	KN Dv,KN E,PY Tn	KN,PY
ti-jo	3	KN Dv,KN L,KN V	KN
te-jo	3	KN Dv,KN L,KN X	KN
tu-ri-si-jo	3	KN E,KN Og	KN
ra-ti-jo	3	KN E,KN X	KN
te-o-i	3	KN E,PY Fr	KN,PY
e-me-si-jo-jo	3	KN E,KN Lc,KN X	KN
pa-na-so	3	KN E,KN Uf,KN X	KN
di-we	3	KN F,KN Fp,PY Tn	KN,PY
ta-pa-no	3	KN F,KN Sc,KN X	KN
su-za	3	KN F,KN Gv	KN
ke-ki	3	KN F,PY Jn	KN,PY
a3-ki-pa-ta	3	KN Fh,PY Ae	KN,PY
si-ja	3	KN Fh,KN L,KN Xe	KN
e-to-wo-ko	3	KN Fh,PY An,PY Fn	KN,PY
wa-ja	3	KN Fh,KN L,PY Xn	KN,PY
wo-de-wi-jo	3	KN Fp,KN V	KN
do-si	3	KN Ga,KN X	KN
ku-pa-ro	3	KN Ga	KN
ki-ta-no	3	KN Ga,KN X	KN
o-ne	3	KN Gg	KN
re-u-ka	3	KN L,KN Ld,KN U	KN
sa-mu-ta-jo	3	KN L,PY Jn,PY Vn	KN,PY
ri-ta	3	KN L	KN
e-me	3	KN L,PY Ta	KN,PY
to-u-ka	3	KN Lc	KN
ta-ra-si	3	KN Lc,PY Jn	KN,PY
e-pi-qe	3	KN Lc,PY Eb,PY Ep	KN,PY
ne-ja	3	KN Lc,KN X,PY Xa	KN,PY
ke-se-nu-wi-ja	3	KN Ld	KN
o-nu-ka	3	KN Ld,KN Od	KN
e-ru-ta-ra-pi	3	KN Ld	KN
ti-ri	3	KN Ld,KN X	KN
wi-ri-za	3	KN Od,PY Un	KN,PY
ka-ka	3	KN R,TH Of	KN,TH
pa-ka	3	KN Ra,KN V	KN
me-nu-wa	3	KN Sc,KN V,KN Xd	KN
a-ko-to	3	KN Sc,KN Xd	KN
pa-wa-wo	3	KN Sc,PY Cn,PY Vn	KN,PY
i-qo-e-qe	3	KN Sd	KN
we-jo	3	KN Sd,PY Eq,PY Xn	KN,PY
mi-to-we-sa	3	KN Sd	KN
qi-ja	3	KN Sd,KN Sf	KN
u-po	3	KN Sd,PY Ub	KN,PY
a-na-to	3	KN Sf,KN Sg	KN
na-u-do-mo	3	KN U,PY Na,PY Vn	KN,PY
a-nu	3	KN U,KN V	KN
po-ru-da-si-jo	3	KN V,PY An,PY Aq	KN,PY
na-e-si-jo	3	KN V,PY Jn,TH Av	KN,PY,TH
pe-ri-to-wo	3	KN V,KN Vc,KN X	KN
da-*22-ti-ja	3	KN V,KN Xe	KN
zo-wi-jo	3	KN V,PY Cn	KN,PY
e-u-po-ro-wo	3	KN V,PY Jn	KN,PY
pe-re-ta	3	KN V,PY Jn	KN,PY
o-ko-te	3	KN Vc,KN Vd,KN Xd	KN
pa-pa-ro	3	KN Vc,KN Xd,PY Cn	KN,PY
me-sa-to	3	KN Wm	KN
pa-ta-ja	3	KN Ws	KN
ka-ta-no	3	KN X,PY Eb,PY Ep	KN,PY
sa-ma	3	KN X,PY On	KN,PY
di-wi-ja	3	KN Xd,PY An,TH Gp	KN,PY,TH
a-ti	3	KN Xd,PY Fn,PY Vn	KN,PY
ri-so-wa	3	KN Xd,PY An,PY Aq	KN,PY
e-zo-wo	3	KN Xe,PY Cn	KN,PY
po-me-no	3	KN Xe,PY Ea	KN,PY
ku-ri-sa-to	3	KN Xf,PY Cn,PY Jn	KN,PY
te-ra-wo	3	MY Au	MY
ke-re-no	3	MY Au,PY Cn	MY,PY
mo-i-da	3	MY Au	MY
a-ne-a2	3	MY Fo,MY V	MY
ma-no	3	MY Fo,MY V	MY
a-ke-ti-ri-ja-i	3	MY Fo,PY Fn,PY Un	MY,PY
pa-ke-te-re	3	MY Ue,PY Vn,PY Wr	MY,PY
ko-na	3	MY Ue,PY Ep,TH X	MY,PY,TH
a3-so-ni-jo	3	MY Ui,PY Jn	MY,PY
po-to-ro-wa-pi	3	PY Aa,PY La,PY Na	PY
a-ra-ka-te-ja	3	PY Aa,TH Of	PY,TH
ke-re-za	3	PY Aa,PY Ab	PY
re-wo-to-ro-ko-wo	3	PY Aa,PY Ab,PY Ad	PY
du-ni-jo-jo	3	PY Ae	PY
me-tu-ra	3	PY Ae	PY
su-ra-se	3	PY Ae	PY
i-*65	3	PY Ae,PY An,PY Aq	PY
pe-re-ke-we	3	PY Ae,TH Oh	PY,TH
po-ra-pi	3	PY An,PY Mn,PY Nn	PY
pu-ka-wo	3	PY An	PY
o-pi-te-u-ke-e-we	3	PY An,PY Fn	PY
pu-ko-ro	3	PY An,PY Fn,PY Jn	PY
me-nu-a2	3	PY An,PY Aq,PY Qa	PY
ma-ra-te-u	3	PY An,PY Aq,PY Cn	PY
tu-ru-we-u	3	PY An,PY Cn	PY
a-ke-re-se	3	PY Aq	PY
ne-qe-u	3	PY Aq,PY Jn,PY Qa	PY
e-ru-ta-ra	3	PY Aq,PY Ub	PY
a-ke-o	3	PY Cc,PY Mb,PY Xa	PY
me-za-na	3	PY Cn,PY Sh	PY
e-re-u-te-re	3	PY Cn,PY Wa	PY
a-ko-to-wo	3	PY Cn,PY Jn	PY
ka-ra-u-ko	3	PY Cn,PY Jn	PY
ra-ma-jo	3	PY Cn,PY Jn	PY
a-ka-na-jo	3	PY Cn	PY
o-ko	3	PY Cn,PY Eb,PY Ep	PY
i-ma-di-jo	3	PY Cn,PY Ea,PY Jn	PY
e-ra-te-re-wa-pi	3	PY Cn,PY Jn,PY Vn	PY
re-qa-se-wo	3	PY Cn	PY
ti-ri-da-ro	3	PY Ea	PY
e-ka-ra	3	PY Ea,PY Ta	PY
o-ke-u	3	PY Ea	PY
wo-ze	3	PY Ea,PY Ep	PY
ra-wa-ke-si-jo-jo	3	PY Ea	PY
e-u-me-ne	3	PY Ea,PY Jn	PY
e-u-me-de	3	PY Ea	PY
mo-ro-qo-ro-jo	3	PY Ea	PY
a-no-no	3	PY Ea,PY Eb,PY Ep	PY
a-re-po-zo-o	3	PY Ea,PY Fg	PY
ke-ke	3	PY Eb	PY
ke-qe	3	PY Eb,PY Ep	PY
ke-ke-me-na-o	3	PY Eb,PY Ed,PY Ep	PY
du-wo-u-pi	3	PY Eb,PY Ep	PY
do-e	3	PY Eb,PY En	PY
a-da-ma-o	3	PY Eb,PY Ep,PY Jn	PY
ra-su-ro	3	PY Eb,PY En,PY Ep	PY
te-te-re-u	3	PY Eb,PY Ep,PY Jn	PY
ki-ti-me	3	PY En,PY Eo	PY
ke-ra-me-wo	3	PY En,PY Eo	PY
pe-qo-ta	3	PY En,PY Eo	PY
po-so-re-ja	3	PY Eo,PY Ep	PY
o-po-ro-me-no	3	PY Es	PY
a3-ki-wa-ro	3	PY Es	PY
pi-ro-ta-wo	3	PY Es	PY
we-da-ne-we	3	PY Es	PY
pi-ri	3	PY Fn,PY Ua,TH Gp	PY,TH
we-ja-re-pe	3	PY Fr	PY
we-a-re-pe	3	PY Fr	PY
pa-ki-ja-na-de	3	PY Fr,PY Vn	PY
di-pi-si-jo-i	3	PY Fr	PY
a-ro-pa	3	PY Fr	PY
jo-i	3	PY Fr,TH Gp	PY,TH
mo-re-u	3	PY Jn	PY
a-e-ri-qo	3	PY Jn,TH Wu	PY,TH
po-so-ro	3	PY Jn	PY
ma-no-u-ro	3	PY Jn	PY
na-i-se-wi-jo	3	PY Jn,PY Mn	PY
ko-re-te-re	3	PY Jn,PY Na,PY Xn	PY
pa-ki-ja-pi	3	PY Jn,PY Ma	PY
do-si-mi-ja	3	PY Ma	PY
sa-ma-ra	3	PY Ma,PY Wa	PY
a3-me-wa	3	PY Mb,PY Vn,PY Xa	PY
me-te-to	3	PY Mn,PY Na,PY Vn	PY
e-wi-te-wi-jo	3	PY Mn,PY Na,PY Vn	PY
e-re-u-te-ro-se	3	PY Na	PY
ko-ro-ku-ra-i-jo	3	PY Na	PY
re-u-te-ra	3	PY Na	PY
pe-re-wo-te	3	PY Na,PY Xa	PY
e-sa-re-u	3	PY Na	PY
e-po-me-ne-we	3	PY Na,PY Vn,PY Xn	PY
a-me-ja-to	3	PY Sa,PY Sh	PY
o-pi-ke-re-mi-ni-ja	3	PY Ta	PY
e-ka-ma-pi	3	PY Ta	PY
e-ne-wo-pe-za	3	PY Ta	PY
e-re-pa-te-ja	3	PY Ta	PY
ku-ru-so-qe	3	PY Ta	PY
wa-o	3	PY Ta,TH Ug	PY,TH
do-ra-qe	3	PY Tn	PY
po-re-na-qe	3	PY Tn	PY
pe-re-*82	3	PY Tn,PY Un	PY
a-pe-ne-wo	3	PY Ub	PY
au-ke-i-ja-te-we	3	PY Ub	PY
e-pi-*19-ta	3	PY Vn,TH Wu	PY,TH
ka-pi-ni-ja	3	PY Vn	PY
e-pe-to-i	3	TH Gp	TH
a-ra-o	3	TH Gp	TH
ma-ri-ne-we-ja-i	3	TH Of	TH
po-re-si	3	TH Of	TH
di-u-ja-wo	3	TH Of	TH
te-qa-de	3	TH Wu	TH
ku-do-ni-jo	2	KN Gg	KN
ka-ta-ra-i	2	KN Co	KN
di-wi-jo	2	KH Gq,PY Mb	KH,PY
di-wo-nu-so	2	KH Gq,PY Xa	KH,PY
ko-no-so-de	2	KN C	KN
pe-re-ko	2	KN Ag,KN Xe	KN
e-e-si	2	KN Ai,KN Sd	KN
we-ka-sa	2	KN Ai,TH Gp	KN,TH
to-te-ja	2	KN Ak	KN
ke-ja	2	KN Ak,KN Xd	KN
a-no-zo-jo	2	KN Ak	KN
ne-ki-ri-de	2	KN Ak,KN Ln	KN
e-so-to	2	KN Am	KN
a-mo-ra-ma	2	KN Am	KN
ki-ta-ne-to	2	KN Am,KN Da	KN
e-ki-si-jo	2	KN Am,KN B	KN
a-pa-ta-wa-jo	2	KN Am	KN
si-mi-te-u	2	KN Am,TH Av	KN,TH
a-*79	2	KN Ap,MY Oe	KN,MY
tu-zo	2	KN Ap,KN C	KN
ku-tu-qa-no	2	KN Ap,KN Da	KN
tu-ka-na	2	KN Ap	KN
i-ta-ja	2	KN Ap,KN Xe	KN
ti-no	2	KN Ap,PY An	KN,PY
te-qa-ja	2	KN Ap,PY Ep	KN,PY
di-ka-ta-ro	2	KN As,KN Dd	KN
no-si-ro	2	KN As,KN Ln	KN
ma-di	2	KN As,KN Db	KN
wi-na-to	2	KN As	KN
ni-jo	2	KN As,KN Dq	KN
i-ne-u	2	KN As,KN Xd	KN
pa-ta-u-na	2	KN As	KN
ta-so	2	KN As,KN Dv	KN
ko-me-no	2	KN As,KN B	KN
re-po-so	2	KN As,KN Xe	KN
no-da-ro	2	KN As,KN Dc	KN
sa-ma-ri-wa-ta	2	KN As,KN Dv	KN
po-to	2	KN As,KN Dv	KN
u-ra-mo-no	2	KN As,KN Da	KN
ka-ri-se-u	2	KN As,PY Jn	KN,PY
a3-ko-ta	2	KN As,PY Aq	KN,PY
ru-na	2	KN As,PY Un	KN,PY
pu-wo	2	KN As,KN C	KN
pa-ti	2	KN As,KN Dd	KN
wi-ja-ma-ro	2	KN As,KN Da	KN
wi-ra-ne-to	2	KN As,KN Dv	KN
e-ru-to-ro	2	KN As,KN Dk	KN
ke-ka-to	2	KN As,PY Pn	KN,PY
e-sa-re-we	2	KN As,PY Cn	KN,PY
a3-ni-jo	2	KN As,TH Gp	KN,TH
wi-ja	2	KN As	KN
we-e	2	KN As,KN D	KN
qa-ti-ja	2	KN As,KN Fh	KN
a-ta-no	2	KN As,KN Vc	KN
ke-sa-do-ro	2	KN As,PY Vn	KN,PY
sa-zo	2	KN As,KN Dv	KN
ze-ro	2	KN As,KN Da	KN
ku-ka-so	2	KN As,KN V	KN
wa-je	2	KN As,KN V	KN
o-du	2	KN As,KN V	KN
me-ri-to	2	KN As,PY Un	KN,PY
ma-jo	2	KN As,KN Dv	KN
ra-ni	2	KN B,KN X	KN
ko-wi-ro-wo-ko	2	KN B	KN
a-ke-ta	2	KN B,PY Cn	KN,PY
ra-wo-qo-no	2	KN B,KN Mc	KN
ke-do-si-ja	2	KN B	KN
pa-wi-no	2	KN B	KN
e-u-da-mo	2	KN B,KN V	KN
ke-ro	2	KN B,PY Jn	KN,PY
ke-ro-te	2	KN B,PY Jn	KN,PY
ma-ma-ro	2	KN B,PY Cn	KN,PY
ki-u-ro	2	KN B,KN Dl	KN
a-pi-me-de	2	KN B,PY Eb	KN,PY
pu-ra	2	KN B,KN V	KN
ma-di-qo	2	KN B,KN Db	KN
mi-jo	2	KN B,PY Fn	KN,PY
tu-wi-jo	2	KN B	KN
ta-pa-e-o-te	2	KN B	KN
pe-ri-te-u	2	KN B,KN C	KN
e-ri-ko	2	KN B,KN Xf	KN
ki-jo	2	KN Bg,KN Ga	KN
da-nu-wo	2	KN C	KN
a-pa-ta-wa	2	KN C,KN Co	KN
de-ki-si-wo	2	KN C,PY Cn	KN,PY
ra-ri-di-jo	2	KN C	KN
re-ko-no-jo	2	KN C	KN
qa-sa-ko	2	KN C,KN Dd	KN
ka-sa-ro	2	KN C,KN Dv	KN
du-ma	2	KN C	KN
e-ra-wo	2	KN C,PY Fr	KN,PY
ke-u-po-da-o	2	KN C,KN Dq	KN
i-qo	2	KN Ca,PY Fa	KN,PY
a-qi-ru	2	KN Ce	KN
ta-ra-me-to	2	KN Ce	KN
ra-wo-ti-jo	2	KN Ce,KN Vc	KN
ka-ti	2	KN Ce,PY Tn	KN,PY
ke-ra-no-qe	2	KN Ch	KN
a3-wo-ro	2	KN Ch	KN
wo-ro-qe	2	KN Ch	KN
to-ma-ko-qe	2	KN Ch	KN
po-da-ko-qe	2	KN Ch	KN
a3-zo-ro-qe	2	KN Ch	KN
di-ko-to	2	KN D	KN
e-ma-a2-o	2	KN D	KN
ra-wo-qo-no-jo	2	KN D,KN Dl	KN
a-no-qo	2	KN D,KN Da	KN
u-ka	2	KN D,KN Lc	KN
ru-na-mo	2	KN Da	KN
*56-du-nu-ka	2	KN Da,KN Dv	KN
sa-ma-ri-jo	2	KN Da,KN Np	KN
a-me-a	2	KN Da,KN Od	KN
ku-mi-so	2	KN Da,KN X	KN
a3-ta-ro-we	2	KN Da,PY Cn	KN,PY
ka-ne-u-ta	2	KN Da,KN X	KN
ku-ta-si-jo	2	KN Da,KN Dv	KN
da-ja-ro	2	KN Da,KN Dc	KN
ma-ri-ti-wi-jo	2	KN Da,PY Cn	KN,PY
ti-ko-ro	2	KN Da,PY Cn	KN,PY
qa-si-da-ro	2	KN Db,KN Dv	KN
ta-na-po-so	2	KN Db,KN Dv	KN
ta-za	2	KN Db,KN Dv	KN
ko-ri-jo	2	KN Db,KN Nc	KN
je-zo	2	KN Db,KN Dv	KN
tu-qa-ni-ja-so	2	KN Db,KN Np	KN
a3-ke-wa-to	2	KN Db,KN Dv	KN
qa-sa-ro-we	2	KN Db,KN Np	KN
*56-ri-to	2	KN Db,KN Xe	KN
ka-ni-to	2	KN Db,KN Dh	KN
su-ri	2	KN Db,KN Dv	KN
ko-ti	2	KN Db,KN De	KN
a-ku-di-ri-jo	2	KN Dc,KN Xd	KN
de-a-ta	2	KN Dc,KN Df	KN
pu-da-so	2	KN Dc,KN V	KN
a-te	2	KN Dc,KN Dv	KN
re-me-to	2	KN Dd,KN Pp	KN
du-ni	2	KN Dd	KN
u-wa-ta	2	KN Dd,PY Jn	KN,PY
za-ra-ro	2	KN Dd,KN Dk	KN
a-te-i-ja-ta	2	KN Dd,KN Dk	KN
ku-ja-ro	2	KN De,KN X	KN
ka-mi-ni-to	2	KN De,KN Dk	KN
qo-te-jo	2	KN De,KN Dn	KN
pe-po-ro	2	KN De,PY Jn	KN,PY
ti-mi-za	2	KN Df,KN Dk	KN
ko-we-jo	2	KN Dk,KN Dq	KN
da-to-ro	2	KN Dk,KN Dv	KN
ka-da-no	2	KN Dk,KN Dv	KN
ru-wo	2	KN Dk,KN X	KN
ka-ru-no	2	KN Dl	KN
*56-ko-we-e	2	KN Dl	KN
di-ta-ka-so	2	KN Dl,KN Ga	KN
e-se-re-e-jo	2	KN Dl	KN
pa-ti-ti-ja	2	KN Dl	KN
ta-to	2	KN Dm,KN Mc	KN
to-u-na-ta	2	KN Dm,KN Dv	KN
*56-ko-we-i	2	KN Dm,KN Dn	KN
i-ja	2	KN Do,KN Xd	KN
po-ti-ni-ja-we-ja	2	KN Dp,KN G	KN
po-ka	2	KN Dp	KN
pe-ri-qo-ta-o	2	KN Dq	KN
to-i-ja	2	KN Dq,KN E	KN
wi-jo-qo-ta-o	2	KN Dq,KN Ld	KN
da-*83-ja	2	KN Dv,KN X	KN
a-ka-ta-jo	2	KN Dv,PY Eo	KN,PY
ka-to	2	KN Dv	KN
do-ti	2	KN Dv,KN Xe	KN
ta-we-si-jo	2	KN Dv	KN
po-ro-ko	2	KN Dv,PY Jn	KN,PY
ru-na-so	2	KN Dv	KN
a-wo-i-jo	2	KN Dv,PY Cn	KN,PY
qi-ja-zo	2	KN Dv,KN Xe	KN
di-za-so	2	KN Dv,KN Pp	KN
we-wa-do-ro	2	KN Dv,KN Sc	KN
tu-ti	2	KN Dv,KN V	KN
wo-ti-jo	2	KN Dv,PY Jn	KN,PY
wo-jo	2	KN Dv,PY Eb	KN,PY
di-ki	2	KN Dv,KN Xd	KN
da-ma	2	KN Dv,KN X	KN
tu-ni	2	KN Dv,KN Le	KN
pi-ra-me-no	2	KN E,PY Jn	KN,PY
da-*22-ti-jo	2	KN E,KN Mc	KN
ti-ri-ti-jo	2	KN E	KN
qa-mi-jo	2	KN E,KN Og	KN
ki-ri-te-wi-ja-i	2	KN E	KN
pe-ra	2	KN E,MY Ue	KN,MY
ri-mi-jo	2	KN E,KN Og	KN
a-e-da-do-ro	2	KN F,KN Sc	KN
a-me-ja	2	KN F,KN Xd	KN
ka-po	2	KN F,KN X	KN
e-pi-ke-re	2	KN F	KN
to-qa	2	KN Fh	KN
ka-ro	2	KN Fh,PY Ub	KN,PY
ma-ro-ne	2	KN Fh	KN
po-ro-ko-wa	2	KN Fh	KN
de-ma-si	2	KN Fh	KN
to-ro-qa	2	KN Fh	KN
*83-ja-de	2	KN Fh	KN
pu-do-si	2	KN Fh,KN X	KN
tu-ri	2	KN Fh,KN X	KN
e-ri-nu	2	KN Fh,KN Fp	KN
e-ra-jo	2	KN Fh,KN V	KN
pe-da	2	KN Fh,KN V	KN
wi-ri-ne-we	2	KN Fh	KN
to-ro-qo	2	KN Fh,KN Od	KN
za-we-te	2	KN Fh	KN
ru-ki	2	KN Fh,KN V	KN
*56-ti	2	KN Fh,KN Fp	KN
da-da-re-jo-de	2	KN Fp,KN X	KN
si-ja-ma-to	2	KN Fp,KN U	KN
pa-sa	2	KN G,KN X	KN
ki-ri-ta	2	KN G,KN Ld	KN
*22-ti-ja	2	KN G,KN Lc	KN
su-ri-mi-jo	2	KN Ga	KN
ko-ri	2	KN Ga,PY Nn	KN,PY
e-we-de-u	2	KN Ga,KN Vc	KN
ku-pa	2	KN Ga,KN X	KN
a-ka-wo	2	KN Ga,PY Jo	KN,PY
ri-jo-de	2	KN Ga,PY Vn	KN,PY
pa-sa-ja	2	KN Ga,KN X	KN
wo-ne-we	2	KN Ga,PY Cn	KN,PY
ni-ki-jo	2	KN Ga,KN Od	KN
ni-ki	2	KN Ga,KN X	KN
ko-no-ni-pi	2	KN K,PY Ta	KN,PY
da-mi	2	KN K,KN Wb	KN
*47-ti-jo	2	KN K,KN V	KN
ka-ra-re-we	2	KN K,PY Fr	KN,PY
pe-ri-ta	2	KN K,KN V	KN
i-da-i-jo	2	KN K,TH Of	KN,TH
we-we-e-a	2	KN L	KN
a-du	2	KN L,KN X	KN
po-ki-ro	2	KN L,KN Ld	KN
ki-ro-nu-ka	2	KN L,KN Ld	KN
nu-wa-ja	2	KN L	KN
pa-we-o	2	KN L	KN
re-po-to	2	KN L,PY Un	KN,PY
ne-we	2	KN L,TH Ug	KN,TH
wo-ke	2	KN L,PY Sh	KN,PY
me-sa-ta	2	KN L	KN
pa-we	2	KN L,KN Ld	KN
o-pi-si-ri-ja-we	2	KN L,KN Lc	KN
e-ro-pa-ke-ja	2	KN Lc,KN Ld	KN
ke-ri-mi-ja	2	KN Lc,PY An	KN,PY
u-ra	2	KN Lc,PY La	KN,PY
we-si-jo-jo	2	KN Lc,KN X	KN
po-ki-ro-nu-ka	2	KN Ld	KN
ta-wo-ne	2	KN Ld	KN
ke-ro-ta	2	KN Ld	KN
a-*34-ka	2	KN Ld	KN
pa-we-a2	2	KN Ld,MY L	KN,MY
da-*22-ti	2	KN Ld,KN X	KN
te-pe-ja	2	KN Le,TH Of	KN,TH
de-ko-to	2	KN Le,PY Cn	KN,PY
e-ki	2	KN Le,KN Od	KN
ru-ki-ti-ja	2	KN Ln,KN Xd	KN
ti-mu-nu-we	2	KN M,KN Od	KN
re-ne	2	KN M,KN X	KN
a-ko-ro-ta	2	KN Mc,MY Go	KN,MY
tu-ri-jo	2	KN Nc,PY Jn	KN,PY
mi-ni-so	2	KN Nc,KN Uf	KN
ta-jo	2	KN Nc,PY Jn	KN,PY
e-to-ro-qa-ta	2	KN Oa,KN U	KN
a-ti-pa-mo	2	KN Od,PY Jn	KN,PY
a-to-mo-na	2	KN Od	KN
ke-re-wa	2	KN Od,KN Xd	KN
a-pu-do-ke	2	KN Od,TH Wu	KN,TH
da-i-ra	2	KN Od,KN V	KN
mo-ri-wo-do	2	KN Og	KN
ka-te-ro	2	KN Og,PY Eb	KN,PY
e-pi-zo-ta	2	KN Ra	KN
ke-ra	2	KN Ra	KN
qo-jo	2	KN Ra	KN
a-mi-to-no	2	KN Ra	KN
pi-ri-te	2	KN Ra	KN
da-zo	2	KN Ra	KN
ka-na	2	KN Ra	KN
ra-ru-wo-a	2	KN Ra	KN
a-ra-ru	2	KN Ra	KN
o-wa-si-jo	2	KN Ra	KN
si-ko-no	2	KN Ra	KN
ka-si-ko	2	KN Ra	KN
de-de-me	2	KN Ra	KN
ti-ri-jo-qa	2	KN Sc,KN Xd	KN
ku-ne	2	KN Sc,MY Fu	KN,MY
to-wo	2	KN Sc,KN X	KN
i-qi-jo	2	KN Sd	KN
pe-qa-to	2	KN Sd	KN
wi-re-ne-o	2	KN Sd	KN
wi-ri-ne-o	2	KN Sd,KN Sf	KN
e-re-pa	2	KN Sd,PY Va	KN,PY
do-we-jo	2	KN Sd	KN
wi-ri-ne-jo	2	KN Sd	KN
ja-pi	2	KN Sd,PY Eb	KN,PY
a3-ki-no-o	2	KN Se	KN
e-re-pa-te-jo-pi	2	KN Se	KN
e-wi-su-zo-ko	2	KN Se	KN
e-re-pa-te-o	2	KN Se,KN X	KN
e-ka-te-jo	2	KN Sf,KN X	KN
a-re-ki-si-to-jo	2	KN Sf,KN So	KN
a-mo	2	KN Sg,KN X	KN
o-da-ke-we-ta	2	KN Sg,KN So	KN
pa-ra-wa-jo	2	KN Sk,PY Sh	KN,PY
e-po-mi-jo	2	KN Sk	KN
ko-ru	2	KN Sk,TH Fq	KN,TH
a-re-ki-si-to	2	KN So,PY Vn	KN,PY
we-ka-di-jo	2	KN U,KN V	KN
i-ra-ta	2	KN Uf,PY En	KN,PY
pe-ri-qo-ta	2	KN Uf,PY Jn	KN,PY
e-ke-da-mo	2	KN Uf,PY Cn	KN,PY
ku-no	2	KN Uf,TH Gp	KN,TH
wo-di-jo	2	KN V,PY Jn	KN,PY
pa-ze	2	KN V	KN
we-re-we	2	KN V	KN
e-pi	2	KN V,PY Un	KN,PY
qe-ra-jo	2	KN V,KN Vc	KN
nu-to	2	KN V	KN
wa-du-na	2	KN V	KN
po-ti	2	KN V,PY Eb	KN,PY
ka-so	2	KN V,PY Cn	KN,PY
ma-ti-ko	2	KN V,KN Vc	KN
a-ke-re-mo-no	2	KN V	KN
do-ri-ka-o	2	KN V,PY Jo	KN,PY
ka-di-ti-ja	2	KN V	KN
a-tu-qo-te-ra-to	2	KN V	KN
pi-ro-i-ta	2	KN V	KN
po-da	2	KN V	KN
ja-ro	2	KN V,PY Xn	KN,PY
qe-re-ma-o	2	KN V,PY Qa	KN,PY
ka-ra-na-ta	2	KN Vc,KN Xd	KN
ka-no	2	KN Vc,TH Ft	KN,TH
wa-ke-i-jo	2	KN Vc	KN
di-wi-ja-wo	2	KN Vc,TH Ug	KN,TH
a-ke-ra-wo	2	KN Vc,PY Cn	KN,PY
pe-qe-u	2	KN Vd,PY Jn	KN,PY
jo-jo	2	KN Wb,KN X	KN
pi-mo-no	2	KN Wm,KN Xe	KN
ma-se	2	KN Ws,KN Xd	KN
te-pa	2	KN Ws,KN X	KN
ke-ni-qa	2	KN Ws	KN
a-sa-mi-to	2	KN Ws	KN
a-mo-te-re	2	KN X,KN Xe	KN
ti-ta-ma	2	KN X	KN
te-wi-ja	2	KN X,PY Wa	KN,PY
ki-ri	2	KN X,KN Xd	KN
e-qe	2	KN X,KN Xd	KN
pa-ta-re	2	KN X,KN Xd	KN
ta-wo	2	KN X,PY Eo	KN,PY
re-wa	2	KN X,PY Jn	KN,PY
a-wa	2	KN X,KN Xd	KN
a-e	2	KN Xd,PY Qa	KN,PY
qe-re-wa	2	KN Xd	KN
a-qi-ra	2	KN Xd	KN
po-ki	2	KN Xd,PY Xn	KN,PY
ra-wi	2	KN Xd,KN Xf	KN
ru-wa	2	KN Xd,PY Un	KN,PY
e-u	2	KN Xd,PY Cn	KN,PY
te-i-ja	2	KN Xe,PY Fr	KN,PY
pa-ra-ku	2	KN Xf,PY Cn	KN,PY
ka-ta-ro	2	KN Xf,MY Z	KN,MY
i-jo-qe	2	MY Au	MY
e-ke-ne	2	MY Au	MY
e-u-po-ro-qe	2	MY Au	MY
wa-a2-ta	2	MY Au	MY
de-u-ki-jo-qe	2	MY Au	MY
o-ri-ko	2	MY Au	MY
qa-ru-ko	2	MY Au	MY
ke-ra-so	2	MY Fo,MY V	MY
e-ro-pa-ke-ta	2	MY Fo	MY
a-po-re-we	2	MY Ue,TH Ka	MY,TH
pe-ri-ke	2	MY Ue,TH Av	MY,TH
ti-ri-po-di-ko	2	MY Ue,PY Cn	MY,PY
ke-ko-jo	2	MY Ui,PY Fn	MY,PY
ri-su-ra	2	MY V	MY
qo-ta-qe	2	MY V	MY
e-ri-tu-pi-na	2	MY V	MY
o-to-wo-wi-je	2	MY V	MY
pi-ro-wo-na	2	MY V	MY
ke-ti-de-qe	2	MY V	MY
me-re-ti-ri-ja	2	PY Aa	PY
we-we-si-je-ja	2	PY Aa,PY Ab	PY
e-u-de-we-ro	2	PY Aa,PY Ad	PY
a-da-ra-te-ja	2	PY Aa,PY Ab	PY
ne-wo-pe-o	2	PY Aa,PY Cc	PY
ri-ne-ja-o	2	PY Ad	PY
i-na-ni-ja	2	PY Ae	PY
ta-ra-ma-ta-o	2	PY Ae,PY Ea	PY
o-ro-me-no	2	PY Ae	PY
ke-ro-wo	2	PY Ae,PY Cn	PY
ta-ra-ma-o	2	PY Ae	PY
pi-ra-jo	2	PY Ae,PY Un	PY
i-je-ro-jo	2	PY Ae	PY
te-ta-ra-ne	2	PY An	PY
a-po-ne-we	2	PY An	PY
te-ko-to-na-pe	2	PY An	PY
pa-ra-we-wo	2	PY An,PY Vn	PY
me-ri-du-ma-te	2	PY An	PY
me-ri-da-ma-te	2	PY An	PY
ko-ma-we	2	PY An,PY Jn	PY
da-ko-ro	2	PY An	PY
a-na-ke-e	2	PY An,PY Aq	PY
ne-wo-ki-to	2	PY An,PY Aq	PY
da-i-ja-ke-re-u	2	PY An,PY Aq	PY
ku-sa-me-ni-jo	2	PY An,PY Aq	PY
e-ke-jo-to	2	PY An,PY Aq	PY
a-ko-to-no	2	PY An,PY Aq	PY
de-wi-jo	2	PY An,PY Aq	PY
e-ko-me-na-ta-o	2	PY An,PY Aq	PY
ke-ki-jo	2	PY An,PY Aq	PY
a-pu-ka	2	PY An,PY Aq	PY
o-wo-to	2	PY An,PY Vn	PY
ta-we-si-jo-jo	2	PY An	PY
pa-ko	2	PY An,PY Fr	PY
ma-te-de	2	PY An	PY
ku-te-re-u-pi	2	PY An,PY Na	PY
ma-te	2	PY An	PY
pa-te-de	2	PY An	PY
o-pi-da-mi-jo	2	PY An,PY Cn	PY
ka-do-wo	2	PY Aq,PY Cn	PY
i-te-re-wa	2	PY Aq,PY Jo	PY
po-ki-ro-qo	2	PY Aq,PY Jo	PY
ma-se-de	2	PY Cc,PY Mn	PY
jo-i-je-si	2	PY Cn	PY
qo-o	2	PY Cn	PY
a2-ra-tu-a	2	PY Cn	PY
u-ru-pi-ja-jo	2	PY Cn,PY Na	PY
a-ka-re-u-te	2	PY Cn	PY
e-ri-no-wo-te	2	PY Cn,PY Mn	PY
wo-tu-wa-ne	2	PY Cn	PY
a-ne-u-te	2	PY Cn	PY
ma-u-ti-jo	2	PY Cn,PY Jn	PY
ka-ta-wa	2	PY Cn,PY Jn	PY
pe-qe-we	2	PY Cn,PY Fn	PY
po-ko-ro	2	PY Cn	PY
ka-ra-wa-ni-ta	2	PY Cn	PY
wi-ja-te-we	2	PY Cn	PY
o-ku-ka	2	PY Cn	PY
ko-ru-no	2	PY Cn	PY
o-wa-ko	2	PY Cn,PY Jn	PY
to-ro-wi	2	PY Cn,PY Jn	PY
a-no-po	2	PY Cn,PY Va	PY
e-ti-ra-wo	2	PY Cn	PY
ke-sa-me-no	2	PY Cn,PY Fn	PY
pu-wi-no	2	PY Cn	PY
ka-sa	2	PY Cn,TH Gp	PY,TH
a-no	2	PY Cn,PY Xa	PY
ra-mi-ni-jo	2	PY Cn	PY
we-u-da-ne-we	2	PY Cn	PY
a-ko-ro-we-e	2	PY Cn	PY
a-ta-tu-ro	2	PY Cn,PY Jn	PY
ne-ti-ja-no	2	PY Cn,TH Av	PY,TH
ke-we-no	2	PY Cn,PY Jn	PY
*82-de	2	PY Cn,PY Jn	PY
ma-ra-ni-jo	2	PY Cn	PY
a-ri-wo	2	PY Cn,PY La	PY
e-re-e-we	2	PY Cn,PY Jn	PY
di-u-ja	2	PY Cn,PY Tn	PY
sa-ke-re-we	2	PY Ea	PY
ko-do-jo	2	PY Ea	PY
pe-re-qo-no-jo	2	PY Ea,PY Jn	PY
a-mo-te-wo	2	PY Ea	PY
mo-ro-qo-ro	2	PY Ea	PY
ra-pa-do	2	PY Ea	PY
o-pe-te-re-u	2	PY Ea,PY Eb	PY
te-re-ja-e	2	PY Eb	PY
ra-ke	2	PY Eb,PY Ep	PY
qe-ja-me-no	2	PY Eb,PY Ep	PY
e-u-ke-to-qe	2	PY Eb,PY Ep	PY
me-na-o	2	PY Eb	PY
ke-ke-me-no	2	PY Eb,PY Ep	PY
u-wa-mi-ja	2	PY Eb,PY Ep	PY
ta-ra-mi-ka	2	PY Eb,PY Ep	PY
o-pi-ti-ni-ja-ta	2	PY Eb	PY
pe-o	2	PY Eb,PY Xn	PY
i-do-me-ne-ja	2	PY Eb,PY Ep	PY
ke-ra-u-jo	2	PY Eb,PY Ep	PY
te-ra-pi-ke	2	PY Eb	PY
ku-so	2	PY Eb,PY Ep	PY
a-i-qe-u	2	PY Eb,PY Ep	PY
ma-to	2	PY Eb,PY Xa	PY
e-ni-to-wo	2	PY Eb,PY Ep	PY
i-pa-sa-na-ti	2	PY Eb,PY Eo	PY
wo-zo-te	2	PY Ed,PY Ep	PY
ka-ra-wi-po-ro-qe	2	PY Ed,PY Jn	PY
ru-*83-o	2	PY En	PY
te-se-u	2	PY En,PY Eo	PY
ma-re-ku-na	2	PY En,PY Eo	PY
ma-*79	2	PY En,PY Eo	PY
e-pa-sa-na-ti	2	PY En,PY Ep	PY
ku-*63-so	2	PY En,PY Eo	PY
i-e-re-u	2	PY En	PY
a3-wa-ja	2	PY En,PY Eo	PY
po-te-wo	2	PY En,PY Eo	PY
wa-na-ta-jo-jo	2	PY En,PY Eo	PY
i-ni-ja	2	PY En,PY Eo	PY
si-ma	2	PY En,PY Eo	PY
e-ro	2	PY En	PY
qe-re-qo-ta-o	2	PY En	PY
a-da-ma-o-jo	2	PY En	PY
wa-na-ta	2	PY Eo	PY
e-sa-ro	2	PY Eo,PY Ep	PY
a-da-ma-jo	2	PY Eo	PY
da-je-we	2	PY Eo,PY Vn	PY
a-i-qe-so	2	PY Eo	PY
a-i-qe-we	2	PY Eo	PY
e-ri-ko-wo	2	PY Ep,PY Jn	PY
i-na	2	PY Ep,PY Fn	PY
te-ra-ja-e	2	PY Ep	PY
e-ri-ta	2	PY Ep	PY
ka-ra-wi-po-ro	2	PY Ep,PY Vn	PY
po-se-da-o-no	2	PY Eq,PY Es	PY
te-me-no	2	PY Er	PY
to-so-jo	2	PY Er	PY
wo-ro-ki-jo-ne-jo	2	PY Er,PY Un	PY
ku-da-ma-ro	2	PY Es	PY
a-ne-o	2	PY Es	PY
wo-ro-ti-ja-o	2	PY Es	PY
ka-ra-i	2	PY Es	PY
ko-ka-ro	2	PY Fg,PY Fr	PY
a-ki-to-jo	2	PY Fn	PY
a3-ki-a2-ri-jo	2	PY Fn	PY
ze-u-ke-u-si	2	PY Fn	PY
a-ki-to	2	PY Fn,TH Gp	PY,TH
a-ta-o	2	PY Fn,PY Jn	PY
re-ke-to-ro-te-ri-jo	2	PY Fr	PY
ma-te-re	2	PY Fr	PY
wa-na-se-wi-jo	2	PY Fr	PY
wa-na	2	PY Fr	PY
po-ro-wi-to	2	PY Fr	PY
to-no-e-ke-te-ri-jo	2	PY Fr	PY
u-po-jo	2	PY Fr	PY
e-re-de	2	PY Fr,PY Mn	PY
tu-ra-te-u-si	2	PY Gn,PY Vn	PY
ru-ki-jo	2	PY Gn,PY Jn	PY
e-do-mo-ne-u	2	PY Jn	PY
po-wi-te-ja	2	PY Jn,PY Na	PY
te-u-to	2	PY Jn	PY
pa-qo-ta	2	PY Jn	PY
au-ta-mo	2	PY Jn	PY
po-ro-u-jo	2	PY Jn	PY
o-tu-wo-we	2	PY Jn	PY
o-pe-ra-no	2	PY Jn	PY
ri-ja-ko	2	PY Jn	PY
a-pe-te-u	2	PY Jn	PY
re-u-si-wo	2	PY Jn	PY
ke-ta	2	PY Jn,PY Mb	PY
e-re-e	2	PY Jo,PY Xn	PY
te-po-se-u	2	PY Jo,PY On	PY
ti-mi-to-a-ke-e	2	PY Ma,PY Na	PY
pe-ru-si-nu	2	PY Ma	PY
e-ra-te-re-we	2	PY Ma	PY
a2-te-ro	2	PY Ma	PY
di-do-si	2	PY Ma	PY
a-ne-ta-de	2	PY Ma	PY
ma-ra-ne-ni-jo	2	PY Ma	PY
ke-do-jo-no	2	PY Mb,PY Xa	PY
ku-na-ke-ta-i	2	PY Na	PY
do-ro-qo	2	PY Na,TH X	PY,TH
ko-ro-ku-ra-i	2	PY Na	PY
a-ki-ti-to	2	PY Na	PY
wa-a2-te-pi	2	PY Na,PY Xa	PY
ri-so-we-ja	2	PY Na	PY
te-tu-ru-we	2	PY Na,PY Nn	PY
e-re	2	PY Na,PY Xn	PY
e-re-u-te	2	PY Na,PY Xn	PY
e-re-u	2	PY Na,PY Xn	PY
de-we-ro-a3-ko-ra-i-ja	2	PY Ng	PY
a-mu-ta-wo	2	PY Nn,TH Ug	PY,TH
ko-re-te-ri	2	PY On	PY
qa-si-re-wi	2	PY Pa,TH Ug	PY,TH
te-ra-u-re-o	2	PY Sa	PY
a-ku-ro	2	PY Sa	PY
ke-ro-ke-re-we-o	2	PY Sa	PY
ku-pa-ri-se-ja	2	PY Sa	PY
se-we-ri-ko-jo	2	PY Sa	PY
tu-ri-si-jo-jo	2	PY Sa	PY
e-ke-i-jo-jo	2	PY Sa	PY
a-sa-ma-to	2	PY Sa	PY
wo-ro-ko-jo	2	PY Sa	PY
wa-de-o	2	PY Sa	PY
a-pa-si-jo-jo	2	PY Sa	PY
pe-qe-ro-jo	2	PY Sa	PY
e-te-wa-jo-jo	2	PY Sa	PY
mo-qo-so-jo	2	PY Sa	PY
te-mi-*71-ta	2	PY Sa	PY
po-ru-we-no	2	PY Sa	PY
a-te-wo-jo	2	PY Sa	PY
ke-ra-e	2	PY Sa	PY
e-ti-ra-wo-jo	2	PY Sa	PY
a-re-to-to	2	PY Sa	PY
te-mi-de-we-te	2	PY Sa	PY
e-pi-wo-qa-ta-o	2	PY Sa	PY
e-re-wa-jo	2	PY Sa	PY
ti-ri-po-de	2	PY Ta	PY
ai-ke-u	2	PY Ta	PY
po-de	2	PY Ta	PY
o-wo-we	2	PY Ta	PY
ke-re-a2	2	PY Ta	PY
qe-to	2	PY Ta	PY
di-pa-e	2	PY Ta	PY
ti-ri-o-we-e	2	PY Ta	PY
ti-ri-jo-we	2	PY Ta	PY
a-no-we	2	PY Ta	PY
we-a-re-ja	2	PY Ta	PY
me-no-e-ja	2	PY Ta	PY
qe-qi-no-to	2	PY Ta	PY
ko-ru-pi-qe	2	PY Ta	PY
pe-za	2	PY Ta	PY
po-pi	2	PY Ta	PY
e-ka-ma-te-qe	2	PY Ta	PY
qe-qi-no-to-qe	2	PY Ta	PY
o-pi-ke-re-mi-ni-ja-pi	2	PY Ta	PY
a-di-ri-ja-pi	2	PY Ta	PY
pe-de-we-sa	2	PY Ta	PY
po-ro-e-ke	2	PY Ta	PY
ku-te-se-ja	2	PY Ta	PY
ku-wa-no	2	PY Ta	PY
pa-ra-ku-we-qe	2	PY Ta	PY
po-ni-ki-pi	2	PY Ta	PY
a-ka-ra-no	2	PY Ta	PY
to-pe-zo	2	PY Ta	PY
pa-sa-ro	2	PY Ta	PY
to-ni-jo	2	PY Ta	PY
to-qi-de-qe	2	PY Ta	PY
ka-ru-pi	2	PY Ta	PY
e-qa-na-qe	2	PY Ua	PY
a-pu-ke	2	PY Ub	PY
we-e-wi-ja	2	PY Ub	PY
wi-ri-no	2	PY Ub	PY
e-ra-pe-ja	2	PY Ub	PY
mu-te-we	2	PY Ub	PY
po-qa	2	PY Un,TH Ug	PY,TH
pa-de-we	2	PY Un	PY
ra-wa-ke-ta	2	PY Un	PY
do-se	2	PY Un	PY
e-pi-ka	2	PY Un	PY
pa-ra-we	2	PY Un	PY
a-ro-ka	2	PY Un	PY
*35-ka-te-re	2	PY Va	PY
a-mo-i-je-to	2	PY Va	PY
e-ti-wa-jo	2	PY Va	PY
qe-qi-no-me-no	2	PY Va	PY
e-wi-su-*79-ko	2	PY Va	PY
o-di-do-si	2	PY Vn	PY
du-ru-to-mo	2	PY Vn	PY
a-mo-te-jo-na-de	2	PY Vn	PY
*35-ki-no-o	2	PY Vn	PY
e-to-ki-ja	2	PY Vn	PY
pe-*65-ka	2	PY Vn	PY
qa-ra-de-ro	2	PY Vn	PY
me-ni-jo	2	PY Wa	PY
a-ko-so	2	PY Wa,PY Xn	PY
o-ke-u-ri-jo	2	TH Av,TH Ft	TH
o-po-re-i	2	TH Fq	TH
e-re-o-ni	2	TH Ft,TH X	TH
te-ka-ta-si	2	TH Gp	TH
a-ma-ru-to-de	2	TH Of	TH
pa-pa-ra-ki	2	TH Of	TH
a-ka-i-je-ja	2	TH Of	TH
qi-wo	2	TH Of	TH
a-re-i-ze-we-i	2	TH Of	TH
ra-mo-de	2	TH Of	TH
u-de	2	TH Of	TH
ne-e-to	2	TH Of	TH
pe-pi-te-me-no-jo	2	TH Ug	TH
a-ka-to-wa-o	2	TH Ug	TH
e-ri-ni-jo	2	TH Up	TH
ro-we-wi-ja	2	TH Wu	TH
wa-ti-jo	1	KH Ar	KH
e-ri-*19	1	KN Ag	KN
qe-ri-jo	1	KN Ag	KN
pe-se-ro-jo	1	KN Ai	KN
u-wa-si-jo	1	KN Ai	KN
ra-ma-na	1	KN Ai	KN
e-ne-ra	1	KN Ai	KN
a-pi-qo-i-ta	1	KN Ai	KN
ta-na-qo	1	KN Ai	KN
a-ri-ke-u	1	KN Ai	KN
o-du-ru-wi-ja	1	KN Ai	KN
*56-so-jo	1	KN Ai	KN
pi-ja	1	KN Ai	KN
u-jo-e	1	KN Ak	KN
jo-e	1	KN Ak	KN
we-ko-we-ka-te	1	KN Ak	KN
me-u	1	KN Ak	KN
ru-si	1	KN Ak	KN
e-ne-re-ja	1	KN Ak	KN
we-ra-ti-ja	1	KN Ak	KN
di-da-ka	1	KN Ak	KN
du-wi-ja	1	KN Ak	KN
wa-ko	1	KN Ak	KN
zo-e	1	KN Ak	KN
e-qe-ta-e	1	KN Am	KN
si-ja-de-we	1	KN Am	KN
te-ko-to-ne	1	KN Am	KN
a-wa-ti-ka-ra	1	KN Am	KN
ka-ma-jo	1	KN Am	KN
a-pe-a-sa	1	KN Ap	KN
i-ta-mo	1	KN Ap	KN
ki-nu-qa	1	KN Ap	KN
we-ra-te-ja	1	KN Ap	KN
a-ke-wo	1	KN Ap	KN
di-qa-ra	1	KN Ap	KN
ko-so-jo	1	KN Ap	KN
ko-pi	1	KN Ap	KN
a-to-me-ja	1	KN Ap	KN
da-te-ne-ja	1	KN Ap	KN
pa-ja-ni	1	KN Ap	KN
du-sa-ni	1	KN Ap	KN
ma-ku	1	KN Ap	KN
pi-ra-ka-ra	1	KN Ap	KN
*18-to-no	1	KN Ap	KN
wi-so	1	KN Ap	KN
ke-ra-me-ja	1	KN Ap	KN
tu-*49-mi	1	KN Ap	KN
i-du	1	KN Ap	KN
tu-ka-to	1	KN Ap	KN
e-ti-wa-ja	1	KN Ap	KN
sa-ma-ti-ja	1	KN Ap	KN
ka-na-to-po	1	KN Ap	KN
sa-*65	1	KN Ap	KN
u-jo-na	1	KN Ap	KN
sa-mi	1	KN Ap	KN
pu-wa	1	KN Ap	KN
si-nu-ke	1	KN Ap	KN
qi-ti-ta	1	KN Ap	KN
si-ne-e-ja	1	KN Ap	KN
u-pa-ra	1	KN Ap	KN
ke-pu	1	KN Ap	KN
wa-ra-ti	1	KN Ap	KN
a-nu-wa-to	1	KN Ap	KN
ka-*56-so-ta	1	KN Ap	KN
a2-du-wo-na	1	KN Ap	KN
wi-ja-na-tu	1	KN Ap	KN
ja-mi-nu	1	KN Ap	KN
ki-zo	1	KN Ap	KN
o-ri-mo	1	KN Ap	KN
pu-zo	1	KN Ap	KN
pi-ja-mu-nu	1	KN Ap	KN
ni-ta	1	KN Ap	KN
o-sa-po-to	1	KN Ap	KN
a-to	1	KN As	KN
zo-do-so	1	KN As	KN
a-sa-ro	1	KN As	KN
su-ke-re	1	KN As	KN
a-ta-qe	1	KN As	KN
ka-nu-se-u	1	KN As	KN
ta-to-qe	1	KN As	KN
a-ka-sa-no	1	KN As	KN
qo-wa-ke-se-u	1	KN As	KN
o-po-ro-u-si-jo	1	KN As	KN
pe-te-u	1	KN As	KN
e-ri-ta-qi-jo	1	KN As	KN
te-so	1	KN As	KN
qa-qa-ro	1	KN As	KN
pe-ro-qe	1	KN As	KN
tu-ma-i-ta	1	KN As	KN
qe-ta-se-u	1	KN As	KN
ta-pa-da-no	1	KN As	KN
no-do-ro-we	1	KN As	KN
e-ne-o	1	KN As	KN
pi-ro-qa-wo	1	KN As	KN
qe-te-se-u	1	KN As	KN
a-re-ta-wo	1	KN As	KN
ra-wa-ke-ja	1	KN As	KN
a-nu-wi-ko	1	KN As	KN
a-ra-da-jo	1	KN As	KN
pi-ja-si-ro	1	KN As	KN
qa-me-si-jo	1	KN As	KN
mi-ja-ra-ro	1	KN As	KN
pi-ri-no	1	KN As	KN
qa-to-no-ro	1	KN As	KN
pe-te-ki-ja	1	KN As	KN
ko-ni-da-jo	1	KN As	KN
i-te-u	1	KN As	KN
a-ta-ze-u	1	KN As	KN
a-ra-na-ro	1	KN As	KN
a-nu-to	1	KN As	KN
su-ki-ri-to	1	KN As	KN
ke-se-ra-wo	1	KN As	KN
ne-o-ta	1	KN As	KN
a-ti-jo	1	KN As	KN
sa-pi-ti-nu-wo	1	KN As	KN
ka-*56-na-to	1	KN As	KN
a-qa-to	1	KN As	KN
qa-nu-wa-so	1	KN As	KN
wi-ro	1	KN As	KN
su-mi	1	KN As	KN
i-wa-ko	1	KN As	KN
a-pi-wa-to	1	KN As	KN
pi-ja-se-me	1	KN As	KN
su-ke-re-o	1	KN As	KN
ku-to	1	KN As	KN
sa-u-ri-jo	1	KN As	KN
a-pi-ra-wo	1	KN As	KN
wa-ru-wo-qo	1	KN As	KN
re-qo-me-no	1	KN As	KN
si-re-u	1	KN As	KN
qi-qe-ro	1	KN As	KN
wi-du	1	KN As	KN
ku-ra-no	1	KN As	KN
ku-pa-nu-we-to	1	KN As	KN
to-ro-no-wo-ko	1	KN As	KN
po-to-ri-jo	1	KN As	KN
pe-we-ri-jo	1	KN As	KN
za-mi-jo	1	KN As	KN
i-we-ro	1	KN As	KN
ne-o-to	1	KN As	KN
pa-ja-ro	1	KN As	KN
ki-ke-ro	1	KN As	KN
wo-i-ko-de	1	KN As	KN
ki-ma-ta	1	KN As	KN
da-ko-so	1	KN As	KN
so-za	1	KN As	KN
o-*22-di	1	KN As	KN
a-ma-no	1	KN As	KN
e-ro-pa-ke-u	1	KN As	KN
ko-ki	1	KN As	KN
ra-wo-po-qo	1	KN As	KN
a-re-te-re-u	1	KN As	KN
ko-ko	1	KN As	KN
su-*56-ta	1	KN As	KN
a3-te-re	1	KN B	KN
a2-ta	1	KN B	KN
tu-ra-te-we	1	KN B	KN
ki-nu-wa	1	KN B	KN
re-ta	1	KN B	KN
si-re-we	1	KN B	KN
ko-ma-we-ta	1	KN B	KN
pe-qo-no	1	KN B	KN
ko-a-ta	1	KN B	KN
ku-ni-ta	1	KN B	KN
o-pi-te-u-ke-we	1	KN B	KN
da-i-pi-ta	1	KN B	KN
wi-du-ro	1	KN B	KN
qo-ja-si	1	KN B	KN
di-de	1	KN B	KN
qa-wo	1	KN B	KN
o-pe-ta	1	KN B	KN
a-ta-ma-ta	1	KN B	KN
e-ke-se	1	KN B	KN
a-tu-qo-ta	1	KN B	KN
i-ke-ta	1	KN B	KN
sa-za-ro	1	KN B	KN
ku-pe-re-te	1	KN B	KN
me-ne-u	1	KN B	KN
me-ta-ra-wo	1	KN B	KN
a-me-ja-si	1	KN B	KN
na-su-wo	1	KN B	KN
a-wo-ro	1	KN B	KN
na-si-jo	1	KN B	KN
me-de-i-jo	1	KN B	KN
a-ki-wa-ta	1	KN B	KN
ki-ri-ja-si	1	KN B	KN
e-u-ka-ri	1	KN B	KN
ko-ku-ro	1	KN B	KN
to-na-ta	1	KN B	KN
a-so-qi-jo	1	KN B	KN
wo-qo	1	KN B	KN
do-qe-u	1	KN B	KN
a-ki	1	KN B	KN
e-i-ja-si	1	KN B	KN
po-ti-jo	1	KN B	KN
pi-ja-to	1	KN B	KN
to-pe-si	1	KN B	KN
me-de	1	KN B	KN
i-za-re	1	KN B	KN
a-ra-ka-jo	1	KN B	KN
po-ki-te	1	KN B	KN
to-wa-no	1	KN B	KN
e-wi-to-wo	1	KN B	KN
ma-ja-ro	1	KN B	KN
ra-sa-to	1	KN B	KN
sa-do-ro-jo	1	KN B	KN
a-pi-ja-ko-ro-jo	1	KN B	KN
ku-te-ro	1	KN B	KN
si-ra	1	KN B	KN
ka-ra-na-ko	1	KN B	KN
ko-ma	1	KN B	KN
wo-ro-ka-ne	1	KN B	KN
e-pi-ko	1	KN B	KN
pi-sa-wa-ta	1	KN B	KN
wo-si-jo-ne	1	KN B	KN
ka-ra-i-no	1	KN B	KN
we-ro-pa-ta	1	KN B	KN
e-re-ke	1	KN B	KN
to-ke	1	KN B	KN
ka-pa-jo	1	KN B	KN
o-re-i	1	KN B	KN
me-ri-wo	1	KN B	KN
e-wo-ta-de	1	KN C	KN
si-pe-we	1	KN C	KN
o-du-ru-wi-jo	1	KN C	KN
e-ra-ne	1	KN C	KN
o-du-ru-we	1	KN C	KN
u-wo-qe-we	1	KN C	KN
ku-ta-i-to	1	KN C	KN
re-ri-jo	1	KN C	KN
ma-mi-di-zo	1	KN C	KN
pi-ri-to-jo	1	KN C	KN
po-ri-wo	1	KN C	KN
su-ki-ri-ta-jo	1	KN C	KN
a-ru	1	KN C	KN
pa-ta-ti-jo	1	KN C	KN
a-du-po-to	1	KN C	KN
qi-ko-we-e	1	KN C	KN
qa-di-ja	1	KN C	KN
po-ku-te-ro	1	KN C	KN
o-mi-ri-so	1	KN C	KN
da-we-ro	1	KN C	KN
pu-na-to	1	KN C	KN
e-te-wa-tu-wo	1	KN C	KN
i-ro-to	1	KN C	KN
a-da-wa-si-jo	1	KN C	KN
su-pu-wo	1	KN C	KN
do-e-ro-jo	1	KN C	KN
e-te-wa-no	1	KN C	KN
pa-ra-ti-jo	1	KN C	KN
a-ka-wi-ja-de	1	KN C	KN
re-ko-no	1	KN C	KN
te-ru-wo-te	1	KN C	KN
sa-pa-ka-te-ri-ja	1	KN C	KN
ke-to-ro	1	KN C	KN
we-wo-ni-jo	1	KN C	KN
me-tu-ro	1	KN C	KN
po-ro-i	1	KN C	KN
te-re-wa-ko	1	KN C	KN
a3-wa	1	KN C	KN
tu-ma-ko	1	KN C	KN
pu-na-so-qe	1	KN C	KN
ra-su-to-qe	1	KN C	KN
ko-we-qe	1	KN C	KN
we-ka-ta-e	1	KN C	KN
ka-te-ri-ja	1	KN C	KN
au-a3-ta	1	KN C	KN
ja-we-jo	1	KN C	KN
no-re	1	KN C	KN
ra-zo	1	KN C	KN
ka-ma-o	1	KN C	KN
a-ki-ri-ja	1	KN C	KN
to-ro-wa-ko	1	KN C	KN
te-pa-ra	1	KN Ce	KN
o-ro-ke-u	1	KN Ce	KN
me-*86-ta	1	KN Ce	KN
ti-ri-sa-ta	1	KN Ce	KN
ta-ta-ta	1	KN Ce	KN
da-na	1	KN Ce	KN
ai-wo-ro	1	KN Ch	KN
e-po-ro-jo	1	KN Ch	KN
to-ma-ko	1	KN Ch	KN
wo-no-qo-so-qe	1	KN Ch	KN
au-to-a3-ta	1	KN Ch	KN
wo-no-qo-so	1	KN Ch	KN
wa-no-qe	1	KN Ch	KN
pa-ko-qe	1	KN Ch	KN
wi-du-ru-ta	1	KN Ch	KN
no-qe	1	KN Ch	KN
a-ko-ro-we-i	1	KN Ch	KN
ma-ti-jo	1	KN D	KN
qi-ni-te-we	1	KN D	KN
e-ki-no	1	KN Da	KN
a-ko-ro-qo-ro	1	KN Da	KN
e-ne-ke-se-u	1	KN Da	KN
o-ku-no	1	KN Da	KN
po-i-te-u	1	KN Da	KN
ri-sa-ta	1	KN Da	KN
a-qi-ro	1	KN Da	KN
po-ru-qo-to	1	KN Da	KN
du-ri	1	KN Da	KN
a-re-ke-se-u	1	KN Da	KN
e-ro-u-ta	1	KN Da	KN
wi-je-so	1	KN Da	KN
da-i-qo-ta	1	KN Da	KN
ru-*56-ra-so	1	KN Da	KN
ku-ru-me-ni-jo	1	KN Da	KN
a-ke-e-to	1	KN Da	KN
*34-zo	1	KN Da	KN
se-wo-to	1	KN Da	KN
ka-ma-to	1	KN Da	KN
to-tu-no	1	KN Da	KN
mo-ni-ko	1	KN Da	KN
ka-mo-ni-jo	1	KN Da	KN
ku-mo-no-so	1	KN Da	KN
po-i-ti-jo	1	KN Da	KN
da-i-ze-to	1	KN Da	KN
su-ta-no	1	KN Da	KN
te-mi-ro	1	KN Da	KN
si-ki-to	1	KN Da	KN
ta-pe-ro	1	KN Da	KN
o-ti-jo	1	KN Da	KN
a-ri-ko	1	KN Da	KN
ki-*18-i-so	1	KN Da	KN
te-ru-ro	1	KN Da	KN
mi-ni-to	1	KN Da	KN
ti-ri-jo-ko-so	1	KN Da	KN
e-u-mo	1	KN Da	KN
ku-ke-to	1	KN Da	KN
ku-ne-u	1	KN Da	KN
ri-ma-zo	1	KN Da	KN
ki-ki-jo	1	KN Da	KN
wa-du-ka-sa-ro	1	KN Da	KN
ka-jo	1	KN Da	KN
ki-sa-nu-wo	1	KN Da	KN
ta-*49-ro	1	KN Da	KN
su-se	1	KN Da	KN
wi-ra-ne	1	KN Da	KN
po-ka-ro	1	KN Da	KN
ku-i-so	1	KN Da	KN
pi-ki-nu-wo	1	KN Da	KN
a-da-ra-ro	1	KN Da	KN
wi-ro-jo	1	KN Da	KN
ki-so	1	KN Da	KN
a3-to	1	KN Da	KN
a3-ku-pi-ti-jo	1	KN Db	KN
no-ta-na	1	KN Db	KN
qi-ja-to	1	KN Db	KN
du-ta-so	1	KN Db	KN
a-qe-mo	1	KN Db	KN
wi-jo-ka-de	1	KN Db	KN
ra-ko	1	KN Db	KN
i-mi-ri-jo	1	KN Db	KN
pa-u-ro	1	KN Db	KN
ru-ka-*18	1	KN Db	KN
da-wi	1	KN Db	KN
sa-nu-we-ta	1	KN Db	KN
ra-wi-zo	1	KN Db	KN
a-no-ke-we	1	KN Db	KN
sa-e-ro	1	KN Db	KN
qa-da-so	1	KN Db	KN
ru-ki-so	1	KN Db	KN
na-ru	1	KN Db	KN
wi-jo-qo-ta	1	KN Db	KN
da-na-jo	1	KN Db	KN
ki-mu-ku	1	KN Db	KN
ra-ro	1	KN Db	KN
e-wa-ra-jo	1	KN Db	KN
tu-ma-do-ro	1	KN Db	KN
pa-ra-to	1	KN Db	KN
na-wi-ro	1	KN Db	KN
ru-wo-i-ko	1	KN Db	KN
ta-jo-jo	1	KN Db	KN
wa-*86-re	1	KN Dc	KN
ta-ra-to-no	1	KN Dc	KN
wo-*82-ni-jo	1	KN Dc	KN
pa-ja-so	1	KN Dc	KN
da-ra-mu-ro	1	KN Dc	KN
de-ni-mo	1	KN Dc	KN
ku-ka-no	1	KN Dc	KN
e-ra-to	1	KN Dc	KN
se-me-tu-ro	1	KN Dc	KN
wi-*65-te-u	1	KN Dc	KN
da-wa	1	KN Dc	KN
se-to-i-jo	1	KN Dc	KN
ri-jo-te	1	KN Dc	KN
su-po	1	KN Dc	KN
a-wo-ti-jo	1	KN Dd	KN
du-ro	1	KN Dd	KN
o-ne-u	1	KN Dd	KN
o-wi-ro	1	KN Dd	KN
wi-su-ro	1	KN Dd	KN
qi-zo	1	KN Dd	KN
ma-ra-pi-jo	1	KN Dd	KN
ra-u-ra-ta	1	KN Dd	KN
ku-ke-so	1	KN Dd	KN
ra-to-jo	1	KN Dd	KN
ma-ta-u-ro	1	KN Dd	KN
wi-da-ka-so	1	KN Dd	KN
ke-*83-*18	1	KN Dd	KN
da-na-ro	1	KN Dd	KN
te-to	1	KN De	KN
we-ra-to	1	KN De	KN
su-di-ni-ko	1	KN De	KN
da-ta-ja-ro	1	KN De	KN
da-i-ta-ra-ro	1	KN De	KN
me-ri-wa-ta	1	KN De	KN
qi-si-ta	1	KN De	KN
ka-wa-ro	1	KN De	KN
ja-ti-ri	1	KN De	KN
ta-po-si-jo	1	KN De	KN
e-me-si-jo	1	KN De	KN
mo-qo-so	1	KN De	KN
se-do	1	KN De	KN
ja-ra-to	1	KN De	KN
o-ra	1	KN De	KN
ta-na-to	1	KN De	KN
ka-da-i-so	1	KN De	KN
ta-di-*22-so	1	KN De	KN
u-*56	1	KN Df	KN
ka-*56-no	1	KN Df	KN
pu-nu-so	1	KN Df	KN
sa-sa-jo	1	KN Df	KN
qe-ri	1	KN Df	KN
te-mi	1	KN Df	KN
ku-jo	1	KN Df	KN
qa-i-po	1	KN Dg	KN
a-du-ru-po-to	1	KN Dg	KN
a-ni-ja-to	1	KN Dg	KN
ti-ja	1	KN Dg	KN
si-ni-to	1	KN Dg	KN
ru-ma-no	1	KN Dg	KN
ko-ku	1	KN Dh	KN
su-ma-no	1	KN Dh	KN
da-ro	1	KN Dk	KN
ni-ja-so	1	KN Dk	KN
sa-jo	1	KN Dk	KN
qi-ta-ro	1	KN Dk	KN
ku-mo-no	1	KN Dk	KN
ko-me-we-te	1	KN Dk	KN
ka-te-u	1	KN Dk	KN
di-ro-qo	1	KN Dk	KN
i-ke-se-ro	1	KN Dk	KN
se-u	1	KN Dk	KN
da-mi-ni	1	KN Dk	KN
mi-ni-jo	1	KN Dk	KN
e-u-da-i-ta	1	KN Dl	KN
su-ki-ri-ta-pi	1	KN Dl	KN
mi-ti	1	KN Dl	KN
*56-na-ro	1	KN Dl	KN
e-pe-ke	1	KN Dl	KN
ma-so-mo	1	KN Dl	KN
da-ta-ra-mo	1	KN Dl	KN
po-ti-ni-ja-we	1	KN Dl	KN
a-ko-i-da	1	KN Dl	KN
ta-mi-de-so	1	KN Dl	KN
ke-u-sa	1	KN Dl	KN
pa-za-ti	1	KN Dl	KN
i-pe-ta	1	KN Dl	KN
ti-za	1	KN Dl	KN
ja-du-we	1	KN Dl	KN
a3-mi	1	KN Dm	KN
pa-i	1	KN Dm	KN
o-we-to	1	KN Dm	KN
e-ka	1	KN Dm	KN
mi-ni-si-ja	1	KN Dn	KN
wi-da-ma-ro	1	KN Do	KN
to-wi-no	1	KN Do	KN
tu-da-ra	1	KN Do	KN
da-i-mi-so	1	KN Do	KN
ko-te-u	1	KN Do	KN
a-di-ri-jo	1	KN Do	KN
ta-re-wo	1	KN Dp	KN
ku-su-pa-ta	1	KN Dp	KN
ko-no-si	1	KN Dp	KN
po-ti-ni-ja-we-i-jo	1	KN Dp	KN
sa-no	1	KN Dq	KN
o-re-te-wo	1	KN Dq	KN
qo-si-jo	1	KN Dq	KN
o-re	1	KN Dq	KN
te-ki-ri-ne-to	1	KN Dq	KN
ko-ta-o	1	KN Dq	KN
wi-jo-qo	1	KN Dq	KN
pe-ri-qo	1	KN Dq	KN
ki-mu-ko	1	KN Dv	KN
ka-ta-wo	1	KN Dv	KN
e-qa-ro	1	KN Dv	KN
a3-ke-ra	1	KN Dv	KN
mo-re	1	KN Dv	KN
*22-ri-ta-ro	1	KN Dv	KN
a-ze-o	1	KN Dv	KN
*34-so	1	KN Dv	KN
ki-ri-ne-to	1	KN Dv	KN
ra-o-no	1	KN Dv	KN
wi-je-mo	1	KN Dv	KN
a-ti-ro	1	KN Dv	KN
mi-ta-qo	1	KN Dv	KN
su-ru-so	1	KN Dv	KN
mu-da	1	KN Dv	KN
pe-ri-qo-te	1	KN Dv	KN
tu-*56-da-ro	1	KN Dv	KN
e-u-me-ta	1	KN Dv	KN
ri-ja-ta	1	KN Dv	KN
ri-di-ne-to	1	KN Dv	KN
pe-ri	1	KN Dv	KN
ke-me-u	1	KN Dv	KN
me-ki-ti	1	KN Dv	KN
ma-no-we	1	KN Dv	KN
ki-sa	1	KN Dv	KN
ra-ne-to	1	KN Dv	KN
a-ze-ta	1	KN Dv	KN
a-na-ki-ri	1	KN Dv	KN
i-ke-se-ra	1	KN Dv	KN
di-*79-nu	1	KN Dv	KN
di-ki-nu-wo	1	KN Dv	KN
di-de-ro	1	KN Dv	KN
di-za	1	KN Dv	KN
o-ki-ro	1	KN Dv	KN
ti-ro	1	KN Dv	KN
de-we-ra	1	KN Dv	KN
ri-ro	1	KN Dv	KN
si-pa-ta-do	1	KN Dv	KN
si-ri-pi-jo	1	KN Dv	KN
na-ro	1	KN Dv	KN
no-sa-ro	1	KN Dv	KN
ma-we-to	1	KN Dv	KN
ta-ja-no	1	KN Dv	KN
su-ti-jo	1	KN Dv	KN
qa-mi-ki	1	KN Dv	KN
na-no-to	1	KN Dv	KN
qe-u	1	KN Dv	KN
ni-mo	1	KN Dv	KN
no-to	1	KN Dv	KN
pu-ko	1	KN Dv	KN
pa-na	1	KN Dv	KN
ra-pa	1	KN Dv	KN
ra-wa-si-jo	1	KN E	KN
me-a-de	1	KN E	KN
ki-da-ro	1	KN E	KN
ta-ra-qo	1	KN E	KN
ta-u-pa-du-we	1	KN E	KN
ra-wa-e-si-jo	1	KN E	KN
no-so	1	KN E	KN
a-no-qo-ta-o	1	KN E	KN
da-na-mo	1	KN E	KN
pu-ta-ri-ja	1	KN E	KN
ma-si-jo	1	KN E	KN
a-ta-re-wo	1	KN E	KN
me-si-jo-jo	1	KN E	KN
e-pi-ke-to	1	KN E	KN
po-ra-de-qo-no	1	KN F	KN
ne-je-ta	1	KN F	KN
te-ra-po-ti	1	KN F	KN
ka-da-ra-so	1	KN F	KN
qa-ka	1	KN F	KN
wi-jo-jo	1	KN F	KN
a-di-*22-sa	1	KN F	KN
mi-sa-ra-jo	1	KN F	KN
sa-pi-ti-ne-we-jo	1	KN F	KN
e-ra-wa	1	KN F	KN
ma-so-qe	1	KN F	KN
di-pa-te	1	KN F	KN
e-u-ko-me	1	KN F	KN
ja-na-ti	1	KN F	KN
*22-to	1	KN F	KN
o-pa-wo-ne-ja	1	KN Fh	KN
pe-da-i-ra	1	KN Fh	KN
du-ni-ja	1	KN Fh	KN
a-ne-ra-to	1	KN Fh	KN
do-re-we	1	KN Fh	KN
e-pi-ko-wa	1	KN Fh	KN
ka-pa-ri-jo-ne	1	KN Fh	KN
i-su-ku-wo-do-to	1	KN Fh	KN
de-u-jo-i	1	KN Fh	KN
ra-ma-na-de	1	KN Fh	KN
o-mi-ri-jo-i	1	KN Fh	KN
e-ra-de	1	KN Fh	KN
ki-ra-*56-so	1	KN Fh	KN
a-ku-tu-ru-wo	1	KN Fh	KN
u-te-si	1	KN Fh	KN
to-so-ku-su-pa	1	KN Fh	KN
mu-to	1	KN Fh	KN
de-ka-sa-to	1	KN Fh	KN
o-se-ko-do	1	KN Fh	KN
ro-qa	1	KN Fh	KN
ma-qa-to	1	KN Fh	KN
jo-te	1	KN Fh	KN
ko-ro-ja-ne	1	KN Fh	KN
re-pi-ru-nu-we	1	KN Fh	KN
do-ni-ja	1	KN Fh	KN
qa-nu-we	1	KN Fh	KN
ro-to-qa	1	KN Fh	KN
u-ru-pi-ja	1	KN Fh	KN
a-ri-ja-wo-ne	1	KN Fh	KN
*56-i-ti	1	KN Fh	KN
ra-i	1	KN Fh	KN
wa-po	1	KN Fh	KN
u-ne	1	KN Fh	KN
ko-ki-de-jo	1	KN Fh	KN
wa-u-so	1	KN Fh	KN
ku-ru-me-ne-jo	1	KN Fh	KN
me-ra-de	1	KN Fh	KN
ne-wo-jo	1	KN Fh	KN
de-u-ki-jo-jo	1	KN Fp	KN
di-ka-ta-jo	1	KN Fp	KN
*47-da-de	1	KN Fp	KN
a-ne-mo	1	KN Fp	KN
di-wi-jo-jo	1	KN Fp	KN
a-ma-ko-to	1	KN Fp	KN
jo-te-re-pa-to	1	KN Fp	KN
e-ke-se-si	1	KN Fp	KN
qe-ra-si-jo	1	KN Fp	KN
ka-ra-e-i-jo	1	KN Fp	KN
pa-ja-ni-jo	1	KN Fp	KN
qe-te-a	1	KN Fp	KN
te-re-no	1	KN Fp	KN
da-*83-ja-de	1	KN Fp	KN
i-je-to	1	KN Fp	KN
di-wo-pu-ka-ta	1	KN Fp	KN
su-ko-ne	1	KN Fp	KN
a-ka-ta-ra-te-so-de	1	KN Fp	KN
sa-na-to-de	1	KN Fs	KN
a-*65-ma-na-ke	1	KN Fs	KN
a-ro-do-ro-o	1	KN Fs	KN
o-ja-de	1	KN Fs	KN
qe-sa-ma-qa	1	KN Fs	KN
ta-mi-te-mo	1	KN Fs	KN
e-ti-wa	1	KN Fs	KN
ka-u-da	1	KN Fs	KN
ja-pe-re-so	1	KN Fs	KN
ki-ri-jo-de	1	KN Fs	KN
da-da-re	1	KN Fs	KN
ni-ja-we-jo	1	KN G	KN
*56-ko-we-i-ja-qe	1	KN G	KN
ku-ta-ti-ja-qe	1	KN G	KN
ke-u-po-de-ja	1	KN G	KN
a-ka-re-u	1	KN Ga	KN
a3-ta-jo	1	KN Ga	KN
tu-to	1	KN Ga	KN
*56-ko-we-i-jo	1	KN Ga	KN
pa-ra-u-jo	1	KN Ga	KN
ti-ri-ti	1	KN Ga	KN
*83-re-jo-de	1	KN Ga	KN
ni-so-de	1	KN Ga	KN
tu-wi-no	1	KN Ga	KN
tu-wi-no-no	1	KN Ga	KN
ja-do	1	KN Ga	KN
ka-sa-ma-to	1	KN Ga	KN
pa-de-i	1	KN Ga	KN
to-o-po-ri-ja	1	KN Ga	KN
ki-si-ja	1	KN Ga	KN
e-te-jo	1	KN Gg	KN
ma-ri-ne-we	1	KN Gg	KN
ma-ki-ro-ne	1	KN Gg	KN
ra-e-ri-jo	1	KN Gg	KN
a-pu-da-se-we	1	KN Gm	KN
jo-e-ke-to-qo	1	KN Gv	KN
wo-na-si	1	KN Gv	KN
we-je-we	1	KN Gv	KN
pu-ta	1	KN Gv	KN
de-wa-pi	1	KN K	KN
ku-ru-su-*56	1	KN K	KN
pi-ri-je	1	KN K	KN
a-ro-we	1	KN K	KN
do-ke-u	1	KN K	KN
ke-ra-a	1	KN K	KN
ne-qa-sa-pi	1	KN K	KN
qa-sa-pi	1	KN K	KN
u-do	1	KN K	KN
sa-me-ti-jo	1	KN K	KN
i-je-re-wi-jo	1	KN K	KN
de-ra	1	KN K	KN
ma-te-u-pi	1	KN K	KN
pa-we-pi	1	KN L	KN
u-po-we	1	KN L	KN
to-ni-ja	1	KN L	KN
ta-ra-jo	1	KN L	KN
sa-me-u	1	KN L	KN
ka-ta-ri-ja	1	KN L	KN
ko-ru-we-ja	1	KN L	KN
po-pu-re-ja	1	KN L	KN
pu-ka-ta-ri-ja	1	KN L	KN
qo-u-qo-ta	1	KN L	KN
a-mi-si-ja	1	KN L	KN
pe-re-ke	1	KN L	KN
qe-re-jo	1	KN L	KN
ku-da-ra-ro	1	KN L	KN
a3-ka-ra	1	KN L	KN
i-ku-tu-re	1	KN L	KN
ru-si-qe	1	KN L	KN
a-pa-i-ti-jo	1	KN L	KN
ze-me-qe	1	KN L	KN
a-qo-ta	1	KN L	KN
zo-ta-qe	1	KN L	KN
di-du-me	1	KN L	KN
o-qo-o-ki-te	1	KN L	KN
nu-wa-i-ja	1	KN L	KN
o-pe-te-wo-qe	1	KN L	KN
o-re-ne-a	1	KN L	KN
e-ra-pe-me-na	1	KN L	KN
nu-we-jo	1	KN L	KN
sa-pa	1	KN L	KN
e-pi-ki-to-ni-ja	1	KN L	KN
e-ta-wo-ne-wo	1	KN L	KN
e-ne-ro	1	KN L	KN
ku-su-a-ta-o	1	KN L	KN
re-ne-o	1	KN L	KN
ku-ta-mi	1	KN L	KN
ra-su-ti-jo	1	KN L	KN
ka-ta-ni-ja	1	KN L	KN
ki-to-ne	1	KN L	KN
sa-de-so	1	KN L	KN
re-wa-jo	1	KN L	KN
te-tu-ko-wo-a	1	KN L	KN
a-ko-we-i-ja	1	KN L	KN
pe-ne-we-te	1	KN L	KN
a-ro-za	1	KN L	KN
ko-pu-ra	1	KN L	KN
ra-je-we	1	KN L	KN
te-ro	1	KN L	KN
pa-ke-we	1	KN L	KN
ki-to-ni-ja	1	KN L	KN
po-ki-ro-nu	1	KN L	KN
ku-ru-so-no	1	KN Lc	KN
wa-na-ka-te-ra	1	KN Lc	KN
tu-ri-si-ja	1	KN Lc	KN
a-ro-zo	1	KN Lc	KN
ne-we-wi-ja	1	KN Lc	KN
po-pu	1	KN Lc	KN
ko-u	1	KN Lc	KN
pa-ra-ku-ja	1	KN Ld	KN
po-ki-ro-nu-ko	1	KN Ld	KN
qe-si-ja	1	KN Ld	KN
o-pi-qi-na	1	KN Ld	KN
e-ta-wo-ne-we	1	KN Ld	KN
*56-ra-ku-ja	1	KN Ld	KN
po-ri-wa	1	KN Ld	KN
ke-se-ne-wi-jo	1	KN Ld	KN
pe-ki-ti	1	KN Ld	KN
e-re-ta-ra-pi	1	KN Ld	KN
ki-to-na	1	KN Ld	KN
ki-to-pi	1	KN Ld	KN
ko-nu-ka	1	KN Ld	KN
*34-ka	1	KN Ld	KN
o-a-po-te	1	KN Le	KN
a-re-i-jo	1	KN Le	KN
o-u-qe-po	1	KN Le	KN
da-mo-ko	1	KN Le	KN
mi-ja-ro	1	KN Ln	KN
*56-po-so	1	KN Ln	KN
wa-wa-ka	1	KN Ln	KN
ta-su	1	KN Ln	KN
ko-re-wo	1	KN Ln	KN
di-*65-pa-ta	1	KN Ln	KN
ru-sa-ma	1	KN Ln	KN
qe-pa-ta-no	1	KN Ln	KN
ru-nu	1	KN Ln	KN
po-ni-ke-ja	1	KN Ln	KN
ke-re-na	1	KN M	KN
e-ne-si-da-o-ne	1	KN M	KN
su-ja-to	1	KN M	KN
o-re-o-po	1	KN M	KN
ze-ne-si-wi-jo	1	KN M	KN
ma-wo	1	KN M	KN
ra-e-ri-jo-jo	1	KN M	KN
ja-*18	1	KN Mc	KN
u-qa-mo	1	KN Mc	KN
a-pa-sa-ki-jo	1	KN Mc	KN
si-nu-mo-ro	1	KN Mc	KN
qe-wa-ra	1	KN Mc	KN
ja-qo	1	KN Mc	KN
a-pa-u-ro	1	KN Mc	KN
pu-ru	1	KN Nc	KN
e-ri-sa-ta	1	KN Nc	KN
da-so	1	KN Nc	KN
a-na-ka	1	KN Nc	KN
a-pu-so-do	1	KN Nc	KN
wi-pi-o	1	KN Nc	KN
sa-na-so	1	KN Nc	KN
i-we	1	KN Nc	KN
no-ro	1	KN Nc	KN
ka-ta-ra	1	KN Np	KN
sa-ma-da	1	KN Np	KN
ti-ja-no	1	KN Np	KN
na-pi	1	KN Np	KN
jo-zo	1	KN Np	KN
ma-ki-nu-wo	1	KN Np	KN
re-o	1	KN Oa	KN
ro-to	1	KN Od	KN
no-nu-we	1	KN Od	KN
po-ro-to	1	KN Od	KN
a-po-te	1	KN Od	KN
e-ze-to	1	KN Od	KN
su-mo-no-qe	1	KN Od	KN
au-u-te	1	KN Od	KN
a-pe-i-si	1	KN Od	KN
o-mu-ka-ra	1	KN Od	KN
sa-mu	1	KN Od	KN
qo-ja-te	1	KN Od	KN
e-na-po-na	1	KN Od	KN
pa-i-ti-jo	1	KN Od	KN
e-ti-wa-ja-qe	1	KN Od	KN
ti-ra	1	KN Od	KN
a-mi-ke-te-to	1	KN Od	KN
ne-ki-ri-si	1	KN Od	KN
jo-ni-ja	1	KN Od	KN
po-ro-i-ra	1	KN Od	KN
e-pi-ro-pa-ja	1	KN Od	KN
o-du-we	1	KN Od	KN
te-o-po-ri-ja	1	KN Od	KN
a-*65-na	1	KN Od	KN
ta-wa-ko-to	1	KN Od	KN
ki-ri-ta-i	1	KN Od	KN
ta-ni-jo	1	KN Og	KN
ri-ti-jo	1	KN Og	KN
qa-ra-o	1	KN Og	KN
jo-a-mi-ni-so-de	1	KN Og	KN
ku-pe-se-ro	1	KN Og	KN
ne-ri-wa-to	1	KN Og	KN
e-re-pa-ta	1	KN Og	KN
a-na-re-u	1	KN Pp	KN
mu-ka-ra	1	KN Pp	KN
je-ne	1	KN R	KN
ke-a	1	KN R	KN
qa-mi-si-jo	1	KN Sc	KN
me-za-wo	1	KN Sc	KN
pa-di-jo	1	KN Sc	KN
o-pi-ri-mi-ni-jo	1	KN Sc	KN
a-qa-ro	1	KN Sc	KN
po-*34-wi-do	1	KN Sc	KN
a-mi-ni-si	1	KN Sc	KN
a-*47	1	KN Sc	KN
e-ro-e	1	KN Sc	KN
qe-ra-di-ri-jo	1	KN Sc	KN
*47-u	1	KN Sc	KN
i-sa-wo	1	KN Sc	KN
di-so	1	KN Sc	KN
po-*34	1	KN Sc	KN
qa-*83-to	1	KN Sc	KN
pa-ra	1	KN Sc	KN
pa-wa-so	1	KN Sc	KN
i-ka-se	1	KN Sc	KN
si-mo	1	KN Sc	KN
e-wo	1	KN Sc	KN
a-ra-ro-mo-te-me-no	1	KN Sd	KN
a-u-qe	1	KN Sd	KN
a-re-ta-to	1	KN Sd	KN
au-ro	1	KN Sd	KN
ko-ki-da	1	KN Sd	KN
mi-to-we-sa-e	1	KN Sd	KN
po-ni-ja-ja	1	KN Sd	KN
ka-ke-ja-pi	1	KN Sd	KN
po-ni-ki	1	KN Sd	KN
a-ja-me	1	KN Sd	KN
a-ro-mo-te-me-na	1	KN Sd	KN
ke-ra-i-ja-pi	1	KN Sd	KN
a-ra-ro-mo-te	1	KN Sd	KN
i-qi	1	KN Sd	KN
e-te-re-ta	1	KN Se	KN
po-ro-ti-ri	1	KN Se	KN
po-ni-ke-a	1	KN Se	KN
wo-ra-we-sa	1	KN Se	KN
o-mo-pi	1	KN Se	KN
e-ka-te-re-ta	1	KN Se	KN
we-ja	1	KN Se	KN
a-na-i-ta	1	KN Sf	KN
a-na-ta	1	KN Sf	KN
a-na-ma-to	1	KN Sf	KN
me-ta-ke-ku-me-na	1	KN Sf	KN
a-na-mo-ta	1	KN Sf	KN
ja-me-na	1	KN Sf	KN
e-na-ri-po-to	1	KN Sg	KN
po-ro-su-re	1	KN Sg	KN
e-pi-ko-ru-si-jo	1	KN Sk	KN
o-pa-wo	1	KN Sk	KN
to-ra	1	KN Sk	KN
o-pi-ko-ru-si-ja	1	KN Sk	KN
pa-ra-wa	1	KN Sk	KN
a-te-re-te-a	1	KN So	KN
pe-te-re-wa	1	KN So	KN
ka-ki-jo	1	KN So	KN
ka-ko-de-ta	1	KN So	KN
ki-da-pa	1	KN So	KN
o-da-tu-we-ta	1	KN So	KN
wo-zo-me-no	1	KN So	KN
o-da-ku-we-ta	1	KN So	KN
wo-zo-me-na	1	KN So	KN
e-re-ka	1	KN So	KN
a-mo-te	1	KN So	KN
wa-ra-wi-ta	1	KN So	KN
ri-ka	1	KN So	KN
o-pe-te-we	1	KN So	KN
wo-ra-e	1	KN Sp	KN
ka-za	1	KN Sp	KN
ri-*65-no	1	KN U	KN
a-pe-re	1	KN U	KN
a-ku-wo	1	KN U	KN
ko-so-ni-ja	1	KN U	KN
a-pi-te	1	KN U	KN
me-wo-ni-jo	1	KN U	KN
a3-ki-si-jo	1	KN U	KN
ta-u-po-no	1	KN U	KN
pu-re-wa	1	KN U	KN
ka-u-ja	1	KN U	KN
de-u-ke-ro	1	KN U	KN
a3-ki-po	1	KN U	KN
pi-ri-sa-ta	1	KN U	KN
se-ri-na-ta	1	KN U	KN
pa-ke-ta	1	KN U	KN
a-wi-to-do-to	1	KN U	KN
si-ki-ro	1	KN U	KN
a-pi-po-re-we	1	KN Uc	KN
i-po-no	1	KN Uc	KN
ka-wi-ja	1	KN Uf	KN
za-mi-so	1	KN Uf	KN
ra-mo	1	KN Uf	KN
pa-to-ro	1	KN Uf	KN
ta-na-ti	1	KN Uf	KN
di-ra	1	KN Uf	KN
ki-te	1	KN Uf	KN
ku-ka-da-ro	1	KN Uf	KN
pi-di-jo	1	KN Uf	KN
te-wa-te-u	1	KN Uf	KN
ta-ko-ro	1	KN Uf	KN
a-ke-re-mo	1	KN Uf	KN
ke-ma-qe-me	1	KN Uf	KN
me-ra	1	KN Uf	KN
ke-nu-wa-so	1	KN Uf	KN
e-ri-ke-re-we	1	KN Uf	KN
e-ke-pu-te-ri-ja	1	KN Uf	KN
po-to-ri-ka-ta	1	KN Uf	KN
do-wo	1	KN Uf	KN
a3-ki-wa-to	1	KN Uf	KN
a-ri-ja-wo	1	KN Uf	KN
e-ke-pu-te	1	KN Uf	KN
pe-ri-je-ja	1	KN Uf	KN
pu-te-ri-ja	1	KN Uf	KN
te-ro-ri-jo	1	KN Uf	KN
me-ta-no-re	1	KN Uf	KN
ka-da-i-to	1	KN Uf	KN
*83-re-te	1	KN Uf	KN
te-nu	1	KN Uf	KN
ru-po	1	KN Uf	KN
a-ta-na-po-ti-ni-ja	1	KN V	KN
e-nu-wa-ri-jo	1	KN V	KN
pa-ja-wo-ne	1	KN V	KN
po-se-da	1	KN V	KN
e-ri-nu-we	1	KN V	KN
e-qe-a-o	1	KN V	KN
e-we-wa-ta	1	KN V	KN
wi-da-jo	1	KN V	KN
di-we-so	1	KN V	KN
o-ku-na-wo	1	KN V	KN
i-to-ma	1	KN V	KN
te-wa	1	KN V	KN
ne-jo	1	KN V	KN
u-o	1	KN V	KN
wo-ne	1	KN V	KN
a-pe-o	1	KN V	KN
a2-ke-te-re	1	KN V	KN
u-wo-qe-ne	1	KN V	KN
u-du-ru-wo	1	KN V	KN
ku-pa-sa	1	KN V	KN
a-ke-to-ro	1	KN V	KN
to-ni	1	KN V	KN
we-we-ro	1	KN V	KN
e-u-ru-qo-ta	1	KN V	KN
da-te-wa	1	KN V	KN
te-ra-pe-te	1	KN V	KN
to-ko-so-ta	1	KN V	KN
a-te-u-ke	1	KN V	KN
wa-si-ro	1	KN V	KN
o-u-ki-te-mi	1	KN V	KN
i-ku-wo-i-pi	1	KN V	KN
a-pi-re-we	1	KN V	KN
wi-to	1	KN V	KN
qa-ra-i-so	1	KN V	KN
si-ra-no	1	KN V	KN
i-ra-ko-to	1	KN V	KN
o-ro-qa	1	KN V	KN
pe-ri-ro-qo	1	KN V	KN
me-to	1	KN V	KN
na-ko-to	1	KN V	KN
pa-ki	1	KN V	KN
na-po	1	KN V	KN
ja-ma-ra	1	KN V	KN
pa-ja	1	KN V	KN
po-mi-ni-jo	1	KN V	KN
no-mo	1	KN V	KN
ki-ti-jo	1	KN V	KN
ja-pa-ra-ro	1	KN V	KN
*49-sa-ro	1	KN V	KN
ra-ku	1	KN V	KN
ra-te-me	1	KN V	KN
sa-ma-ru	1	KN V	KN
ja-ma-ta-ro	1	KN V	KN
pe-to-me	1	KN V	KN
ka-ra-ma-to	1	KN V	KN
ke-ma-ta	1	KN V	KN
wa-wi	1	KN V	KN
e-ke-a	1	KN V	KN
e-mi-ja-ta	1	KN V	KN
ka-mu-ko-to	1	KN V	KN
ke-ra-ja	1	KN V	KN
ma-ke-ra	1	KN V	KN
de-ro	1	KN V	KN
a-ti-ka	1	KN V	KN
qa-da-ro	1	KN V	KN
ka-sa-no	1	KN V	KN
to-ro-ki-no	1	KN V	KN
wi-ri-ki-no	1	KN V	KN
do-ti-jo-no	1	KN V	KN
ka-pu-ro	1	KN V	KN
ka-na-po-to	1	KN V	KN
pi-ma	1	KN V	KN
ta-u-ro	1	KN V	KN
ja-sa-ro	1	KN V	KN
ma-na-je-u	1	KN V	KN
te-te-u	1	KN V	KN
wi-pi-no-o	1	KN V	KN
wo-ka-re	1	KN V	KN
pi-ra-ki-jo	1	KN V	KN
pe-ri-jo-ta-qe	1	KN V	KN
ku-da-jo-qe	1	KN V	KN
e-wa-ko-ro	1	KN V	KN
ki-ra-di-ja	1	KN V	KN
da-i-wo-wo	1	KN V	KN
to-no-qe	1	KN V	KN
ra-nu	1	KN V	KN
sa-ka-ri-jo	1	KN V	KN
di-wa-jo	1	KN V	KN
ma-no-ne	1	KN V	KN
ki-si-wo	1	KN V	KN
si-ja-ma	1	KN V	KN
a-ra-ko-qe	1	KN V	KN
no-du	1	KN V	KN
do-wa	1	KN V	KN
ka-na-po	1	KN V	KN
qa-na	1	KN V	KN
we-to-ro	1	KN V	KN
ro-we	1	KN V	KN
se-me-ni	1	KN V	KN
o-da-ra-o	1	KN V	KN
ke-ti-ra-wo	1	KN V	KN
u-su	1	KN V	KN
ta-qa-ra-ti	1	KN V	KN
me-ja	1	KN V	KN
di-pi-ja	1	KN V	KN
a-qi-ta	1	KN V	KN
ki-ma-to	1	KN V	KN
a-pa-ta-wa-ja	1	KN V	KN
ra-tu	1	KN V	KN
ko-ro-sa-no	1	KN Vc	KN
po-ro-tu-qo-no	1	KN Vc	KN
i-mo-ro-ne-u	1	KN Vc	KN
pe-ka-wo	1	KN Vc	KN
mi-ka-to	1	KN Vc	KN
po-ru-ka-to	1	KN Vc	KN
a-ka-to-wa	1	KN Vc	KN
e-wi-ta-jo	1	KN Vc	KN
a-ki-re-u	1	KN Vc	KN
za-ki-ri-jo	1	KN Vc	KN
da-o-ta	1	KN Vc	KN
e-u-o-mo	1	KN Vc	KN
e-pi-da-o	1	KN Vc	KN
wo-ra-ke-re	1	KN Vc	KN
ri-to-wo	1	KN Vc	KN
pe-ri-to	1	KN Vc	KN
a-pi-da-ta	1	KN Vc	KN
po-ru-te-we	1	KN Vc	KN
sa-u-ko	1	KN Vc	KN
pi-ra-qo	1	KN Vc	KN
pe-re-wa-ta	1	KN Vc	KN
a-ro-wo-ta	1	KN Vc	KN
a-ne-te-wa	1	KN Vc	KN
te-re-ja-wo	1	KN Vc	KN
a-pi-re-jo	1	KN Vc	KN
ta-ra-sa-ta	1	KN Vc	KN
a-ke-ra-no	1	KN Vc	KN
a-re-jo	1	KN Vc	KN
pa-sa-ko-me-no	1	KN Vc	KN
e-re-pa-i-ro	1	KN Vc	KN
a-ne-u-da	1	KN Vc	KN
di-wo-a-ne	1	KN Vc	KN
re-ka-se-ra-wo	1	KN Vc	KN
du-pi-jo	1	KN Vc	KN
wo-ro-to-qo	1	KN Vc	KN
me-ta-ri-ko-wo	1	KN Vc	KN
ti-ma	1	KN Vc	KN
ku-ru-ka	1	KN Vc	KN
ka-na-a-po	1	KN Vc	KN
ne-to	1	KN Vc	KN
a3-wa-ta	1	KN Vc	KN
a-re-i	1	KN Vc	KN
pa-ra-ne	1	KN Vc	KN
te-ta	1	KN Vc	KN
we-wa-ta	1	KN Vc	KN
i-ta	1	KN Vc	KN
ka-di-ja	1	KN Vc	KN
me-na-qe	1	KN Wb	KN
a-ra	1	KN Wb	KN
ra-ze	1	KN Wb	KN
ki-ri-ta-de	1	KN Wm	KN
na-ki-zo	1	KN Wm	KN
pa-wo	1	KN Wm	KN
ku-wa-ta	1	KN Ws	KN
sa-me	1	KN X	KN
ke-me-no	1	KN X	KN
mu-ki-ti	1	KN X	KN
mu-ti-ja	1	KN X	KN
mu-ko	1	KN X	KN
pu-si-ja	1	KN X	KN
ri-si-ja	1	KN X	KN
pe-do	1	KN X	KN
za-we	1	KN X	KN
a-ro-we-a-nu-to	1	KN X	KN
ko-we-ja	1	KN X	KN
a-nu-to-jo	1	KN X	KN
ke-do-ro	1	KN X	KN
di-wi-pa-ra	1	KN X	KN
te-wo	1	KN X	KN
ri-ni-jo	1	KN X	KN
ka-a-na	1	KN X	KN
ko-a	1	KN X	KN
ma-sa-de	1	KN X	KN
ti-ta-ma-i	1	KN X	KN
a-sa-mi	1	KN X	KN
a-ze-to	1	KN X	KN
wi-tu-ri-jo	1	KN X	KN
a-da-ra-ko	1	KN X	KN
pu-ko-to	1	KN X	KN
ku-pe-te-jo	1	KN X	KN
tu-ru-pe-te	1	KN X	KN
e-we-ki-ta	1	KN X	KN
sa-pa-nu-wo	1	KN X	KN
ko-ro-we-ja	1	KN X	KN
po-ro-we	1	KN X	KN
ra-wa-ke	1	KN X	KN
ki-ri-ko	1	KN X	KN
me-ri-du	1	KN X	KN
pu-sa-ra	1	KN X	KN
da-ma-o-te	1	KN X	KN
ti-ri-ti-ja	1	KN X	KN
si-jo-jo	1	KN X	KN
ku-ru-ni-ta	1	KN X	KN
sa-nu-we-si-jo	1	KN X	KN
ku-ta-ti	1	KN X	KN
ma-ri-jo	1	KN X	KN
pi-za-ra	1	KN X	KN
sa-so	1	KN X	KN
we-a	1	KN X	KN
ru-jo	1	KN X	KN
ma-ti	1	KN X	KN
qa-sa	1	KN X	KN
to-de	1	KN X	KN
ri-*65	1	KN X	KN
mi-ni-si	1	KN X	KN
*64-jo	1	KN X	KN
te-ja-ro	1	KN X	KN
wa-te	1	KN X	KN
me-na-wa-te	1	KN X	KN
di-du-mo	1	KN X	KN
po-ko-me	1	KN X	KN
po-ru-o	1	KN X	KN
me-tu	1	KN X	KN
su-ri-jo	1	KN X	KN
ru-ka	1	KN X	KN
u-jo	1	KN X	KN
pi-po-to	1	KN X	KN
ki-do-ro	1	KN X	KN
su-ki-ri	1	KN X	KN
o-ki	1	KN X	KN
de-a	1	KN X	KN
da-*83	1	KN X	KN
di-ki-mo	1	KN X	KN
o-ka-ra	1	KN X	KN
a-wi-je-mo	1	KN X	KN
ku-ko-wi-ra	1	KN X	KN
tu-ma-i	1	KN X	KN
ru-da-to	1	KN X	KN
ru-wa-ni-jo	1	KN X	KN
re-ki-si	1	KN X	KN
me-te	1	KN X	KN
da-*22-to-qe	1	KN X	KN
pu-ta-ta	1	KN X	KN
ta-qa-ra	1	KN X	KN
ra-ki-si	1	KN X	KN
u-a	1	KN X	KN
ki-si	1	KN X	KN
to-te	1	KN X	KN
si-ni-ja	1	KN X	KN
re-si-jo	1	KN X	KN
ka-ri-pi-jo	1	KN X	KN
*18-jo	1	KN X	KN
ku-we-jo	1	KN X	KN
se-te-jo	1	KN X	KN
ku-ku-mo	1	KN X	KN
te-re-u	1	KN X	KN
ko-pu	1	KN X	KN
e-te-wa-o	1	KN X	KN
e-u-ko	1	KN X	KN
te-ja	1	KN X	KN
a3-ti-nu	1	KN X	KN
ri-wa	1	KN X	KN
a-mi	1	KN X	KN
di-jo	1	KN X	KN
ra-ri-jo	1	KN X	KN
a-ka-me-ne	1	KN Xd	KN
ka-wi	1	KN Xd	KN
ru-po-to	1	KN Xd	KN
ki-je-u	1	KN Xd	KN
a-pi-ja-re	1	KN Xd	KN
di-wi-je-ja	1	KN Xd	KN
ki-si-wi-je-ja	1	KN Xd	KN
*47-da	1	KN Xd	KN
mi-ko	1	KN Xd	KN
i-*65-ke-o	1	KN Xd	KN
ma-ki	1	KN Xd	KN
a-ku-di-ri	1	KN Xd	KN
o-ke-te	1	KN Xd	KN
e-ro-e-o	1	KN Xd	KN
wo-no-da	1	KN Xd	KN
pa-ze-qe	1	KN Xd	KN
ke-wo	1	KN Xd	KN
*47-ta-qo	1	KN Xd	KN
pu-ra-ko	1	KN Xd	KN
i-ke-se	1	KN Xd	KN
a-pi-do-ro	1	KN Xd	KN
ma-u-do	1	KN Xd	KN
i-ja-wo-ne	1	KN Xd	KN
ro-a	1	KN Xd	KN
ri-u-no	1	KN Xd	KN
ma-ke-ra-mo	1	KN Xd	KN
i-da-ra-ta	1	KN Xd	KN
e-u-ru-da-mo	1	KN Xd	KN
do-ri-wo	1	KN Xd	KN
a-re-u-ke	1	KN Xd	KN
ko-ma-ra	1	KN Xd	KN
a-re-se	1	KN Xd	KN
ma-ti-ri	1	KN Xd	KN
na-u-si-ke-re	1	KN Xd	KN
wo-do	1	KN Xd	KN
ta-ra-i	1	KN Xd	KN
e-ko-so-wo-ko	1	KN Xd	KN
e-na-i-jo	1	KN Xd	KN
e-ri-ta-ri-jo	1	KN Xd	KN
ra-ke-re-we	1	KN Xd	KN
do-qi	1	KN Xd	KN
e-we-wa	1	KN Xd	KN
e-pi-ta	1	KN Xd	KN
te-me-u	1	KN Xd	KN
a-pa-te	1	KN Xd	KN
wo-ni-jo	1	KN Xd	KN
a-ri-we-we	1	KN Xd	KN
a-ta-wo-ne	1	KN Xd	KN
we-wa	1	KN Xd	KN
no-da-ma	1	KN Xd	KN
pa-*34-so	1	KN Xd	KN
ra-wo-te	1	KN Xd	KN
i-da-wo	1	KN Xd	KN
ze-pu	1	KN Xd	KN
ke-to-ri	1	KN Xd	KN
ke-si-jo	1	KN Xd	KN
pe-ra-te-ro	1	KN Xd	KN
je-wa	1	KN Xd	KN
i-qa-ro	1	KN Xd	KN
a-na-pe-we	1	KN Xd	KN
e-na-i	1	KN Xd	KN
a-u-ta-na	1	KN Xd	KN
re-wo	1	KN Xd	KN
wo-tu	1	KN Xd	KN
a-ne	1	KN Xd	KN
na-ni	1	KN Xd	KN
wi-pe-wa	1	KN Xd	KN
du-wo-pe	1	KN Xd	KN
nu-a	1	KN Xd	KN
me-re-ja	1	KN Xd	KN
u-te	1	KN Xd	KN
ra-ko-ka	1	KN Xd	KN
ke-nu	1	KN Xd	KN
no-da	1	KN Xd	KN
do-ri	1	KN Xd	KN
ka-de	1	KN Xd	KN
wa-jo	1	KN Xd	KN
e-wa	1	KN Xd	KN
ta-qa-ra-te	1	KN Xe	KN
re-mo	1	KN Xe	KN
e-ta-wo-ne	1	KN Xe	KN
we-ke-se	1	KN Xe	KN
ra-qa-ra	1	KN Xe	KN
e-ta	1	KN Xe	KN
ka-re	1	KN Xe	KN
se-to	1	KN Xf	KN
*22-ja-ro	1	KN Xf	KN
qa-ka-na-pi	1	KN Xf	KN
pa-pu	1	KN Xf	KN
su-ra	1	KN Xf	KN
ro-zo	1		
ka-ri-se-u-qe	1	MY Au	MY
*85-ja-to	1	MY Au	MY
au-ja-to	1	MY Au	MY
au-wi-ja-to	1	MY Au	MY
qa-ra-si-jo	1	MY Au	MY
a-na-*88	1	MY Fo	MY
to-ti-ja	1	MY Fo	MY
we-i-we-sa	1	MY Fo	MY
pi-we-ri-si	1	MY Fo	MY
ko-ma-ta	1	MY Fo	MY
na-ta-ra-ma	1	MY Fo	MY
pu-ka-ro	1	MY Fo	MY
o-ta-ki	1	MY Fo	MY
ka-ra-u-ja	1	MY Fu	MY
qo-we	1	MY Fu	MY
me-ta-je-wa	1	MY Go	MY
pu-i-re-wi	1	MY Go	MY
a-pi-e-ra	1	MY Oe	MY
di-we-se-ja	1	MY Oe	MY
a-qi-ti-ta	1	MY Oe	MY
ku-po	1	MY Oe	MY
pi-we-ri-di	1	MY Oe	MY
a-qi	1	MY Oe	MY
a-pi-do-ra	1	MY Oe	MY
qi-no	1	MY Oe	MY
ka-ra-te-ra	1	MY Ue	MY
po-ro-ko-wo	1	MY Ue	MY
a-ta-ra	1	MY Ue	MY
ka-na-to	1	MY Ue	MY
qe-ti-ja	1	MY Ue	MY
ka-ra-ti-ri-jo	1	MY Ue	MY
pi-ro-qe-mo	1	MY Ue	MY
o-ku-su-wa-si	1	MY Ue	MY
jo-po-ro-te-ke	1	MY Ue	MY
ko-ra	1	MY Ui	MY
o-pe-ra-no-ro	1	MY Ui	MY
ke-po	1	MY Ui	MY
tu-me-ne-wo	1	MY Ui	MY
ma-ta-qe	1	MY V	MY
te-o-do-ra-qe	1	MY V	MY
a-ta-ra-qe	1	MY Wt	MY
e-ku-se-we-qe	1	MY Wt	MY
e-wi-ri-pi-ja	1	PY Aa	PY
ki-ma-ra	1	PY Aa	PY
ke-e	1	PY Aa	PY
e-pi-ko-o	1	PY Aa	PY
e-pi-jo-ta-na	1	PY Aa	PY
no-ri-wo-ko	1	PY Aa	PY
o-ti-ri-ja	1	PY Aa	PY
pa-ke-te-ja	1	PY Aa	PY
ki-ni-di-ja	1	PY Aa	PY
mi-ra-ti-ja	1	PY Aa	PY
ra-wi-ja-ja	1	PY Aa	PY
pi-we-re	1	PY Aa	PY
ra-mi-ni-ja	1	PY Ab	PY
mi-ra-ti-ra	1	PY Ab	PY
pe-ti-ni-jo	1	PY Ac	PY
te-mi-ti-jo	1	PY Ac	PY
a-*64-ja-o	1	PY Ad	PY
ku-so-no	1	PY Ae	PY
ko-ru-da-ro-jo	1	PY Ae	PY
ma-ta-wo	1	PY Ae	PY
a-ti-ri-ja	1	PY Ae	PY
ko-ro-ja-ta	1	PY Ae	PY
o-ro-me	1	PY Ae	PY
ka-ra-wi-po-ro-jo	1	PY Ae	PY
wi-ja-da-ra	1	PY Ae	PY
su-ra-te	1	PY Ae	PY
ku-ru-so-jo	1	PY Ae	PY
ko-to-ne-we	1	PY Ae	PY
pe-re-u-ro-na-de	1	PY An	PY
a-se-e	1	PY An	PY
te-re-ne-we	1	PY An	PY
pa-ka-ja-si	1	PY An	PY
to-ko-do-mo	1	PY An	PY
de-me-o-te	1	PY An	PY
me-te-to-de	1	PY An	PY
sa-ma-ra-de	1	PY An	PY
a-ta-ro	1	PY An	PY
te-u-ke-e-we	1	PY An	PY
pi-ri-ja-me-ja	1	PY An	PY
e-ni-ja-u-si-jo	1	PY An	PY
a-ta	1	PY An	PY
pi-ri-je-te-re	1	PY An	PY
a-de-te-re	1	PY An	PY
ke-ra-me-we	1	PY An	PY
re-ka-ta-ne	1	PY An	PY
wa-a2-te-we	1	PY An	PY
a-nu-wa	1	PY An	PY
ku-ru-so-wo-ko	1	PY An	PY
to-ko-so-wo-ko	1	PY An	PY
so-ro-pe-o	1	PY An	PY
ko-ri-si-jo	1	PY An	PY
ka-ro-ke-e	1	PY An	PY
ra-ni-jo-ne	1	PY An	PY
i-je-u	1	PY An	PY
a-e-ri-qo-ta	1	PY An	PY
ai-ko-ta	1	PY An	PY
ke-tu-wo-e	1	PY An	PY
ai-nu-me-no	1	PY An	PY
a2-e-ra	1	PY An	PY
a-ra-i-jo	1	PY An	PY
ke-ro-si	1	PY An	PY
a-pi-qo-ta-o	1	PY An	PY
a-pi-o-to	1	PY An	PY
si-to-ko-wo	1	PY An	PY
ko-ro-ki-ja	1	PY An	PY
pi-pu-te	1	PY An	PY
e-qe-ta-i	1	PY An	PY
e-e-to	1	PY An	PY
te-re-te-we	1	PY An	PY
ki-ti-ta	1	PY An	PY
e-wi-ri-po	1	PY An	PY
po-si-ke-te-re	1	PY An	PY
wo-qe-we	1	PY An	PY
wi-nu-ri-jo	1	PY An	PY
ma-ra-ne-nu-we	1	PY An	PY
po-ti-ja-ke-e	1	PY An	PY
za-e-to-ro	1	PY An	PY
ko-ni-jo	1	PY An	PY
me-ta-ki-ti-ta	1	PY An	PY
we-re-ka-ra	1	PY An	PY
a2-ri-e	1	PY An	PY
ko-re-te-ri-jo	1	PY An	PY
a2-ki-ja	1	PY An	PY
pe-ri-mo	1	PY Aq	PY
pe-ri-me-de-o	1	PY Aq	PY
po-so-ri-jo-no	1	PY Aq	PY
te-ra-ni-ja	1	PY Aq	PY
e-qe-o	1	PY Aq	PY
e-ta-wo-ne-u	1	PY Aq	PY
a-qi-zo-we	1	PY Aq	PY
e-te-wo-ke-re-we-i-jo	1	PY Aq	PY
me-wi	1	PY Aq	PY
ki-e-wo	1	PY Aq	PY
o-pe-ro-te	1	PY Aq	PY
i-je	1	PY Aq	PY
u-ko	1	PY Aq	PY
a-da-ra-ti-jo	1	PY Aq	PY
ka-re-u	1	PY Aq	PY
*34-te	1	PY Aq	PY
me-ta	1	PY Aq	PY
qo-te-wo	1	PY Aq	PY
a-ke-re	1	PY Cc	PY
ka-ra-su-no	1	PY Cc	PY
pi-ru-te	1	PY Cn	PY
i-wa-si-jo-ta	1	PY Cn	PY
o-ru-ma-to	1	PY Cn	PY
a2-ka-a2-ki-ri-ja-jo	1	PY Cn	PY
u-ru-pi-ja-jo-jo	1	PY Cn	PY
mu-ta-pi	1	PY Cn	PY
qe-re-me-ti-re	1	PY Cn	PY
ta-ro	1	PY Cn	PY
ti-ri-jo	1	PY Cn	PY
tu-ri-je-u	1	PY Cn	PY
e-ri-to-ti-no	1	PY Cn	PY
ne-me-ta-wo	1	PY Cn	PY
e-ke-si-jo	1	PY Cn	PY
ma-ta	1	PY Cn	PY
ke-ro-we	1	PY Cn	PY
si-jo-wo-te	1	PY Cn	PY
o-qe	1	PY Cn	PY
e-ra-se	1	PY Cn	PY
ne-ti-ja-no-re	1	PY Cn	PY
po-so-pe-re-i	1	PY Cn	PY
po-ru-qo-ta	1	PY Cn	PY
ma-te-we	1	PY Cn	PY
ro-ko	1	PY Cn	PY
ka-da-ro	1	PY Cn	PY
tu-ri-ta	1	PY Cn	PY
re-pe-u-ri-jo	1	PY Cn	PY
e-wi-te-we	1	PY Cn	PY
ko-so-ne	1	PY Cn	PY
e-ko-to-ri-jo	1	PY Cn	PY
de-mo-qe	1	PY Cn	PY
do-ro-jo-jo	1	PY Cn	PY
pa-na-pi	1	PY Cn	PY
e-ne-ti-jo	1	PY Cn	PY
po-ma-ko	1	PY Cn	PY
po-te-u	1	PY Cn	PY
pi-me-ta	1	PY Cn	PY
ne-ri-to	1	PY Cn	PY
po-ro-u-te-we	1	PY Cn	PY
ra-pa-sa-ko	1	PY Cn	PY
po-ke-we	1	PY Cn	PY
a-ri-wo-ne	1	PY Cn	PY
a-we-ke-se-we	1	PY Cn	PY
a-ta-ma-ne-we	1	PY Cn	PY
do-qo-no	1	PY Cn	PY
wo-ki-to	1	PY Cn	PY
me-te-we	1	PY Cn	PY
o-ki-ri-so	1	PY Cn	PY
ti-tu	1	PY Cn	PY
e-te-wa	1	PY Cn	PY
ko-ru-ta-ta	1	PY Cn	PY
a-si-ji-ti-ja	1	PY Cn	PY
i-sa-na-o-ti	1	PY Cn	PY
ra-ke-u	1	PY Cn	PY
re-ta-mo	1	PY Cn	PY
wa-da-ko	1	PY Cn	PY
si-no-u-ro	1	PY Cn	PY
o-ki-ra	1	PY Cn	PY
o-ti-na-wo	1	PY Cn	PY
a-pa-re-u-pi	1	PY Cn	PY
ke-se-nu-wo	1	PY Cn	PY
au-to-a2-ta	1	PY Cn	PY
ko-wa-to	1	PY Cn	PY
da-to-re-u	1	PY Cn	PY
wo-ki-ro	1	PY Cn	PY
ke-zo	1	PY Cn	PY
po-ri-ko	1	PY Cn	PY
wi-sa	1	PY Cn	PY
pu-za-ko	1	PY Cn	PY
a-mi-nu-wa-ta	1	PY Cn	PY
e-qa	1	PY Cn	PY
e-wi-te-u	1	PY Cn	PY
a-ke-re-u	1	PY Cn	PY
ka-pe-se-wa-o	1	PY Cn	PY
da-we	1	PY Cn	PY
da-we-u	1	PY Cn	PY
re-ro	1	PY Cn	PY
pe-se-to	1	PY Cn	PY
o-pe-qa	1	PY Cn	PY
ne-de-we-e	1	PY Cn	PY
u-de-wi-ne	1	PY Cn	PY
ma-to-ro-pu-ro	1	PY Cn	PY
i-pi	1	PY Cn	PY
a2-ne-u-te	1	PY Cn	PY
ru-we-ta	1	PY Cn	PY
ke-ro-u-te-u	1	PY Cn	PY
mi-ka-ri-jo	1	PY Cn	PY
ka-wi-ta	1	PY Cn	PY
o-pe-se-to	1	PY Cn	PY
a-no-ze-we	1	PY Cn	PY
jo-a-se-so-si	1	PY Cn	PY
si-a2-ro	1	PY Cn	PY
e-ra-te-i	1	PY Cn	PY
wo-ne-me	1	PY Cn	PY
a-ko-te-u	1	PY Cn	PY
ku-ka-ra-so	1	PY Cn	PY
pu-ma-ra-ko	1	PY Cn	PY
qe-re-wa-o	1	PY Cn	PY
to-ro-wi-ko	1	PY Cn	PY
ke-ro-wo-jo	1	PY Cn	PY
ra-pa-sa-ka-jo	1	PY Cn	PY
i-wa-so	1	PY Cn	PY
o-ka-ri-jo	1	PY Cn	PY
a-ta-ma-ne-u	1	PY Cn	PY
qi-ri-ta-ko	1	PY Cn	PY
po-ro-qa-ta-jo	1	PY Cn	PY
to-ru-ko-ro	1	PY Cn	PY
ma-du-ro	1	PY Cn	PY
ta-ta-ke-u	1	PY Cn	PY
tu-ro	1	PY Cn	PY
to-si-ta	1	PY Cn	PY
me-ta-no	1	PY Cn	PY
ka-ra-so	1	PY Cn	PY
a-so-ta-o	1	PY Cn	PY
re-u-pi	1	PY Cn	PY
a-ko	1	PY Cn	PY
e-te-we	1	PY Cn	PY
e-do-mo-ne-we	1	PY Cn	PY
ni-pi	1	PY Cn	PY
wo-to	1	PY Cn	PY
wa-e-ro	1	PY Cn	PY
o-pi-ra-i-ja	1	PY Cn	PY
te-re-do	1	PY Cn	PY
na-ma-ru-ko	1	PY Cn	PY
ke-ra-me-u	1	PY Cn	PY
da-u-da-ro	1	PY Cn	PY
pe-re-ke-u	1	PY Cn	PY
mu-ti-ri-ko	1	PY Cn	PY
a2-ra-ka-wo	1	PY Cn	PY
ke-re-ta-o	1	PY Cn	PY
a-sa-ma-o	1	PY Cn	PY
mo-ri-wo	1	PY Cn	PY
ma-ni-ko	1	PY Cn	PY
wi-ri-ja-no	1	PY Ea	PY
ka-ra-do-wa-ta	1	PY Ea	PY
i-qo-jo	1	PY Ea	PY
wa-tu-o-ko	1	PY Ea	PY
ra-i-ka	1	PY Ea	PY
u-me-ta-qe	1	PY Ea	PY
e-ke-na-to	1	PY Ea	PY
te-i-jo	1	PY Ea	PY
e-ri-qi-jo	1	PY Ea	PY
sa-ke-re-wo	1	PY Ea	PY
i-je-re-wo	1	PY Ea	PY
sa-ke-re-u	1	PY Ea	PY
o-ko-me-ne-u	1	PY Ea	PY
qo-u-ko-ro-jo	1	PY Ea	PY
ku-ru-no-jo	1	PY Ea	PY
ra-wo-do-ko	1	PY Ea	PY
da-mi-jo	1	PY Ea	PY
a-no-qa-si-ja	1	PY Ea	PY
ka-ra-pi	1	PY Ea	PY
di-ra-po-ro	1	PY Ea	PY
o-to	1	PY Ea	PY
i-ma-di-ja	1	PY Ea	PY
su-qo-ta	1	PY Ea	PY
ru-ko-ro-jo	1	PY Ea	PY
ko-to-na-no-no	1	PY Ea	PY
te-re-ja	1	PY Eb	PY
du-wo-u-pi-de	1	PY Eb	PY
au-to-jo	1	PY Eb	PY
ko-to-no-ko	1	PY Eb	PY
ko-to-no-o-ko-de	1	PY Eb	PY
e-ko-si-qe	1	PY Eb	PY
ka-ra-wi-po	1	PY Eb	PY
o-pe-ro-sa-de	1	PY Eb	PY
wo-zo-e	1	PY Eb	PY
o-wo-ze	1	PY Eb	PY
*35-to	1	PY Eb	PY
mu-to-wo-ti	1	PY Eb	PY
ne-qe-wo	1	PY Eb	PY
e-da-e-wo	1	PY Eb	PY
e-me-de	1	PY Eb	PY
pi-ke-re-u	1	PY Eb	PY
ka-ra-u-du-ro	1	PY Eb	PY
sa-sa-wo	1	PY Eb	PY
to-e	1	PY Eb	PY
mu-ti	1	PY Eb	PY
wo-zo	1	PY Eb	PY
*35-ke-ja	1	PY Eb	PY
qe-ri-ta	1	PY Eb	PY
ka-ma-e-we	1	PY Ed	PY
e-qe-ta-qe	1	PY Ed	PY
we-te-re-u-qe	1	PY Ed	PY
ku-su-qa	1	PY Ed	PY
ko-to-ne-ta	1	PY Ed	PY
e-ke-si	1	PY En	PY
ti-qa-jo-jo	1	PY En	PY
pi-ri-ta-wo-no	1	PY En	PY
pa-ki-ja-ni-ja	1	PY En	PY
da-ma-te	1	PY En	PY
e-ne-e-si	1	PY En	PY
o-na-te	1	PY En	PY
a-ma-ru-ta-o	1	PY En	PY
ma-ru-ta-o	1	PY En	PY
tu-ri-ja-ti	1	PY En	PY
o-to-te-re	1	PY En	PY
te-o-na	1	PY En	PY
ra-ku-ro-jo	1	PY En	PY
a-ka-ta	1	PY En	PY
o-jo	1	PY En	PY
ai-wa-ja	1	PY Eo	PY
so-u-ro	1	PY Eo	PY
e-do-me-ne-u	1	PY Eo	PY
e-ra-ta-ra	1	PY Eo	PY
ta-ra-to	1	PY Eo	PY
ka-ra-*56-so	1	PY Eo	PY
a-ka-ta-jo-jo	1	PY Eo	PY
ka-na-pe-wo	1	PY Eo	PY
te-u-ta-ra-ko-ro	1	PY Eo	PY
ko-to-no	1	PY Eo	PY
re-ka	1	PY Ep	PY
mu-ti-ri	1	PY Ep	PY
ka-wa-do-ro	1	PY Ep	PY
ko-tu	1	PY Ep	PY
pi-ro-na	1	PY Ep	PY
e-re-qi-ja	1	PY Ep	PY
me-re-u	1	PY Ep	PY
to-wa-te	1	PY Ep	PY
wo-u-pi	1	PY Ep	PY
i-je-ro-wo-ko	1	PY Ep	PY
to-me	1	PY Ep	PY
ru-wo-ta	1	PY Ep	PY
si-ri-jo	1	PY Ep	PY
e-o	1	PY Ep	PY
pa-de-we-u	1	PY Ep	PY
we-ra	1	PY Ep	PY
ti-ni-ja-we-jo	1	PY Ep	PY
ko-pi-na	1	PY Ep	PY
o-pe-to-re-u	1	PY Ep	PY
da-mo-de-mi	1	PY Ep	PY
pa-si	1	PY Ep	PY
o-pe-ro-sa	1	PY Ep	PY
wo-ze-e	1	PY Ep	PY
o-u-wo-ze	1	PY Ep	PY
ka-ra-u-do-ro	1	PY Ep	PY
to-ro-ja	1	PY Ep	PY
o-re-a2	1	PY Ep	PY
pu-ko-wo	1	PY Ep	PY
a-de-te	1	PY Eq	PY
da-a2	1	PY Eq	PY
a-ta-wo-ne-jo	1	PY Eq	PY
po-ro-te-u	1	PY Eq	PY
re-pi-ri-jo	1	PY Eq	PY
a-de-me-we	1	PY Eq	PY
i-ja-te	1	PY Eq	PY
to-ro-qe-jo-me-no	1	PY Eq	PY
a-ro-u-ra	1	PY Eq	PY
a2-ri-sa	1	PY Eq	PY
e-ri-no-wo-to	1	PY Eq	PY
ko-tu-wo	1	PY Eq	PY
po-ti-ni-ja-we-jo-jo	1	PY Eq	PY
o-te-pe-o-jo	1	PY Eq	PY
te-re-ta-o	1	PY Er	PY
e-re-mo	1	PY Er	PY
ti-me-no	1	PY Er	PY
sa-ra-pe-do	1	PY Er	PY
we-je	1	PY Er	PY
ko-pe-re-wo	1	PY Es	PY
a-re-ku-tu-ru-wo-no	1	PY Es	PY
do-so	1	PY Es	PY
we-te-i	1	PY Es	PY
te-i	1	PY Es	PY
ki-ri-ti-jo-jo	1	PY Es	PY
a-re-ku-tu-ru-wo	1	PY Es	PY
a-te-mi-to	1	PY Es	PY
ru-ko-wo-ro	1	PY Es	PY
pi-ro-te-ko-to	1	PY Es	PY
po-se-da-o	1	PY Es	PY
wo-ro-ti-ja	1	PY Es	PY
ru-ko-u-ro	1	PY Es	PY
ta-re-wa	1	PY Fn	PY
tu-wa-si	1	PY Fn	PY
a-ta-no-ro	1	PY Fn	PY
me-za-ne	1	PY Fn	PY
me-ri-du-te	1	PY Fn	PY
po-ro-du-ma-te	1	PY Fn	PY
i-za-a-to-mo-i	1	PY Fn	PY
ja-te-wo	1	PY Fn	PY
a3-pu-ke-ne-ja	1	PY Fn	PY
a-ki-re-we	1	PY Fn	PY
ti-ni-ja-ta	1	PY Fn	PY
to-sa-no	1	PY Fn	PY
ne-e-ra-wo	1	PY Fn	PY
a-e-se-wa	1	PY Fn	PY
ka-ra-so-mo	1	PY Fn	PY
wa-di-re-we	1	PY Fn	PY
i-po-po-qo-i-qe	1	PY Fn	PY
te-ra-wo-ne	1	PY Fn	PY
to-wa-no-re	1	PY Fn	PY
e-to-wo-ko-i	1	PY Fn	PY
a-pi-te-ja	1	PY Fn	PY
po-si-da-i-jo-de	1	PY Fn	PY
de-do-wa-re-we	1	PY Fn	PY
u-po-jo-po-ti-ni-ja	1	PY Fn	PY
o-pi-tu-ra-jo	1	PY Fn	PY
au-to-*34-ta-ra	1	PY Fn	PY
a-ma-tu-na	1	PY Fn	PY
te-qi-ri-jo-ne	1	PY Fn	PY
u-do-no-o-i	1	PY Fn	PY
po-te-re-we	1	PY Fn	PY
i-so-e-ko	1	PY Fn	PY
po-si-da-i-je-u-si	1	PY Fn	PY
*34-ke-ja	1	PY Fn	PY
a-ro-ja	1	PY Fn	PY
e-ti-me-de-i	1	PY Fn	PY
mo-ke-re-we-i	1	PY Fn	PY
a-ka-ma-jo	1	PY Fn	PY
ke-we	1	PY Fn	PY
de-ra-wo	1	PY Fn	PY
ne-qa-sa-ta	1	PY Fn	PY
i-ja-me-i	1	PY Fn	PY
pa-ra-ke-se-we	1	PY Fn	PY
pi-ja-ma-so	1	PY Fn	PY
wo-ni	1	PY Fn	PY
re-wa-o	1	PY Fn	PY
po-no-qa-ta	1	PY Fn	PY
ke-ro-u-te	1	PY Fn	PY
o-qa-wo-ni	1	PY Fn	PY
te-pi-ja-qe	1	PY Fn	PY
to-qi-da-so	1	PY Fn	PY
ke-me-ri-jo	1	PY Fn	PY
e-ri	1	PY Fn	PY
i-qe	1	PY Fn	PY
mi-jo-qa	1	PY Fn	PY
do-ri-je-we	1	PY Fn	PY
mi-ka	1	PY Fn	PY
pa-u-ta	1	PY Fn	PY
pi-ri-e-te-re	1	PY Fn	PY
se-da-o-ne	1	PY Fr	PY
a-pe-do-ke	1	PY Fr	PY
e-u-me-de-i	1	PY Fr	PY
i-pe-se-wa	1	PY Fr	PY
a-e-ti-to	1	PY Fr	PY
me-tu-wo	1	PY Fr	PY
ku-pa-ro-we	1	PY Fr	PY
a-pi-qo-ro-i	1	PY Fr	PY
a-si-wi-ja	1	PY Fr	PY
pa-ki-ja	1	PY Fr	PY
na-de	1	PY Fr	PY
sa-pe-ra	1	PY Fr	PY
pa-ki-ja-ni-jo-i	1	PY Fr	PY
re-ke-e-to-ro-te-ri-jo	1	PY Fr	PY
di-pi-si-je-wi-jo	1	PY Fr	PY
wa-no-so-i	1	PY Fr	PY
ti-no-de	1	PY Fr	PY
wo-do-we-qe	1	PY Fr	PY
pa-ki-ja-ni-jo-jo	1	PY Fr	PY
po-se	1	PY Fr	PY
we-a2-no-i	1	PY Fr	PY
di-wi-jo-de	1	PY Fr	PY
di-pi	1	PY Fr	PY
ke-se-ni-wi-jo	1	PY Fr	PY
na-so-i	1	PY Fr	PY
pa-ki-ja-ni-jo	1	PY Fr	PY
di-pi-si-jo	1	PY Fr	PY
me-ki-to-de	1	PY Fr	PY
nu-wi-jo	1	PY Fr	PY
e-qo-me-ne	1	PY Fr	PY
ka-ra-te-mi-de	1	PY Gn	PY
o-ro-ke-we	1	PY Gn	PY
ki-jo-ne-u-si	1	PY Gn	PY
da-ka-ja-pi	1	PY Gn	PY
pi-ke-te-i	1	PY Gn	PY
i-ka-sa-ja	1	PY Gn	PY
to-so-pa	1	PY Ja	PY
ka-ra-wi-so	1	PY Ja	PY
qe-ta-wo	1	PY Jn	PY
ta-mi-je-u	1	PY Jn	PY
e-u-ru-wo-ta	1	PY Jn	PY
e-u-do-no	1	PY Jn	PY
wi-du-wa-ko	1	PY Jn	PY
ke-we-to	1	PY Jn	PY
pe-ta-ro	1	PY Jn	PY
ke-we-to-jo	1	PY Jn	PY
i-wa-ka-o	1	PY Jn	PY
pa-qo-si-jo-jo	1	PY Jn	PY
po-ro-u-te-wo	1	PY Jn	PY
tu-ke-ne-u	1	PY Jn	PY
ta-ra-si-jo	1	PY Jn	PY
a-mo-ta-jo	1	PY Jn	PY
e-ki-wo	1	PY Jn	PY
ka-ka-po	1	PY Jn	PY
ki-ri-*82-jo	1	PY Jn	PY
wi-tu-ta	1	PY Jn	PY
ka-ra-wi-ko	1	PY Jn	PY
pi-we-ri-ja-ta	1	PY Jn	PY
wa-u-do-no	1	PY Jn	PY
ka-ra-pa-so	1	PY Jn	PY
pi-ta-ke-u	1	PY Jn	PY
e-pi-da-to	1	PY Jn	PY
pa-pa-jo	1	PY Jn	PY
pi-ro-we-ko	1	PY Jn	PY
a2-nu-me-no	1	PY Jn	PY
ko-so-u-to	1	PY Jn	PY
de-ko-to-jo	1	PY Jn	PY
a3-ta-ro	1	PY Jn	PY
wi-du-wo-i-jo	1	PY Jn	PY
a-me-no	1	PY Jn	PY
pa-pu-so	1	PY Jn	PY
na-wa-to	1	PY Jn	PY
a-na-te-u	1	PY Jn	PY
a-pe-ke-i-jo	1	PY Jn	PY
wi-ja-ni-jo	1	PY Jn	PY
ka-ra-*82	1	PY Jn	PY
ma-na-si-we-ko	1	PY Jn	PY
ma-wa-si-jo	1	PY Jn	PY
ro-no	1	PY Jn	PY
i-ta-ra-jo	1	PY Jn	PY
wi-ja-te-wo	1	PY Jn	PY
no-e-u	1	PY Jn	PY
e-pe-ke-u	1	PY Jn	PY
pu-te-u	1	PY Jn	PY
ko-ne-wa-ta	1	PY Jn	PY
qe-to-ro-no	1	PY Jn	PY
a-pe-ke-e	1	PY Jn	PY
ko-za-ro	1	PY Jn	PY
a-ke-wa-ta	1	PY Jn	PY
sa-ka-re-u	1	PY Jn	PY
ko-ta-wo	1	PY Jn	PY
da-u-ta-ro	1	PY Jn	PY
ra-si-jo	1	PY Jn	PY
du-ko-so	1	PY Jn	PY
e-u-wa-ko-ro	1	PY Jn	PY
wa-ti-ro	1	PY Jn	PY
to-sa-no-jo	1	PY Jn	PY
a-mu-ta-wo-no	1	PY Jn	PY
ko-ro-tu-no	1	PY Jn	PY
ra-wo-ke-ta	1	PY Jn	PY
a2-ro	1	PY Jn	PY
o-qa	1	PY Jn	PY
po-to-re-ma-ta	1	PY Jn	PY
wa-pa-no	1	PY Jn	PY
mo-da	1	PY Jn	PY
ti-na-jo	1	PY Jn	PY
i-pe-ra-ta	1	PY Jn	PY
a-pi-no-e-wi	1	PY Jn	PY
to-ri-jo	1	PY Jn	PY
pu-ra-ta	1	PY Jn	PY
wi-ti-mi-jo	1	PY Jn	PY
a3-ki-e-wo	1	PY Jn	PY
mi-ka-ri-jo-jo	1	PY Jn	PY
pu-ra-ta-o	1	PY Jn	PY
e-ni-pa-te-we	1	PY Jn	PY
ma-ka-wo	1	PY Jn	PY
pi-ro-ne-ta	1	PY Jn	PY
wa-ka-ta	1	PY Jn	PY
wo-wi-ja-ta	1	PY Jn	PY
po-ru-e-ro	1	PY Jn	PY
po-ti-na-jo	1	PY Jn	PY
e-u-wa-re	1	PY Jn	PY
o-ke-te-u	1	PY Jn	PY
a-me-to	1	PY Jn	PY
ta-re-u	1	PY Jn	PY
ta-na-wo	1	PY Jn	PY
pe-ri-no	1	PY Jn	PY
a-no-me-de	1	PY Jn	PY
qi-si-ja-ko	1	PY Jn	PY
mu-to-na	1	PY Jn	PY
ma-ra-si-jo	1	PY Jn	PY
ka-ri-si-jo	1	PY Jn	PY
ko-a2-ta	1	PY Jn	PY
ko-do-ro	1	PY Jn	PY
te-pe	1	PY Jn	PY
e-ka-no	1	PY Jn	PY
pe-re-qo-no	1	PY Jn	PY
ma-ka-ta	1	PY Jn	PY
wi-jo-ro-jo	1	PY Jn	PY
wa-tu-ta	1	PY Jn	PY
o-wo-ta	1	PY Jn	PY
o-ru-we-ro	1	PY Jn	PY
ko-ma-do-ro	1	PY Jn	PY
po-so-ra-ko	1	PY Jn	PY
wa-ti-ko-ro	1	PY Jn	PY
i-*65-qe	1	PY Jn	PY
e-ru-ta-jo	1	PY Jn	PY
e-u-ko-me-no	1	PY Jn	PY
di-nu-wa-ta	1	PY Jn	PY
wa-du-ri-jo	1	PY Jn	PY
o-wi-da	1	PY Jn	PY
pa-ra-ke-te-e-we	1	PY Jn	PY
ro-wo	1	PY Jn	PY
e-u-ka-ro	1	PY Jn	PY
ma-ra-ta	1	PY Jn	PY
a-no-ta	1	PY Jn	PY
si-ra-ta	1	PY Jn	PY
ka-ra-u-ro	1	PY Jn	PY
ra-wo-qo-ta	1	PY Jn	PY
e-u-we-to	1	PY Jn	PY
e-ke-i-ja-ta	1	PY Jn	PY
wo-wa-ro	1	PY Jn	PY
du-wo-jo	1	PY Jn	PY
di-ra-wo-no	1	PY Jn	PY
e-u-we-to-ro	1	PY Jn	PY
jo-do-so-si	1	PY Jn	PY
du-ma-te-qe	1	PY Jn	PY
po-ro-ko-re-te-re-qe	1	PY Jn	PY
o-pi-su-ko-qe	1	PY Jn	PY
na-wi-jo	1	PY Jn	PY
pa-ta-jo-i-qe	1	PY Jn	PY
e-ke-si-qe	1	PY Jn	PY
a3-ka-sa-ma	1	PY Jn	PY
za-ma-e-wi-ja	1	PY Jn	PY
a-ke-te-re	1	PY Jn	PY
e-ke-ro	1	PY Jn	PY
si-mu-ta	1	PY Jn	PY
ra-u-ta	1	PY Jn	PY
ma-ri-ta	1	PY Jn	PY
pi-ro-ka-te	1	PY Jn	PY
me-ra-to	1	PY Jn	PY
a-ri-qa	1	PY Jn	PY
si-pa-ta-no	1	PY Jn	PY
a-no-ra-ta	1	PY Jn	PY
pu-wa-ne	1	PY Jn	PY
sa-ri-qo-ro	1	PY Jn	PY
pu-ke-se-ro	1	PY Jn	PY
re-qo-we	1	PY Jn	PY
qe-ta-ra-je-u	1	PY Jn	PY
du-re-u	1	PY Jn	PY
a-pa-je-u	1	PY Jn	PY
pa-pa-ra-ko	1	PY Jn	PY
ma-ta-ko	1	PY Jn	PY
ku-ke-re-u	1	PY Jn	PY
a-ti-ja-wo	1	PY Jn	PY
wa-ra-ko-no	1	PY Jn	PY
qe-re-me-ne-u	1	PY Jn	PY
o-pi-ko-wo	1	PY Jn	PY
o-pi-su-ko	1	PY Jn	PY
qa-te	1	PY Jn	PY
e-pi-ta-jo	1	PY Jn	PY
i-mo-ro-ne	1	PY Jn	PY
we-ke-i-jo	1	PY Jn	PY
ke-da-si	1	PY Jn	PY
e-pa-ta	1	PY Jn	PY
po-ro-ko-re	1	PY Jo	PY
ne-da-wa-ta	1	PY Jo	PY
pa-ki-ja-ni	1	PY Jo	PY
qo-wo	1	PY Jo	PY
e-ra-te-re-wa-o	1	PY Jo	PY
po-so-ri-jo	1	PY Jo	PY
a-ro-te	1	PY La	PY
wa-na-ka-to	1	PY La	PY
pa-ko-wa	1	PY La	PY
a-ro-ta	1	PY La	PY
pi-ku-e-wi	1	PY La	PY
pa-wo-ko	1	PY La	PY
mo-ro-ko-wo-wo-pi	1	PY La	PY
a3-ki-po-de	1	PY Mb	PY
ka-wa-ri	1	PY Mb	PY
ka-te	1	PY Mb	PY
u-ma	1	PY Mb	PY
se-we	1	PY Mb	PY
ja-ke-te-re	1	PY Mn	PY
me-wi-te-jo	1	PY Mn	PY
a-sa-ti-ja	1	PY Mn	PY
ko-ro-jo-wo-wi-ja	1	PY Mn	PY
sa-ri-nu-wo-te	1	PY Mn	PY
i-no	1	PY Mn	PY
a2-te-we	1	PY Mn	PY
ma-ne	1	PY Mn	PY
qe-re-me	1	PY Mn	PY
ma-ra-ne	1	PY Mn	PY
ro-u-si	1	PY Mn	PY
o-no-ka-ra	1	PY Mn	PY
ma-to-pu-ro	1	PY Mn	PY
da-nu-wa-a-ri	1	PY Mn	PY
ki-de	1	PY Na	PY
e-we-da-si	1	PY Na	PY
ka-ke-u-si	1	PY Na	PY
u-po-di-jo-no	1	PY Na	PY
e-ri-no-wo	1	PY Na	PY
ma-ra-te-we	1	PY Na	PY
a-pa-ri-ka-na-we-ja	1	PY Na	PY
ta-mi-ta-ma	1	PY Na	PY
u-te-ra	1	PY Na	PY
e-re-e-wo	1	PY Na	PY
qo-pi-ja	1	PY Na	PY
pi-ka-na	1	PY Na	PY
so-wo-te	1	PY Na	PY
ke-ke-me-no-jo	1	PY Na	PY
wa-te-u	1	PY Na	PY
pe-i	1	PY Na	PY
wo-no-qe-wa	1	PY Na	PY
to-ro-wa-so	1	PY Na	PY
e-ko-so-no	1	PY Na	PY
ko-ro-te-wi-jo	1	PY Na	PY
pa-ri-so	1	PY Na	PY
ke-ki-de	1	PY Na	PY
ki-ti-je-si	1	PY Na	PY
qo-ta-wo	1	PY Na	PY
a-sa-pi	1	PY Na	PY
e-u-ta-re-wo	1	PY Na	PY
sa-ma-ri-wa	1	PY Na	PY
ke-u-po-da	1	PY Na	PY
ra-i-pi	1	PY Na	PY
te-se-e	1	PY Na	PY
a3-wi-jo	1	PY Na	PY
ki-ti-to	1	PY Na	PY
qe-re-me-e	1	PY Na	PY
po-ru	1	PY Na	PY
ke-re-ti-wo	1	PY Na	PY
a-pa-ta	1	PY Na	PY
ke-po-da	1	PY Na	PY
me-ka-o	1	PY Na	PY
wa-re-u-ka-ra	1	PY Na	PY
ke-i-jo	1	PY Na	PY
a-o-ze-jo	1	PY Na	PY
e-wi-ku-wo-te	1	PY Na	PY
me-sa-po	1	PY Na	PY
qo-ro-mu-ro	1	PY Na	PY
a2-ki-ra	1	PY Na	PY
ko-tu-we	1	PY Na	PY
ri-sa-pi	1	PY Na	PY
e-ke-de-mi	1	PY Na	PY
a2-ku-mi-jo	1	PY Na	PY
pa-ka-a-ka-ri	1	PY Na	PY
a-pi-te-wa	1	PY Na	PY
no-ka-ra-o-re	1	PY Na	PY
ru-ke-wo-wo-wi-ja	1	PY Na	PY
sa-ri-nu	1	PY Na	PY
o-o-pe-ro-si	1	PY Nn	PY
u-ka-jo	1	PY Nn	PY
ke-i-ja-ka-ra-na	1	PY Nn	PY
di-wi-ja-ta	1	PY Nn	PY
u-re	1	PY Nn	PY
a-mo-ke-re	1	PY Nn	PY
e-re-e-u	1	PY Nn	PY
a-ro-je-u	1	PY Nn	PY
e-ra-te-i-jo	1	PY On	PY
du-ma-ti	1	PY On	PY
o-de-qa-a2	1	PY On	PY
pe-ra-a-ko-ra-i-jo	1	PY On	PY
ra-u-ra-ti-ja	1	PY On	PY
te-mi-ti-ja	1	PY On	PY
re-u-ka-so	1	PY Pa	PY
pe-ra-ko-ra-i-ja	1	PY Pa	PY
a-pi-ka-ra-do-jo	1	PY Pa	PY
o-de-ka-sa-to	1	PY Pn	PY
si-ma-ko	1	PY Pn	PY
ru-ko	1	PY Pn	PY
ka-wa-ra	1	PY Qa	PY
pu-ti-ja	1	PY Qa	PY
po-qa-te-u	1	PY Qa	PY
a-o-ri-me-ne	1	PY Qa	PY
e-da-e-u	1	PY Qa	PY
ka-e-se-u	1	PY Qa	PY
po-ti-ni-ja-wi-jo	1	PY Qa	PY
je-re-ja	1	PY Qa	PY
ki-nu-ra	1	PY Qa	PY
ke-i-ja	1	PY Qa	PY
a-te-ra-wo	1	PY Qa	PY
wo-ro-qo-ta	1	PY Qa	PY
to-ra-ke	1	PY Sh	PY
ku-wa-no-qe	1	PY Ta	PY
ku-te-ta-jo	1	PY Ta	PY
ku-ru-sa-pi	1	PY Ta	PY
o-ni-ti-ja-pi	1	PY Ta	PY
ta-ra-nu-qe	1	PY Ta	PY
se-re-mo-ka-ra-o-re	1	PY Ta	PY
a-di-ri-ja-te-qe	1	PY Ta	PY
po-ti-pi-qe	1	PY Ta	PY
ku-te-so	1	PY Ta	PY
se-re-mo-ka-ra-a-pi	1	PY Ta	PY
a-di-ri-ja-pi-qe	1	PY Ta	PY
re-wo-pi-qe	1	PY Ta	PY
to-qi-de-ja	1	PY Ta	PY
pa-ko-to	1	PY Ta	PY
a-pe-te-me-ne	1	PY Ta	PY
po-ro-e-ke-te-ri-ja	1	PY Ta	PY
ko-te-ri-ja	1	PY Ta	PY
au-te	1	PY Ta	PY
pu-ra-u-to-ro	1	PY Ta	PY
qa-ra-to-ro	1	PY Ta	PY
i-to-we-sa	1	PY Ta	PY
so-we-ne-ja	1	PY Ta	PY
*34-ke-u	1	PY Ta	PY
o-pi-ke-wi-ri-je-u	1	PY Ta	PY
e-re-pa-te-jo-qe	1	PY Ta	PY
we-pe-za	1	PY Ta	PY
we-a2-re-jo	1	PY Ta	PY
se-re-mo-ka-ra-o-re-qe	1	PY Ta	PY
ku-wa-ni-jo-qe	1	PY Ta	PY
ku-ru-sa-pi-qe	1	PY Ta	PY
pu-ko-so	1	PY Ta	PY
e-ne-wo-pe-zo	1	PY Ta	PY
to-qi-de-jo	1	PY Ta	PY
pa-ra-ku-we	1	PY Ta	PY
qi-si-pe-e	1	PY Ta	PY
ka-ru-we-qe	1	PY Ta	PY
a-to-ro-qo	1	PY Ta	PY
i-qo-qe	1	PY Ta	PY
po-ru-po-de-qe	1	PY Ta	PY
po-ni-ke-qe	1	PY Ta	PY
ka-ra-a-pi	1	PY Ta	PY
re-wo-te-jo	1	PY Ta	PY
po-ro-wi-to-jo	1	PY Tn	PY
ma-na-sa	1	PY Tn	PY
po-si-da-e-ja	1	PY Tn	PY
ti-ri-se-ro-e	1	PY Tn	PY
do-po-ta	1	PY Tn	PY
po-si-da-i-jo	1	PY Tn	PY
a-ke-qe	1	PY Tn	PY
qo-wi-ja	1	PY Tn	PY
i-pe-me-de-ja-qe	1	PY Tn	PY
di-u-ja-jo-qe	1	PY Tn	PY
pe-re-po-re-na-qe	1	PY Tn	PY
a-re-ja	1	PY Tn	PY
di-u-jo	1	PY Tn	PY
di-ri-mi-jo	1	PY Tn	PY
i-je-we	1	PY Tn	PY
a-te-re-e-te-jo	1	PY Tn	PY
re-wo-te-re-jo	1	PY Tn	PY
u-do-ro	1	PY Tn	PY
pi-a2-ra	1	PY Tn	PY
a-te-we	1	PY Tn	PY
po-ka-ta-ma	1	PY Tn	PY
ku-wa-no-qa	1	PY Ta	PY
pa-ra-ke-we	1	PY Ta	PY
*85-de-pi	1	PY Ta	PY
*85-ke-wa	1	PY Ta	PY
qa-si-pe-e	1	PY Ta	PY
ke-do-jo	1	PY Ua	PY
te-u-ke-pi	1	PY Ub	PY
ro-u-si-je-wi-ja	1	PY Ub	PY
a-na-pu-ke	1	PY Ub	PY
po-qe-wi-ja	1	PY Ub	PY
e-ra-pi-ja	1	PY Ub	PY
ra-ma-o	1	PY Ub	PY
e-ra-ti-ja-o	1	PY Ub	PY
o-pi-de-so-mo	1	PY Ub	PY
ka-ne-ja	1	PY Ub	PY
wo-ro-ma-ta	1	PY Ub	PY
me-ti-ja-no	1	PY Ub	PY
to-pa	1	PY Ub	PY
ru-de-a2	1	PY Ub	PY
a-re-se-si	1	PY Ub	PY
pe-di-ra	1	PY Ub	PY
we-ru-ma-ta	1	PY Ub	PY
ze-u-ke-si	1	PY Ub	PY
pe-di-ro	1	PY Ub	PY
e-ma-ta	1	PY Ub	PY
e-pi-u-ru-te-we	1	PY Ub	PY
a-pe-i-ja	1	PY Ub	PY
we-re-ne-ja	1	PY Ub	PY
a3-za	1	PY Ub	PY
pe-di-ro-i	1	PY Ub	PY
mu-jo-me-no	1	PY Un	PY
a-pi-e-ke	1	PY Un	PY
o-pi-te-ke-e-u	1	PY Un	PY
ra-wi-po-ro	1	PY Un	PY
me-za-wo-ni	1	PY Un	PY
e-ke-ra-ne	1	PY Un	PY
tu-wo	1	PY Un	PY
te-qi-jo-ne	1	PY Un	PY
a-ti-mi-te	1	PY Un	PY
da-ko-ro-i	1	PY Un	PY
a-ka-wo-ne	1	PY Un	PY
o-do-ke	1	PY Un	PY
tu-we-ta	1	PY Un	PY
a-re-pa-zo-o	1	PY Un	PY
tu-we-a	1	PY Un	PY
a-re-pa-te	1	PY Un	PY
ze-so-me	1	PY Un	PY
ze-so-me-no	1	PY Un	PY
ko-ri-a2-da-na	1	PY Un	PY
po-re-no-zo-te-ri-ja	1	PY Un	PY
te-ri-ja	1	PY Un	PY
ra-ka	1	PY Un	PY
sa-ra-pe-da	1	PY Un	PY
po-se-da-o-ni	1	PY Un	PY
o-wi-de-ta-i	1	PY Un	PY
a-re-ro	1	PY Un	PY
me-re-u-ro	1	PY Un	PY
a3-ka-na-jo	1	PY Un	PY
wo-no-qe-we	1	PY Un	PY
a-ke-re-we	1	PY Un	PY
te-so-qe	1	PY Un	PY
a2-zo-qi-jo	1	PY Un	PY
a-wa-ra-ka-na-o	1	PY Un	PY
pa-ma-ko	1	PY Un	PY
wo-to-mo	1	PY Un	PY
a-wa-ra-ka-na	1	PY Un	PY
e-ri-ka-we-e	1	PY Un	PY
re-u-ko-to	1	PY Un	PY
e-u-ka-no	1	PY Un	PY
a2-to	1	PY Un	PY
to-sa-ka-pa-ra	1	PY Un	PY
ta-qe	1	PY Un	PY
a3-te	1	PY Un	PY
to-o	1	PY Un	PY
o-pa-ro-ze	1	PY Un	PY
ti-se	1	PY Un	PY
we-a2-no	1	PY Un	PY
e-we	1	PY Un	PY
na-ka-te	1	PY Un	PY
a3-sa	1	PY Un	PY
ki-ri-te-wi-ja-pi	1	PY Un	PY
ke-ra-e-we	1	PY Un	PY
ka-tu-re-wi-ja	1	PY Un	PY
a-ke-re-wi-ja	1	PY Un	PY
re-ku-wa-na-ka	1	PY Va	PY
a-po-te-ro-te	1	PY Va	PY
pe-re-ku-wa-na-ka	1	PY Va	PY
ro-i-ko	1	PY Va	PY
ka-zo-e	1	PY Va	PY
e-ke-i-ja	1	PY Va	PY
pe-di-je-wi-ja	1	PY Va	PY
sa-pi	1	PY Vn	PY
o-a2	1	PY Vn	PY
e-pi-de-da-to	1	PY Vn	PY
pi-*82-de	1	PY Vn	PY
me-ta-pa-de	1	PY Vn	PY
pe-to-no-de	1	PY Vn	PY
a-ke-re-wa-de	1	PY Vn	PY
e-ra-to-de	1	PY Vn	PY
ka-ra-do-ro-de	1	PY Vn	PY
e-ru-mi-ni-ja	1	PY Vn	PY
pi-ri-ja-o	1	PY Vn	PY
qe-re-ti-ri-jo	1	PY Vn	PY
me-ta-se-we	1	PY Vn	PY
a-ro-wo	1	PY Vn	PY
e-pi-*65-ko	1	PY Vn	PY
ki-wo-qe	1	PY Vn	PY
ki-ka-ne	1	PY Vn	PY
wi-jo-de	1	PY Vn	PY
e-re-wi-jo-po-ti-ni-ja	1	PY Vn	PY
o-ze-to	1	PY Vn	PY
*34-to-pi	1	PY Vn	PY
a-ke-a2	1	PY Vn	PY
pe-ri-te	1	PY Vn	PY
e-ru-si-jo	1	PY Vn	PY
a3-ki-e-we	1	PY Vn	PY
wa-do-me-no	1	PY Vn	PY
sa-ri-no-te	1	PY Vn	PY
a-ta-no-re	1	PY Vn	PY
e-ri-we-ro	1	PY Vn	PY
wi-sa-to	1	PY Vn	PY
u-so	1	PY Vn	PY
e-u-qo-ne	1	PY Vn	PY
ta-pa-qe	1	PY Vn	PY
e-ke-ri-jo-na	1	PY Vn	PY
sa-nu-we	1	PY Vn	PY
wi-ri-ke-ja	1	PY Vn	PY
o-to-wo-we-i	1	PY Vn	PY
te-do-ne-ja	1	PY Vn	PY
e-ti-je-ja	1	PY Vn	PY
ne-ka-ta-ta	1	PY Vn	PY
ta-zo-te-ja	1	PY Vn	PY
ka-pa-si-ja	1	PY Vn	PY
re-u-ka-ta-ra-ja	1	PY Vn	PY
qi-ri-jo-ne	1	PY Vn	PY
ma-so-ni-jo	1	PY Vn	PY
ra-i-jo	1	PY Vn	PY
qe-te-re-u	1	PY Vn	PY
ta-ra-pe-se	1	PY Vn	PY
wa-tu-o	1	PY Vn	PY
a-wa-ne-u	1	PY Vn	PY
o-ro-do-ko	1	PY Vn	PY
a-mi-ja	1	PY Vn	PY
u-re-u	1	PY Vn	PY
ko-ni-ti-ja-ja	1	PY Vn	PY
me-ti-ja-no-ro	1	PY Vn	PY
ka-e-sa-me-no-jo	1	PY Vn	PY
a-*64-ja	1	PY Vn	PY
e-to-mo-jo	1	PY Vn	PY
de-ki-si-wo-jo	1	PY Vn	PY
pi-ri-ta	1	PY Vn	PY
a-ta-o-jo	1	PY Vn	PY
pi-ro-pa-ta-ra	1	PY Vn	PY
qa-ko-jo	1	PY Vn	PY
ma-ra-me-na	1	PY Vn	PY
e-ke-ja	1	PY Vn	PY
do-si-mi-jo-qe	1	PY Wa	PY
o-wi-de-ta	1	PY Wa	PY
wi-to-re-ta	1	PY Wa	PY
re-ke	1	PY Wa	PY
a-ri	1	PY Wa	PY
ka-ra-ni-jo	1	PY Wr	PY
de-mi-ni-jo	1	PY Wr	PY
pe-re-i-to	1	PY Wr	PY
mo-ta	1	PY Wa	PY
ze-i-ja-ka-ra-na	1	PY Xa	PY
di-wo-nu-so-jo	1	PY Xa	PY
pa-ki-ja-ne	1	PY Xa	PY
di-da-ma-o	1	PY Xa	PY
i-sa-ma	1	PY Xa	PY
ke-re-te-u-ti-no	1	PY Xa	PY
te-ro-a	1	PY Xa	PY
a-ro	1	PY Xa	PY
e-te-wa-jo	1	PY Xa	PY
qa-ne	1	PY Xa	PY
a-pi-ke-ne-a	1	PY Xa	PY
e-pe	1	PY Xa	PY
ro-si-ja	1	PY Xa	PY
na-me	1	PY Xa	PY
ra-na-i	1	PY Xa	PY
ra-te-o	1	PY Xa	PY
pe-se-wi-ja	1	PY Xa	PY
tu-ni-jo	1	PY Xa	PY
i-pe-ne-o	1	PY Xa	PY
ra-ja-mo	1	PY Xa	PY
de-u	1	PY Xa	PY
ko-jo	1	PY Xn	PY
ka-ni	1	PY Xn	PY
ko-te-ro	1	PY Xn	PY
ti-wo	1	PY Xn	PY
no-wo	1	PY Xn	PY
to-so-o	1	PY Xn	PY
e-ni	1	PY Xn	PY
ka-ra	1	PY Xn	PY
so-ne	1	PY Xn	PY
po-te-we	1	TH Av	TH
ku-na-ki-si	1	TH Av	TH
e-re-u-te-ri	1	TH Av	TH
wi-ri-ne-u	1	TH Av	TH
ma-di-je	1	TH Av	TH
ko-ru-we	1	TH Av	TH
ka-zo-de	1	TH Av	TH
si-to-ko	1	TH Av	TH
ro-na-de	1	TH Av	TH
po-to-a2-ja-de	1	TH Av	TH
te-re-ja-de	1	TH Av	TH
o-pi-ja-ro	1	TH Av	TH
ke-re-u-so	1	TH Av	TH
te-u-ke-i-jo	1	TH Av	TH
ta-me-je-u	1	TH Av	TH
ka-na-pe-we	1	TH Av	TH
a-re-pe-se-u	1	TH Av	TH
ru-ra-ta-e	1	TH Av	TH
tu-wo-te-to	1	TH Fq	TH
o-je-ke-te-to	1	TH Fq	TH
ka-wi-jo-*65	1	TH Fq	TH
ku-si	1	TH Fq	TH
te-qa-i	1	TH Ft	TH
e-u-te-re-u	1	TH Ft	TH
ku-te-we-so	1	TH Ft	TH
ko-da-mo	1	TH Ft	TH
de-ne-o	1	TH Ft	TH
ko-ro-qe	1	TH Ft	TH
te-de-ne-o	1	TH Ft	TH
a-me-ro	1	TH Gf	TH
we-na-ko-jo	1	TH Gf	TH
to-so-wo	1	TH Gp	TH
di-wi-ja-me-ro	1	TH Gp	TH
na-ne-mo	1	TH Gp	TH
mo-ne-we	1	TH Gp	TH
*56-ru	1	TH Gp	TH
i-si-wi-jo-i	1	TH Gp	TH
e-mi-jo-no-i	1	TH Gp	TH
to-jo	1	TH Gp	TH
ke-wa-to	1	TH Gp	TH
te-ri-a2	1	TH Gp	TH
wo-ko	1	TH Gp	TH
a-ko-ro-da-mo	1	TH Gp	TH
ta-si	1	TH Gp	TH
ke-re-na-i	1	TH Gp	TH
te-qa-jo-i	1	TH Gp	TH
u-re-we	1	TH Gp	TH
a-ra-ki-to	1	TH Gp	TH
to-pa-po-ro-i	1	TH Gp	TH
e-pe-to	1	TH Gp	TH
ko-ro-da-mo	1	TH Gp	TH
ke-da-mo-ni-jo-u-jo	1	TH Gp	TH
to-i	1	TH Gp	TH
to-po-ne	1	TH Lf	TH
a3-ki-a2-ri-ja	1	TH Of	TH
di-u-ja-wa-o	1	TH Of	TH
su-me-ra-we-jo	1	TH Of	TH
du-qo-te-ja	1	TH Of	TH
ke-o-te-ja	1	TH Of	TH
re-we-to	1	TH Of	TH
pe-to-no-qa	1	TH Of	TH
o-*34-ta-o	1	TH Of	TH
a-pi-qo-ro	1	TH Of	TH
ko-ma-we-te-ja	1	TH Of	TH
a-ki-a2-ri-ja-de	1	TH Of	TH
no-ri-wo-ki-de	1	TH Of	TH
wo-ko-de	1	TH Of	TH
o-nu-ke-wi	1	TH Oh	TH
o-*34-ta	1	TH Ug	TH
au-to-te-qa-jo	1	TH Ug	TH
ka-e-sa-me-no	1	TH Ug	TH
ta-wo-no	1	TH Ug	TH
pe-ta-o-ni-jo	1	TH Ug	TH
ta-i-da	1	TH Ug	TH
to-ma	1	TH Ug	TH
po-te	1	TH Ug	TH
e-u-te-we-jo	1	TH Up	TH
qa-so-pi	1	TH Up	TH
po-to-e	1	TH Up	TH
a2-jo	1	TH Up	TH
wo-to-we-ro	1	TH V	TH
i-je-ra	1	TH Wu	TH
*56-pu-so	1	TH Wu	TH
pa-ra-wo	1	TH Wu	TH
te-qa-jo	1	TH Wu	TH
i-ri-ja	1	TH Wu	TH
ka-ru-to	1	TH Wu	TH
qe-ri-jo-jo	1	TH Wu	TH
a-ma-ru-to	1	TH Wu	TH
sa-me-we	1	TH Wu	TH
ra-mi-jo	1	TH Wu	TH
a2-pa-a2-de	1	TH Wu	TH
wa-na-ke-te	1	TH X	TH
pe-re-wi-jo	1	TH X	TH
a-u-ja	1	TH X	TH
ra-wo-ta	1	TH X	TH
wa-ta-o	1	TH X	TH
a2-ta-o	1	TH X	TH
me-to-re-ja-de	1	TH X	TH
to-sa-pe-mo	1	TI Ef	TI
di-ko-na-re-ja	1	TI Ef	TI
wa-si-jo	1	TI X	TI
