word	slots	n_tablets	series
u-ta-jo	N1,N1b,N3,N5	19	KN Da,KN Db,KN Dc,KN Dd,KN De,KN Dv,KN V
we-we-si-jo	N1,N3,N5	19	KN Da,KN Db,KN Dd,KN De,KN Dg,KN Dv,KN L,KN Le,KN X,PY Jn
u-ta-jo-jo	N1,N1b,N3	17	KN Da,KN Db,KN Dc,KN Dd,KN De,KN Dv
we-we-si-jo-jo	N1,N3	13	KN Ak,KN Da,KN Db,KN Dc,KN Dd,KN De,KN Dv,KN Od,KN X
da-mi-ni-jo	N1,N3,N5	12	KN Da,KN Dc,KN Df,KN Dk,KN Dq,KN Dv,KN V,PY An
e-ko-te	N1,N1b	11	KN B,PY Aq,PY Ed,PY Jn
e-ka-ra-e-we	N1,N3	11	KN Dm
a3-mi-re-we	N1,N3	9	KN Dm
ki-ri-jo-te	N1,N1b,N3	8	KN Da,KN Db,KN Dc,KN Dd,KN Df,KN Dv
a-te-jo	N1,N3	8	KN Da,KN Db,KN Dc,KN De,KN Dl,KN Dv
sa-qa-re-jo	N1,N3	8	KN Dl
a-ka	N1,N3	7	KN D,KN Da,KN Dn,KN V
a-ke-o-jo	N1,N1b	7	KN X,PY Cn
po-ku-ta	N1,N1b,N6	6	KN B,KN C,KN L,PY An
ri-jo	N1,N1b,N3,N6,N7	6	KN B,KN Df,KN E,KN Le,PY An,PY Cn,PY Ma,PY Na,PY Xn
po-ti-ro	N5,N6	6	KN V
we-da-ne-wo	N1,N1b,N5	6	PY An,PY Cn,PY Es,PY Na,PY Un
a-no-qo-ta	N1,N3,N6	5	KN Ak,KN Ap,KN Da,KN Dq,KN Vc,KN X
te-re-ta	N1,N1b,N4,N6	5	KN Am,KN B,KN Uf,KN X,PY Eb,PY Ed,PY En,PY Eo,PY Eq,PY Er
ri-zo	N1,N5,N6	5	KN As,KN B,KN V,PY An
wo-wo	N1,N1b,N2,N3,N5	5	KN Dc,KN Dk,PY Cn,PY Eb,PY Na
pe-ko	N1,N1b,N3	5	KN Dc,KN Dv,PY Cn
da-ra-ko	N1	5	KN Db,KN Dd,KN Dk,KN Dv,KN X
ra-wa-ke-si-jo	N2,N4,N7	5	KN E,PY Ea,PY Er,PY Na
qe-ta-ko	N1,N1b	5	PY Cn,PY Jn
ke-re-te-u	N4	5	PY Ea
ko-no-si-jo	N1,N6	4	KN Am,KN As,KN B,KN V,KN Xd
ko-ma-we-to	N1,N1b,N3	4	KN Ap,KN Dk,KN Dv,KN X
qe-ro	N1b,N3,N5,N6	4	KN As,KN Db,KN V
a-ra-ko	N1,N1b,N3,N6	4	KN As,KN C,KN Db,KN De
mi-ru-ro	N1,N1b,N5,N6	4	KN As,KN C,KN V
du-ni-jo	N1,N2,N4	4	KN As,KN Ga,KN Xd,PY Ae,PY Ea,PY Eb,PY Ep,PY Fn,PY Un
u-ra-jo	N1,N1b,N3	4	KN B,KN Db,KN Dv
ru-ki-ti-jo	N1,N7	4	KN C,KN E,KN Ga,KN Og,KN Xd
wa-du-na-ro	N1b,N3	4	KN C,KN Db,KN Dc,KN Dk
wi-na-jo	N1b,N3	4	KN Da,KN Db,KN Dv,KN Fh,KN K,KN X
e-u-ko-ro	N1b,N3,N5,N6	4	KN Da,KN Db,KN Dd,KN V
qa-na-no-to	N1,N3	4	KN Da,KN Db,KN Dv
si-ja-du-we	N1,N3	4	KN Dk,KN Dl
po-ti-ni-ja-we-jo	N1,N3	4	KN Dl,PY Jn
a-ma	N7	4	KN As,KN E,KN F
wa-na-ta-jo	N2,N4,N5,N7	4	KN V,PY Eo,PY Ep,PY Jn
o-na-se-u	N1,N5	4	KN V,PY Jn
ko-do	N2,N4,N7	4	KN Uf,PY Ea,PY Vn
pa-ra-ko	N2,N4,N7	4	PY Eb,PY Eo,PY Ep
ke-re-u	N1,N4	3	KN Ag,PY Ea,PY Ep
a-ke-ti-ri-ja	N1,N5	3	KN Ai,PY Aa
si-ra-ko	N1b,N3,N6	3	KN Ai,KN B,KN Db
e-ne-ka	N1,N1b	3	KN Am,PY Ae,PY An,PY Ea
o-pa	N1,N7	3	KN Am,KN Ce,KN Dm,KN E,KN L,KN Sd,KN Sf,KN So,KN Ws,PY Sh,PY Wr,TH Wu
pa-i-ti-ja	N1,N3,N5	3	KN Ak,KN Ap,KN Dl,KN Dp,KN E,KN Ga,KN Le,KN Og
ta-ta-ro	N1,N2,N4,N7	3	KN As,PY Eo,PY Ep
qo-te-ro	N1,N3	3	KN As,KN Da,PY Ae,PY An
o-pi-si-jo	N1,N5	3	KN As,PY Jn
pa-na-re-jo	N1,N5	3	KN As,KN U,KN V,PY Fn
ke-re	N1,N6	3	KN As,KN B
qa-ra-jo	N5,N6,N7	3	KN As,KN E,KN Ga,KN Og,KN V
i-to	N1	3	KN As,KN D,KN Dq
a-te-mo	N1b,N5	3	KN As,KN Dc,KN De
e-u-na-wo	N1,N3,N5	3	KN As,KN B,KN Dv,KN Np
e-re-ta	N1,N1b,N5,N6	3	KN As,KN C,PY An
o-ku	N1b,N3,N5,N6	3	KN As,KN Da,KN Dl
pa-qo-si-jo	N5,N6	3	KN B,PY Jn
do-ti-jo	N1,N1b,N3,N5,N6	3	KN B,KN Dl,KN V
i-jo-te	N1,N1b,N6	3	KN B,KN L,MY Au,PY An
ko-re-te	N1,N5	3	KN C,KN V,PY Aq,PY Jn,PY Jo,PY Nn,PY On
a-pi-qo-ta	N1b,N2,N5	3	KN C,PY Jn
a-to-mo	N1,N5	3	KN C,KN V,PY Aq,PY Jn,PY Jo
a-nu-ko	N1,N1b,N3	3	KN Ce,KN Db,KN Dc,KN Dk,KN Np
re-u-ka-ta	N1,N5	3	KN Ce,PY Jn
a-ko-ra-ja	N1	3	KN Co
ne-u	N1,N1b,N3,N6	3	KN Da,KN Vc,PY Jn
di-ro	N1,N3	3	KN Da,KN Db,KN Dc
a-nu-mo	N1,N1b,N3,N5,N6	3	KN Da,KN De,KN V
ma-ro	N1,N3,N5,N6	3	KN Dc,KN V,KN X,PY Cn
o-na-jo	N1b,N3,N5,N7	3	KN Dd,KN E,PY Jn
a-ko-mo-ni-jo	N1b,N3	3	KN De,KN Dk
ta-de-so	N1b,N3,N5	3	KN De,KN Df,KN V
a-ke-u	N1b,N3,N5	3	KN De,KN Dv,KN V
a-si-wi-jo	N1,N1b,N3	3	KN Df,MY Au,PY Cn,PY Eq
a-tu-ko	N1b,N3,N5	3	KN Dg,KN K,PY En,PY Eo,PY Ep,PY Jn
qo-ta	N1,N3,N5	3	KN Dl,KN V,PY Jn,PY Na
ka-to-ro	N1	3	KN Do,KN Dq,KN Ga,KN L
ta-o	N1,N3	3	KN Dq,PY Cn
me-na	N5,N7	3	KN E,KN Fs,KN Gg,KN Ra,KN Sd,KN Uf,PY Eb,PY Eo,PY Ep
na-e-si-jo	N1,N5	3	KN V,PY Jn,TH Av
e-u-po-ro-wo	N1,N5	3	KN V,PY Jn
pe-re-ta	N5,N6	3	KN V,PY Jn
ma-ra	N1,N1b,N5,N6	3	KN Vc,KN Xd,PY Cn,PY Jn
ka-sa-to	N1,N5,N6	3	KN Vc,MY Go,PY An,PY Jn
na-su-to	N1	3	MY Au
ke-re-za	N1b	3	PY Aa,PY Ab
o-wi-to-no	N1	3	PY Aa,PY Ab,PY An,PY Aq
me-tu-ra	N1b	3	PY Ae
su-ra-se	N1	3	PY Ae
a-ko-to-wo	N1,N2,N5	3	PY Cn,PY Jn
a-ka-ma-wo	N1,N2,N5	3	PY Cn,PY Jn
se-no	N1,N2,N4	3	PY Cn,PY Es
ka-ra-u-ko	N1,N5	3	PY Cn,PY Jn
a-we-ke-se-u	N1,N5	3	PY Cn,PY Jn
ra-ma-jo	N1,N5	3	PY Cn,PY Jn
i-ma-di-jo	N1,N2,N7	3	PY Cn,PY Ea,PY Jn
ti-ri-da-ro	N4	3	PY Ea
a-pi-a2-ro	N4	3	PY Ea,PY Qa
ta-ra-ma-ta	N4	3	PY Ea,PY Vn
e-u-me-ne	N1,N4	3	PY Ea,PY Jn
e-te-do-mo	N4	3	KN Uf,PY Ea,PY En,PY Eo,PY Ep
a3-ti-jo-qo	N4	3	PY Eb,PY En,PY Eo,PY Ep
ra-ku-ro	N2,N4,N7	3	PY Eb,PY Eo,PY Ep
a-da-ma-o	N4,N5	3	PY Eb,PY Ep,PY Jn
na-to	N4	3	KN X,PY En,PY Ep,TH Ka
ka-ke-we	N5	3	KN Fh,PY Jn,PY Ma,PY Na,PY Xn
mo-re-u	N1,N1b,N5	3	PY Jn
po-so-ro	N1,N5	3	PY Jn
ma-no-u-ro	N5	3	PY Jn
to-ro-wo	N1,N2	2	KN Ag,PY Vn,TH Gp
a-mi-ni-si-ja	N1,N5	2	KN Ai,KN E,KN Fh,KN Le
qi-ri-ja-to	N1,N5	2	KN Ai,KN B
da-wi-jo	N1,N1b,N6	2	KN Am,KN B,KN Ga,KN M
a-mi-ni-si-jo	N1,N6	2	KN Am,KN Vc,KN X
si-mi-te-u	N1	2	KN Am,TH Av
ne-o	N1b,N5	2	KN Ap,KN V,PY Es
tu-zo	N1,N6	2	KN Ap,KN C
e-ra-ja	N1,N1b	2	KN Ap,KN D,KN L,KN Lc
ka-ra-we	N1	2	KN Ap
a-ze-ti-ri-ja	N1,N7	2	KN Ap,KN E,KN M,KN Xe
ti-no	N1,N1b	2	KN Ap,PY An
te-qa-ja	N1,N4,N6	2	KN Ap,PY Ep
di-ka-ta-ro	N1,N1b,N3,N6	2	KN As,KN Dd
ka-mo	N1b,N5	2	KN As,KN Db,KN Dq
ni-jo	N1,N3,N6	2	KN As,KN Dq
ta-so	N3,N5	2	KN As,KN Dv
ko-me-no	N1	2	KN As,KN B
no-da-ro	N1,N3	2	KN As,KN Dc
sa-ma-ri-wa-ta	N1,N3,N6	2	KN As,KN Dv
ko-no-si-ja	N3,N6	2	KN As,KN Bg,KN Dv,KN E,KN X
po-to	N1,N3	2	KN As,KN Dv
pu-te	N1,N5	2	KN As,KN Uf
u-ra-mo-no	N1,N3	2	KN As,KN Da
a-ko-ra-jo	N1	2	KN As,KN Co,TH Wu
ka-ri-se-u	N1,N5	2	KN As,PY Jn
a3-ko-ta	N1,N1b	2	KN As,PY Aq
ru-na	N1,N2	2	KN As,PY Un
pu-wo	N1,N1b	2	KN As,KN C
du-to	N1,N3	2	KN As,KN Dc
pa-ti	N1,N1b,N3	2	KN As,KN Dd
wi-ja-ma-ro	N1,N1b	2	KN As,KN Da
wi-ra-ne-to	N1,N1b,N3	2	KN As,KN Dv
ti-qa-jo	N1,N5	2	KN As,PY Eo,PY Jn
e-ru-to-ro	N3,N5	2	KN As,KN Dk
a-ta-no	N5,N6	2	KN As,KN Vc
di-zo	N5	2	KN As,KN V
sa-zo	N1b,N3,N5	2	KN As,KN Dv
ku-ka-so	N1,N5,N6	2	KN As,KN V
wa-je	N1,N5,N6	2	KN As,KN V
ma-jo	N1,N3,N6	2	KN As,KN Dv
ku-re-we	N1,N6	2	KN B,PY Cn,PY Ma
a-ke-ta	N1,N6	2	KN B,PY Cn
ke-do-si-ja	N1b	2	KN B
pa-wi-no	N1,N6	2	KN B
e-u-da-mo	N1,N6	2	KN B,KN V
pu-ri	N1,N5	2	KN B,KN Ch,KN F,KN V
ke-ro	N1,N5	2	KN B,PY Jn
ke-ro-te	N1	2	KN B,PY Jn
ma-ma-ro	N1,N1b,N6	2	KN B,PY Cn
ki-u-ro	N1,N1b	2	KN B,KN Dl
a-pi-me-de	N1,N4	2	KN B,PY Eb
ma-di-qo	N1,N1b	2	KN B,KN Db
u-ta-ni-jo	N1,N6,N7	2	KN B,KN E,KN X
me-no	N1,N5,N6	2	KN B,KN Fh,KN Fp,KN Ga,KN Gg,KN K,KN M,KN Wb,KN X,PY Fr,PY Jn
a-pe-o-te	N1	2	KN B,KN Bg
pe-ri-te-u	N1,N6	2	KN B,KN C
po-ku	N1,N6	2	KN B,KN C
da-nu-wo	N1	2	KN C
de-ki-si-wo	N1,N1b,N2	2	KN C,PY Cn
wo-we-u	N1,N1b	2	KN C,KN Uf,PY Ae
qa-sa-ko	N1,N1b,N3	2	KN C,KN Dd
ka-sa-ro	N1b,N3	2	KN C,KN Dv
ko-ma-we-te	N1,N2	2	KN C,PY Cn
du-ma	N1,N1b	2	KN C
ke-u-po-da-o	N1,N1b,N3	2	KN C,KN Dq
ka-ta	N1,N5	2	KN C,KN V,PY Ep
po-ro	N1,N1b,N3	2	KN Ca,KN Dd
o-no	N1	2	KN Ca,KN Fh,KN L,KN M,PY An,PY Un
ro-ru	N1,N1b,N3	2	KN Ce,KN Dq,KN Fh
we-ka-ta	N1	2	KN Ce
ra-wo-ti-jo	N1,N5,N6	2	KN Ce,KN Vc
wo-ro-qe	N1,N1b	2	KN Ch
po-da-ko-qe	N1	2	KN Ch
a-di-je-wo	N1b,N3	2	KN D
ra-wo-qo-no-jo	N1,N1b,N3	2	KN D,KN Dl
a-no-qo	N1,N3	2	KN D,KN Da
ru-na-mo	N1b,N3	2	KN Da
ri-wi-so	N3	2	KN Da,KN Dv,KN Ga
a3-ta-ro-we	N1,N3	2	KN Da,PY Cn
te-ra-po-si-jo	N1,N3	2	KN Da,KN Db,KN Lc
ku-ta-si-jo	N3	2	KN Da,KN Dv
da-ja-ro	N1b	2	KN Da,KN Dc
ma-ri-ti-wi-jo	N1b,N2,N3	2	KN Da,PY Cn
ti-ko-ro	N1,N1b,N3	2	KN Da,PY Cn
ta-za-ro	N3,N5	2	KN Ch,KN Db,KN V
a-wa-so	N3	2	KN Db,KN Mc
qa-si-da-ro	N1b,N3	2	KN Db,KN Dv
ta-na-po-so	N1b,N3	2	KN Db,KN Dv
na-pu-ti-jo	N3,N5	2	KN Db,PY Jn
ta-za	N1b,N3	2	KN Db,KN Dv
je-zo	N1b,N3	2	KN Db,KN Dv
a3-ke-wa-to	N1b,N3	2	KN Db,KN Dv
de-ke-se-u	N1b,N3	2	KN Db,KN Df
ka-ni-to	N1b,N3	2	KN Db,KN Dh
ko-ti	N1b,N3	2	KN Db,KN De
po-ro-u-te-u	N1,N3	2	KN Dc,PY Jn
de-a-ta	N3	2	KN Dc,KN Df
a-te	N1,N3	2	KN Dc,KN Dv
du-ni	N1b,N3	2	KN Dd
u-wa-ta	N1,N1b,N3	2	KN Dd,PY Jn
po-me	N1b,N3,N4	2	KN Am,KN Dd,PY Ae,PY Ea,PY Eo
za-ra-ro	N1b,N3	2	KN Dd,KN Dk
a-te-i-ja-ta	N1b,N3	2	KN Dd,KN Dk
a-ka-i-jo	N3,N5,N6	2	KN De,KN F,KN Vc,KN Vd
si-ta-ro	N1b,N3	2	KN De,KN Dg,KN X
pe-ri-qo-te-jo	N1	2	KN Da,KN Db,KN De,KN Dv
ka-mi-ni-to	N1b,N3	2	KN De,KN Dk
ta-u-na-so	N1b,N3	2	KN De,KN Dv,KN Ga
qo-te-jo	N1,N3	2	KN De,KN Dn
pe-po-ro	N1,N3	2	KN De,PY Jn
ti-mi-za	N1b,N3	2	KN Df,KN Dk
ko-we-jo	N1,N3	2	KN Dk,KN Dq
da-to-ro	N3	2	KN Dk,KN Dv
ka-da-no	N3	2	KN Dk,KN Dv
ka-ru-no	N1,N3	2	KN Dl
a-ko-ro	N1b	2	KN Dl,PY Fr,PY Ua,PY Vn
e-se-re-e-jo	N1,N3	2	KN Dl
ma-ri	N1	2	KN Dl,KN Ga
to-u-na-ta	N1,N1b,N3	2	KN Dm,KN Dv
po-ka	N1,N3	2	KN Dp
pe-ri-qo-ta-o	N1b,N3	2	KN Dq
ka-to	N1b,N3	2	KN Dv
ru-na-so	N3	2	KN Dv
ra-wo	N3,N5,N6	2	KN Dv,KN L,KN Le,KN Vc
a-wo-i-jo	N1,N1b,N2,N3	2	KN Dv,PY Cn
tu-ti	N1,N5	2	KN Dv,KN V
ti-jo	N3,N5	2	KN Dv,KN L,KN V
wo-ti-jo	N3,N5	2	KN Dv,PY Jn
pa-na-so	N5,N7	2	KN E,KN Uf,KN X
e-ke-da-mo	N1,N5	2	KN Uf,PY Cn
wo-di-jo	N1,N5,N6	2	KN V,PY Jn
i-wa-ka	N1,N5	2	KN Uf,KN V,PY Jn,PY Ub
ka-pa-ri-jo	N5,N6	2	KN U,KN V,KN Vc
po-ru-da-si-jo	N5,N6	2	KN V,PY An,PY Aq
qe-ra-jo	N5,N6	2	KN V,KN Vc
nu-to	N5	2	KN V
wa-du-na	N5,N6	2	KN V
ma-ti-ko	N5	2	KN V,KN Vc
po-ro-ko-re-te	N1,N5	2	KN V,PY Jn,PY Jo
zo-wi-jo	N1b,N2,N5	2	KN V,PY Cn
mi-ka-ta	N1,N6	2	KN Vc,PY An,PY Eb,PY Fn
wa-ke-i-jo	N6	2	KN Vc
a-ke-ra-wo	N1b,N2,N5	2	KN Vc,PY Cn
pa-ta	N1b,N2,N5,N6	2	KN C,KN Vc,MY L,PY Cn
te-ra-wo	N1,N1b	2	MY Au
ke-re-no	N1,N1b,N2	2	MY Au,PY Cn
mo-i-da	N1	2	MY Au
qa-ru-ko	N1	2	MY Au
we-we-si-je-ja	N1	2	PY Aa,PY Ab
re-wo-to-ro-ko-wo	N1,N1b	2	PY Aa,PY Ab,PY Ad
a-da-ra-te-ja	N1	2	PY Aa,PY Ab
ne-wo-pe-o	N1,N1b	2	PY Aa,PY Cc
ka-ra-do-ro	N1	2	PY Ac,PY Cn,PY Jo,PY Ma,PY Na,PY Qa,PY Vn
re-u-ko-to-ro	N1,N1b	2	PY Ad,PY An,PY Ma,PY Na
pe-re-ke-we	N1	2	PY Ae,TH Oh
te-ta-ra-ne	N1	2	PY An
a-po-ne-we	N1	2	PY An
qo-u-ko-ro	N1,N1b	2	PY An,PY Nn,TI Ef
pu-ka-wo	N1	2	PY An
me-ri-du-ma-te	N1	2	PY An
me-ri-da-ma-te	N1	2	PY An
a-to-po-qo	N1	2	MY Au,PY An,PY Fn
pu-ko-ro	N1	2	PY An,PY Fn,PY Jn
ko-ma-we	N1	2	PY An,PY Jn
da-ko-ro	N1	2	PY An
ri-so-wa	N1b	2	KN Xd,PY An,PY Aq
da-i-ja-ke-re-u	N1	2	PY An,PY Aq
ku-sa-me-ni-jo	N1b	2	PY An,PY Aq
o-wo-to	N1,N2	2	PY An,PY Vn
tu-ru-we-u	N1	2	PY An,PY Cn
ka-ke-u	N1	2	KN V,PY An,PY Jn,PY Nn
qo-o	N1b	2	PY Cn
a2-ra-tu-a	N1	2	PY Cn
ku-ri-sa-to	N1	2	KN Xf,PY Cn,PY Jn
a-ko-so-ta-o	N1	2	PY Cn
e-zo-wo	N1,N2	2	KN Xe,PY Cn
ma-u-ti-jo	N1,N2	2	PY Cn,PY Jn
ka-ta-wa	N1,N1b,N2	2	PY Cn,PY Jn
po-ko-ro	N1,N2	2	PY Cn
wi-ja-te-we	N1,N1b	2	PY Cn
o-ku-ka	N1,N1b,N2	2	PY Cn
ko-ru-no	N1,N1b,N2	2	PY Cn
o-wa-ko	N1,N2,N5	2	PY Cn,PY Jn
ma-ro-pi	N1b	2	PY Cn
to-ro-wi	N1	2	PY Cn,PY Jn
e-ti-ra-wo	N1,N1b,N2	2	PY Cn
ra-mi-ni-jo	N1,N1b	2	PY Cn
we-u-da-ne-we	N1b,N2	2	PY Cn
re-u-ko	N1,N1b	2	KN L,PY Cn
a-ko-ro-we-e	N1	2	PY Cn
a-ko-ro-we	N1	2	PY Cn
a-ta-tu-ro	N1,N5	2	PY Cn,PY Jn
a-ko-ra	N1,N5	2	KN Dk,PY Cn,TH Wu
ne-ti-ja-no	N1,N1b	2	PY Cn,TH Av
ke-we-no	N1,N2,N5	2	PY Cn,PY Jn
ma-ra-ni-jo	N1b	2	PY Cn
a-pi-me-de-o	N1b,N4	2	KN C,PY Cn,PY Eb,PY Ep
a-si-ja-ti-ja	N1,N1b	2	PY Ae,PY Cn,PY Jn,PY On,PY Xa
e-re-e-we	N1,N1b	2	PY Cn,PY Jn
a-ke-ro	N1,N4	2	PY Cn,PY Ea,PY Jo,PY Vn
ka-ma	N4,N7	2	KN F,KN L,KN Xf,PY Ea,PY Eb,PY Ep
sa-ke-re-we	N2,N7	2	PY Ea
su-qo-ta-o	N7	2	PY Ea
pe-re-qo-no-jo	N5,N7	2	PY Ea,PY Jn
a-mo-te-wo	N4,N7	2	PY Ea
po-me-ne	N4,N7	2	PY Ea,PY Nn
mo-ro-qo-ro	N2,N7	2	PY Ea
e-u-me-de	N4	2	PY Ea
ru-ko-ro	N4	2	PY Ea
qe-ja-me-no	N4	2	PY Eb,PY Ep
o-pi-ti-ni-ja-ta	N4	2	PY Eb
ke-ra-u-jo	N4	2	PY Eb,PY Ep
pa-da-je-u	N2,N4	2	PY Eb,PY Eo
a-i-qe-u	N4	2	PY Eb,PY Ep
pa-da-je-we	N2,N7	2	PY Eb,PY Eo
i-e-re-u	N4	2	PY En
a3-so-ni-jo	N1	2	MY Ui,PY Jn
e-do-mo-ne-u	N1	2	PY Jn
ta-ra-si	N1b,N5	2	KN Lc,PY Jn
te-u-to	N1	2	PY Jn
po-ro-u-jo	N5	2	PY Jn
o-tu-wo-we	N5	2	PY Jn
o-pe-ra-no	N5	2	PY Jn
ri-ja-ko	N1,N5	2	PY Jn
a-pe-te-u	N1,N5	2	PY Jn
re-u-si-wo	N5	2	PY Jn
ke-ki	N5	2	KN F,PY Jn
ke-ta	N1,N4	2	PY Jn,PY Mb
te-ra-u-re-o	N1	2	PY Sa
pe-re-ko	N1	1	KN Ag,KN Xe
qe-ri-jo	N1	1	KN Ag
pe-se-ro-jo	N1b	1	KN Ai
e-e-si	N1	1	KN Ai,KN Sd
u-wa-si-jo	N2	1	KN Ai
re-ja	N1	1	KN Ai,KN L,PY Eb
ra-ma-na	N1b	1	KN Ai
e-ne-ra	N1	1	KN Ai
a-pi-qo-i-ta	N1b	1	KN Ai
me-wi-jo-e	N5	1	KN Ai,KN Ak,KN K
ta-na-qo	N1b	1	KN Ai
a-ri-ke-u	N5	1	KN Ai
o-du-ru-wi-ja	N1	1	KN Ai
di-ka	N1	1	KN Ai,KN Sc,KN Xd
da-wi-ja	N1b	1	KN Ak,KN Lc,KN Le,KN Og
ne-ki-ri-de	N1	1	KN Ak,KN Ln
di-da-ka-re	N1	1	KN Ak
a-mo-ra-ma	N1b	1	KN Am
we-ke-i-ja	N1	1	KN Am
e-qe-ta-e	N1b	1	KN Am
a-pa-ta-wa-jo	N1b	1	KN Am
te-ko-to-ne	N1	1	KN Am
a-wa-ti-ka-ra	N1	1	KN Am
ka-ma-jo	N1	1	KN Am
a-pe-a-sa	N6	1	KN Ap
i-ta-mo	N1b	1	KN Ap
we-ra-te-ja	N1	1	KN Ap
a-ke-wo	N1b,N6	1	KN Ap
di-qa-ra	N5	1	KN Ap
ko-so-jo	N1,N6	1	KN Ap
ko-pi	N1	1	KN Ap
a-to-me-ja	N1	1	KN Ap
da-te-ne-ja	N1	1	KN Ap
pa-ja-ni	N1	1	KN Ap
wo-di-je-ja	N1	1	KN Ap,MY V,PY Ub,PY Vn
du-sa-ni	N1	1	KN Ap
ma-ku	N1b	1	KN Ap
pi-ra-ka-ra	N1	1	KN Ap
wi-so	N1	1	KN Ap
ke-ra-me-ja	N1	1	KN Ap
i-du	N1	1	KN Ap
tu-ka-to	N1	1	KN Ap
e-ti-wa-ja	N1	1	KN Ap
sa-ma-ti-ja	N1	1	KN Ap
ku-tu-qa-no	N1	1	KN Ap,KN Da
ka-na-to-po	N1	1	KN Ap
tu-ka-na	N1	1	KN Ap
u-jo-na	N1	1	KN Ap
sa-mi	N1	1	KN Ap
pu-wa	N1	1	KN Ap
si-nu-ke	N1	1	KN Ap
qi-ti-ta	N1	1	KN Ap
si-ne-e-ja	N1	1	KN Ap
u-pa-ra	N1	1	KN Ap
ke-pu	N1	1	KN Ap
wa-ra-ti	N1	1	KN Ap
a-nu-wa-to	N1	1	KN Ap
ko-u-re-ja	N1,N6	1	KN Ak,KN Ap,KN Lc
a2-du-wo-na	N1	1	KN Ap
wi-ja-na-tu	N1	1	KN Ap
i-ta-ja	N1	1	KN Ap,KN Xe
ja-mi-nu	N1,N6	1	KN Ap
ki-zo	N5,N6	1	KN Ap
o-ri-mo	N1	1	KN Ap
pi-ja-mu-nu	N1	1	KN Ap
ni-ta	N1b	1	KN Ap
o-sa-po-to	N1	1	KN Ap
a-to	N6	1	KN As
su-ke-re	N1b	1	KN As
a-ta-qe	N1	1	KN As
ka-nu-se-u	N1b	1	KN As
ta-to-qe	N1	1	KN As
a-ka-sa-no	N1	1	KN As
qo-wa-ke-se-u	N1b	1	KN As
no-si-ro	N1,N6	1	KN As,KN Ln
ma-di	N1	1	KN As,KN Db
o-po-ro-u-si-jo	N5	1	KN As
pe-te-u	N1	1	KN As
e-ri-ta-qi-jo	N6	1	KN As
wi-na-to	N5	1	KN As
te-so	N5	1	KN As
qa-qa-ro	N5	1	KN As
pe-ro-qe	N1	1	KN As
pa-ta-u-na	N1,N1b,N6	1	KN As
ta-pa-da-no	N5	1	KN As
no-do-ro-we	N5	1	KN As
re-po-so	N1,N6	1	KN As,KN Xe
pi-ro-qa-wo	N1b	1	KN As
qe-te-se-u	N1	1	KN As
ra-wa-ke-ja	N1b	1	KN As
a-nu-wi-ko	N1	1	KN As
a-ra-da-jo	N1	1	KN As
pi-ja-si-ro	N1	1	KN As
qa-me-si-jo	N1	1	KN As
mi-ja-ra-ro	N1	1	KN As
pi-ri-no	N1	1	KN As
qa-to-no-ro	N1	1	KN As
pe-te-ki-ja	N1	1	KN As
ko-ni-da-jo	N1	1	KN As
i-te-u	N1	1	KN As
pu-to-ro	N1	1	KN As,KN Da,PY Vn
ka-ke	N1	1	KN As,KN Se,PY Jn,PY Na
a-ta-ze-u	N1b	1	KN As
a-ra-na-ro	N1	1	KN As
a-nu-to	N1	1	KN As
su-ki-ri-to	N1	1	KN As
ke-se-ra-wo	N1	1	KN As
ne-o-ta	N1	1	KN As
a-ti-jo	N1	1	KN As
sa-pi-ti-nu-wo	N1	1	KN As
a-qa-to	N1	1	KN As
du-ru-po	N1	1	KN As,KN Fh
qa-nu-wa-so	N1	1	KN As
wi-ro	N1	1	KN As
su-mi	N1	1	KN As
i-wa-ko	N1	1	KN As
a-pi-wa-to	N1	1	KN As
pi-ja-se-me	N1	1	KN As
su-ke-re-o	N1b	1	KN As
qa-si-re-wi-ja	N1	1	KN As,KN K,PY Fn
ku-to	N1	1	KN As
sa-u-ri-jo	N1	1	KN As
a-pi-ra-wo	N1	1	KN As
wa-ru-wo-qo	N1	1	KN As
re-qo-me-no	N6	1	KN As
si-re-u	N5	1	KN As
da-wa-no	N5	1	KN As,KN Ga,KN Mc
qi-qe-ro	N5	1	KN As
wi-du	N5	1	KN As
ku-ra-no	N5	1	KN As
ku-pa-nu-we-to	N5	1	KN As
ke-ka-to	N5	1	KN As,PY Pn
po-to-ri-jo	N5	1	KN As
pe-we-ri-jo	N5	1	KN As
a3-ni-jo	N5	1	KN As,TH Gp
za-mi-jo	N1	1	KN As
to-ko	N5,N6	1	KN As
wi-ja	N5	1	KN As
i-we-ro	N1,N6	1	KN As
ne-o-to	N1	1	KN As
qa-ti-ja	N1	1	KN As,KN Fh
pa-ja-ro	N1	1	KN As
ki-ke-ro	N1	1	KN As
wi-jo	N5	1	KN As,KN Ra,PY Mb
ki-ma-ta	N5	1	KN As
ke-sa-do-ro	N5	1	KN As,PY Vn
da-ko-so	N5	1	KN As
so-za	N5	1	KN As
pi-ma-na-ro	N5	1	KN As,KN V
a-ma-no	N5	1	KN As
e-ro-pa-ke-u	N1	1	KN As
a-re-te-re-u	N6	1	KN As
ko-ko	N1,N6	1	KN As
me-ri-to	N1,N6	1	KN As,PY Un
ra-ni	N1,N6	1	KN B,KN X
ko-wi-ro-wo-ko	N1,N6	1	KN B
a3-te-re	N1	1	KN B
a2-ta	N1,N6	1	KN B
tu-ra-te-we	N1,N6	1	KN B
ki-nu-wa	N1,N6	1	KN B
re-ta	N1,N6	1	KN B
si-re-we	N1	1	KN B
ko-ma-we-ta	N1	1	KN B
pe-qo-no	N1	1	KN B
ra-wo-qo-no	N1	1	KN B,KN Mc
ko-a-ta	N1	1	KN B
ku-ni-ta	N1	1	KN B
o-pi-te-u-ke-we	N1	1	KN B
i-se-we-ri-jo	N1	1	KN B,KN L,KN X
da-i-pi-ta	N6	1	KN B
wi-du-ro	N1	1	KN B
qo-ja-si	N1	1	KN B
di-de	N1b	1	KN B
qa-wo	N1	1	KN B
o-pe-ta	N1	1	KN B
a-ta-ma-ta	N1	1	KN B
e-ke-se	N1	1	KN B
a-tu-qo-ta	N1	1	KN B
i-ke-ta	N1	1	KN B
sa-za-ro	N1	1	KN B
ku-pe-re-te	N1	1	KN B
me-ne-u	N1	1	KN B
me-ta-ra-wo	N1	1	KN B
a-me-ja-si	N1	1	KN B
na-su-wo	N1	1	KN B
a-wo-ro	N1,N6	1	KN B
na-si-jo	N1	1	KN B
me-de-i-jo	N1	1	KN B
pa-no	N1	1	KN B,KN X,KN Xd
a-ki-wa-ta	N1	1	KN B
ki-ri-ja-si	N1	1	KN B
e-u-ka-ri	N6	1	KN B
ko-ku-ro	N1,N6	1	KN B
to-na-ta	N1	1	KN B
a-so-qi-jo	N1	1	KN B
wo-qo	N1	1	KN B
do-qe-u	N1	1	KN B
a-ki	N1b	1	KN B
e-i-ja-si	N1	1	KN B
po-ti-jo	N1	1	KN B
pi-ja-to	N1	1	KN B
to-pe-si	N1	1	KN B
me-de	N1	1	KN B
i-za-re	N1	1	KN B
a-ra-ka-jo	N1,N6	1	KN B
po-ki-te	N1	1	KN B
to-wa-no	N1	1	KN B
pu-na-si-jo	N1	1	KH Ar,KN B,KN Ga
e-wi-to-wo	N1	1	KN B
ma-ja-ro	N1	1	KN B
ra-sa-to	N1,N6	1	KN B
a-pi-ja-ko-ro-jo	N1,N6	1	KN B
mi-jo	N1,N6	1	KN B,PY Fn
ku-te-ro	N1b	1	KN B
tu-wi-jo	N1b,N6	1	KN B
ta-pa-e-o-te	N1,N1b	1	KN B
ka-ra-na-ko	N1b	1	KN B
ko-ma	N1	1	KN B
wo-ro-ka-ne	N1,N6	1	KN B
pi-sa-wa-ta	N1	1	KN B
wo-si-jo-ne	N1	1	KN B
pa-te	N1	1	KN B,KN Ra,PY An
e-ri-ko	N6	1	KN B,KN Xf
ka-ra-i-no	N1,N6	1	KN B
we-ro-pa-ta	N1,N6	1	KN B
to-ke	N6	1	KN B
ka-pa-jo	N1,N6	1	KN B
o-re-i	N1	1	KN B
ra-jo	N6	1	KN Am,KN B,KN Og,KN Xd,PY Eb
ku-su-to-ro-qa	N1	1	KN Bg,PY Ed,PY Er,TH Av
ki-jo	N1	1	KN Bg,KN Ga
e-wo-ta-de	N1	1	KN C
si-pe-we	N1	1	KN C
o-du-ru-wi-jo	N1b	1	KN C
e-ra-ne	N1	1	KN C
o-du-ru-we	N1b	1	KN C
u-wo-qe-we	N1	1	KN C
ku-ta-i-to	N1b	1	KN C
re-ri-jo	N1b	1	KN C
ma-mi-di-zo	N1b	1	KN C
pi-ri-to-jo	N1	1	KN C
su-ki-ri-ta-jo	N1b	1	KN C
pa-ta-ti-jo	N1b	1	KN C
qi-ko-we-e	N1b	1	KN C
ra-ri-di-jo	N1	1	KN C
o-mi-ri-so	N1b	1	KN C
da-we-ro	N1	1	KN C
te-re	N1	1	KN C,PY Mn,PY Xa
e-te-wa-tu-wo	N1	1	KN C
i-ro-to	N1	1	KN C
a-da-wa-si-jo	N1	1	KN C
ko-to	N1b	1	KN C,KN Vd,PY Ep
su-pu-wo	N1b	1	KN C
do-e-ro-jo	N1	1	KN C
e-te-wa-no	N1,N2	1	KN C
pa-ra-ti-jo	N1	1	KN C
a-ka-wi-ja-de	N1b	1	KN C
re-ko-no	N1b	1	KN C
te-ru-wo-te	N1	1	KN C
sa-pa-ka-te-ri-ja	N1	1	KN C
mo-ro-qa	N1	1	KN C,KN Xd,PY Aq,PY Jo
ke-to-ro	N1	1	KN C
we-wo-ni-jo	N1	1	KN C
me-tu-ro	N1	1	KN C
po-ro-i	N1	1	KN C
tu-ma-ko	N1	1	KN C
ra-su-to-qe	N1b	1	KN C
ko-we-qe	N1	1	KN C
we-ka-ta-e	N1b	1	KN C
ka-te-ri-ja	N1	1	KN C
ko-no-so-de	N1	1	KN C
no-re	N1	1	KN C
a-ki-ri-ja	N1	1	KN C
to-ro-wa-ko	N1	1	KN C
i-qo	N1	1	KN Ca,PY Fa
a-qi-ru	N1	1	KN Ce
ta-ra-me-to	N1b	1	KN Ce
ka-ti	N1	1	KN Ce,PY Tn
ta-ta-ta	N1	1	KN Ce
da-na	N1	1	KN Ce
te-wa-jo	N1	1	KN Ce,KN Dl,KN Uf,PY Fn
ke-ra-no-qe	N1	1	KN Ch
a3-wo-ro	N1b	1	KN Ch
wo-no-qo-so-qe	N1	1	KN Ch
to-ma-ko-qe	N1	1	KN Ch
a3-zo-ro-qe	N1b	1	KN Ch
wa-no-qe	N1	1	KN Ch
pa-ko-qe	N1	1	KN Ch
no-qe	N1	1	KN Ch
a-ko-ro-we-i	N1	1	KN Ch
ni-to	N1	1	KN Ch,KN D,KN Dq
ka-ta-ra-i	N1b	1	KN Co
di-ko-to	N1b,N3	1	KN D
e-ma-a2-o	N1	1	KN D
ma-ti-jo	N1,N3	1	KN D
qi-ni-te-we	N1	1	KN D
ko-we	N1,N3	1	KN D,KN Ws,KN X
u-ka	N1,N3	1	KN D,KN Lc
we-e	N1,N3	1	KN As,KN D
e-ki-no	N1b,N3	1	KN Da
a-ko-ro-qo-ro	N1b,N3	1	KN Da
e-ne-ke-se-u	N1b,N3	1	KN Da
o-ku-no	N3	1	KN Da
po-i-te-u	N3	1	KN Da
ri-sa-ta	N1b,N3	1	KN Da
ki-ta-ne-to	N3	1	KN Am,KN Da
a-qi-ro	N1b,N3	1	KN Da
po-ru-qo-to	N1b	1	KN Da
du-ri	N1b	1	KN Da
sa-ma-ri-jo	N3	1	KN Da,KN Np
e-ro-u-ta	N1b	1	KN Da
a-me-a	N1b,N3	1	KN Da,KN Od
a-ke-e-to	N1b,N3	1	KN Da
ku-mi-so	N1b,N3	1	KN Da,KN X
ku-ka-ro	N3	1	KN Da,KN Ra,KN V
ka-ma-to	N3	1	KN Da
to-tu-no	N3	1	KN Da
mo-ni-ko	N3	1	KN Da
ka-mo-ni-jo	N3	1	KN Da
ku-mo-no-so	N3	1	KN Da
po-i-ti-jo	N1b	1	KN Da
da-i-ze-to	N3	1	KN Da
su-ta-no	N3	1	KN Da
te-mi-ro	N1b,N3	1	KN Da
si-ki-to	N3	1	KN Da
ta-pe-ro	N3	1	KN Da
ka-ne-u-ta	N3	1	KN Da,KN X
o-ti-jo	N3	1	KN Da
a-ri-ko	N3	1	KN Da
te-ru-ro	N3	1	KN Da
mi-ni-to	N1	1	KN Da
e-u-mo	N3	1	KN Da
ku-ne-u	N3	1	KN Da
ri-ma-zo	N1b	1	KN Da
ki-ki-jo	N1b,N3	1	KN Da
wa-du-ka-sa-ro	N3	1	KN Da
ka-jo	N1b,N3	1	KN Da
ki-sa-nu-wo	N1b,N3	1	KN Da
su-se	N1b,N3	1	KN Da
wi-ra-ne	N1b,N3	1	KN Da
po-ka-ro	N1b,N3	1	KN Da
ku-i-so	N1b,N3	1	KN Da
pi-ki-nu-wo	N1b,N3	1	KN Da
ze-ro	N1,N3	1	KN As,KN Da
a-da-ra-ro	N3	1	KN Da
wi-ro-jo	N1b,N3	1	KN Da
me-to-re	N3	1	KN Da,KN Og,PY Na
te-u	N1b,N3	1	KN Da,KN X
ki-so	N3	1	KN Da
a3-to	N1b,N3	1	KN Da
si-jo	N3	1	KN Da,KN Gm,KN Sc,KN X
a3-ku-pi-ti-jo	N3	1	KN Db
no-ta-na	N1b,N3	1	KN Db
qi-ja-to	N3	1	KN Db
i-mi-ri-jo	N1b,N3	1	KN Db
pa-u-ro	N1b,N3	1	KN Db
ra-so	N3	1	KN Db,KN X,PY Ep
da-wi	N1b,N3	1	KN Db
sa-nu-we-ta	N3	1	KN Db
ra-wi-zo	N3	1	KN Db
a-no-ke-we	N3	1	KN Db
sa-e-ro	N3	1	KN Db
ko-ri-jo	N3	1	KN Db,KN Nc
tu-qa-ni-ja-so	N3	1	KN Db,KN Np
qa-da-so	N3	1	KN Db
na-ru	N3	1	KN Db
wi-jo-qo-ta	N3	1	KN Db
da-na-jo	N3	1	KN Db
ki-mu-ku	N1b,N3	1	KN Db
qa-sa-ro-we	N1	1	KN Db,KN Np
ra-ro	N3	1	KN Db
e-wa-ra-jo	N1,N3	1	KN Db
tu-ma-do-ro	N3	1	KN Db
pa-ra-to	N3	1	KN Db
na-wi-ro	N3	1	KN Db
ru-wo-i-ko	N3	1	KN Db
ta-jo-jo	N3	1	KN Db
pa-ja-so	N1b,N3	1	KN Dc
da-ra-mu-ro	N3	1	KN Dc
a-ku-di-ri-jo	N1b,N3	1	KN Dc,KN Xd
de-ni-mo	N1b	1	KN Dc
ku-ka-no	N1b	1	KN Dc
e-ra-to	N3	1	KN Dc
se-me-tu-ro	N3	1	KN Dc
da-wa	N3	1	KN Dc
pu-da-so	N3	1	KN Dc,KN V
se-to-i-jo	N1	1	KN Dc
ri-jo-te	N1b,N3	1	KN Dc
su-po	N1	1	KN Dc
e-ke-me-de	N1b,N3	1	KN Dd,KN U,PY Jo
re-me-to	N1b,N3	1	KN Dd,KN Pp
qa-ra-su-ti-jo	N3	1	KN Dd,KN Nc,KN Xd
a-wo-ti-jo	N1b	1	KN Dd
du-ro	N1b,N3	1	KN Dd
o-ne-u	N1b,N3	1	KN Dd
o-wi-ro	N3	1	KN Dd
wi-su-ro	N1b,N3	1	KN Dd
qi-zo	N1b,N3	1	KN Dd
ma-ra-pi-jo	N1b,N3	1	KN Dd
ra-u-ra-ta	N1b,N3	1	KN Dd
ku-ke-so	N1b,N3	1	KN Dd
ra-to-jo	N1,N3	1	KN Dd
ma-ta-u-ro	N1b,N3	1	KN Dd
wi-da-ka-so	N1b,N3	1	KN Dd
da-na-ro	N1b,N3	1	KN Dd
te-to	N1b	1	KN De
we-ra-to	N1b	1	KN De
da-i-ta-ra-ro	N3	1	KN De
ku-ja-ro	N1b,N3	1	KN De,KN X
me-ri-wa-ta	N1b,N3	1	KN De
qi-si-ta	N1b,N3	1	KN De
ka-wa-ro	N1,N3	1	KN De
qe-da-do-ro	N1b,N3	1	KN De,KN Uf,TH Gp
ja-ti-ri	N1b	1	KN De
ta-po-si-jo	N1,N3	1	KN De
e-me-si-jo	N1,N3	1	KN De
mo-qo-so	N1b	1	KN De
se-do	N3	1	KN De
ja-ra-to	N1,N3	1	KN De
o-ra	N1b	1	KN De
ta-na-to	N1b,N3	1	KN De
ka-da-i-so	N1b,N3	1	KN De
ku-do	N1b,N3	1	KN Df,KN Fh,KN X
a-ra-si-jo	N3	1	KN Df,KN Fh,KN X
pu-nu-so	N1b,N3	1	KN Df
sa-sa-jo	N1b,N3	1	KN Df
qe-ri	N1b,N3	1	KN Df
te-mi	N1b,N3	1	KN Df
ku-jo	N1b,N3	1	KN Df
qa-i-po	N1b,N3	1	KN Dg
a-du-ru-po-to	N1b,N3	1	KN Dg
a-ni-ja-to	N1b	1	KN Dg
ti-ja	N1b,N3	1	KN Dg
si-ni-to	N1b,N3	1	KN Dg
ru-ma-no	N1,N3	1	KN Dg
ko-ku	N3	1	KN Dh
e-to	N3	1	KN Dh,KN Xe,PY Va
su-ma-no	N3	1	KN Dh
sa-jo	N1	1	KN Dk
qi-ta-ro	N1b,N3	1	KN Dk
ku-mo-no	N1b,N3	1	KN Dk
ko-me-we-te	N3	1	KN Dk
ka-te-u	N3	1	KN Dk
di-ro-qo	N3	1	KN Dk
i-ke-se-ro	N3	1	KN Dk
se-u	N3	1	KN Dk
mi-ni-jo	N3	1	KN Dk
ru-wo	N3	1	KN Dk,KN X
e-u-da-i-ta	N1	1	KN Dl
su-ki-ri-ta-pi	N1	1	KN Dl
mi-ti	N1b,N3	1	KN Dl
di-ta-ka-so	N1b,N3	1	KN Dl,KN Ga
e-pe-ke	N1	1	KN Dl
ma-so-mo	N1	1	KN Dl
nu-ka	N1b	1	KN Dl,KN L,KN Ld
da-ta-ra-mo	N1	1	KN Dl
po-ti-ni-ja-we	N1,N3	1	KN Dl
a-ko-i-da	N1	1	KN Dl
ta-mi-de-so	N1b	1	KN Dl
ke-u-sa	N1b	1	KN Dl
si-da-jo	N1b	1	KN Dl,KN Nc,KN Od
pa-za-ti	N1b	1	KN Dl
i-pe-ta	N1b	1	KN Dl
pa-ti-ti-ja	N3	1	KN Dl
ti-za	N3	1	KN Dl
ja-du-we	N3	1	KN Dl
pa-re	N3	1	KN Dl,KN Sc
ni-ja	N1,N3	1	KN Dl,KN Fh,KN Np,KN X
a3-mi	N3	1	KN Dm
ta-to	N1b	1	KN Dm,KN Mc
o-we-to	N1b	1	KN Dm
mi-ni-si-ja	N1,N3	1	KN Dn
wi-da-ma-ro	N1,N3	1	KN Do
to-wi-no	N1,N3	1	KN Do
tu-da-ra	N1,N3	1	KN Do
da-i-mi-so	N1,N3	1	KN Do
ko-te-u	N1b	1	KN Do
i-ja	N1,N3	1	KN Do,KN Xd
a-di-ri-jo	N3	1	KN Do
ta-re-wo	N1,N3	1	KN Dp
ku-su-pa-ta	N1,N3	1	KN Dp
po-ti-ni-ja-we-ja	N3	1	KN Dp,KN G
ko-no-si	N3	1	KN Dp
ma-sa	N1	1	KN Dq,KN Ga,KN X
to-i-ja	N1b,N3	1	KN Dq,KN E
o-re-te-wo	N1	1	KN Dq
te-ki-ri-ne-to	N1b	1	KN Dq
wi-jo-qo-ta-o	N1,N3	1	KN Dq,KN Ld
ko-ta-o	N1b,N3	1	KN Dq
wi-jo-qo	N3	1	KN Dq
pe-ri-qo	N3	1	KN Dq
ki-mu-ko	N1b,N3	1	KN Dv
e-qa-ro	N3	1	KN Dv
u-ta	N3	1	KN As,KN Dv,KN X
a3-ke-ra	N3	1	KN Dv
mo-re	N3	1	KN Dv
a-ze-o	N3	1	KN Dv
do-ti	N1b	1	KN Dv,KN Xe
ki-ri-ne-to	N1b,N3	1	KN Dv
ra-o-no	N3	1	KN Dv
wi-je-mo	N3	1	KN Dv
a-ti-ro	N1b	1	KN Dv
mi-ta-qo	N3	1	KN Dv
te-ru-sa	N3	1	KN Dv,TH Of
ko-ru-to	N3	1	KN Dv,PY Sh
su-ru-so	N3	1	KN Dv
mu-da	N3	1	KN Dv
e-u-me-ta	N3	1	KN Dv
ri-ja-ta	N3	1	KN Dv
ri-di-ne-to	N3	1	KN Dv
pe-ri	N3	1	KN Dv
do-ro	N1b	1	KN Dv,KN X,PY Wa
me-ki-ti	N3	1	KN Dv
ki-sa	N3	1	KN Dv
ra-ne-to	N3	1	KN Dv
a-ze-ta	N3	1	KN Dv
a-na-ki-ri	N1,N3	1	KN Dv
i-ke-se-ra	N1b,N3	1	KN Dv
qi-ja-zo	N3	1	KN Dv,KN Xe
di-ki-nu-wo	N3	1	KN Dv
di-de-ro	N3	1	KN Dv
di-za-so	N3	1	KN Dv,KN Pp
di-za	N3	1	KN Dv
we-wa-do-ro	N3	1	KN Dv,KN Sc
de-we-ra	N3	1	KN Dv
a-ka-to	N1b,N3	1	KN Dv,KN Sc,KN Xd,KN Xe,TH Ug
ri-ro	N3	1	KN Dv
wo-jo	N1b,N3	1	KN Dv,PY Eb
si-pa-ta-do	N3	1	KN Dv
si-ri-pi-jo	N3	1	KN Dv
di-ki	N3	1	KN Dv,KN Xd
na-ro	N3	1	KN Dv
no-sa-ro	N3	1	KN Dv
ma-we-to	N1,N3	1	KN Dv
ta-ja-no	N3	1	KN Dv
te-jo	N3	1	KN Dv,KN L,KN X
ta-we-si-jo	N3	1	KN Dv
da-ma	N3	1	KN Dv,KN X
su-ti-jo	N3	1	KN Dv
ko-so	N3	1	KN As,KN Dv,KN Wb,KN X
qa-mi-ki	N3	1	KN Dv
na-no-to	N3	1	KN Dv
qe-u	N3	1	KN Dv
ni-mo	N3	1	KN Dv
no-to	N3	1	KN Dv
pu-ko	N3	1	KN Dv
pa-na	N3	1	KN Dv
ra-pa	N3	1	KN Dv
tu-ni	N3	1	KN Dv,KN Le
ka-pa	N7	1	KN E,PY Un,TH Ft
ra-wa-si-jo	N7	1	KN E
tu-ri-si-jo	N7	1	KN E,KN Og
ra-ti-jo	N7	1	KN E,KN X
i-jo	N7	1	KN E,KN V,KN Xd,PY Mb
ti-ri-ti-jo	N7	1	KN E
pu-si-jo	N7	1	KN Bg,KN E,KN Og
qa-mi-jo	N7	1	KN E,KN Og
ki-ri-te-wi-ja-i	N5	1	KN E
me-a-de	N5	1	KN E
ki-da-ro	N7	1	KN E
ta-ra-qo	N7	1	KN E
ta-u-pa-du-we	N7	1	KN E
ra-wa-e-si-jo	N7	1	KN E
a-no-qo-ta-o	N5	1	KN E
da-na-mo	N5	1	KN E
ri-mi-jo	N7	1	KN E,KN Og
me-si-jo-jo	N7	1	KN E
e-pi-ke-to	N7	1	KN E
e-pi-ke-re	N7	1	KN F
ma-so-qe	N7	1	KN F
qe-te-o	N1b	1	KN Fh,KN L,TH Wu
ki-to	N1	1	KN Dk,KN Fs,KN L,KN Lc,PY Fn
e-pi-ki-to-ni-ja	N1	1	KN L
re-wa-jo	N2	1	KN L
ka-wi-ja	N5	1	KN Uf
pa-to-ro	N5	1	KN Uf
ta-na-ti	N5	1	KN Uf
di-ra	N5	1	KN Uf
ki-te	N5	1	KN Uf
pi-di-jo	N5	1	KN Uf
ta-ko-ro	N5	1	KN Uf
a-ke-re-mo	N5	1	KN Uf
ke-nu-wa-so	N5	1	KN Uf
e-ke-pu-te-ri-ja	N5	1	KN Uf
pe-ri-je-ja	N4	1	KN Uf
pu-te-ri-ja	N5	1	KN Uf
te-ro-ri-jo	N5	1	KN Uf
me-ta-no-re	N5	1	KN Uf
mi-ni-so	N5	1	KN Nc,KN Uf
te-nu	N5	1	KN Uf
ku-no	N5	1	KN Uf,TH Gp
ru-po	N5	1	KN Uf
a-ta-na-po-ti-ni-ja	N5,N6	1	KN V
e-nu-wa-ri-jo	N5	1	KN V
pa-ja-wo-ne	N5	1	KN V
e-ri-nu-we	N5	1	KN V
me-nu-wa	N5	1	KN Sc,KN V,KN Xd
wi-da-jo	N5	1	KN V
di-we-so	N5	1	KN V
o-ku-na-wo	N5	1	KN V
i-to-ma	N5	1	KN V
pe-ri-ta	N5	1	KN K,KN V
te-wa	N5,N6	1	KN V
ne-jo	N5,N6	1	KN V
a2-ke-te-re	N5	1	KN V
u-wo-qe-ne	N6	1	KN V
u-du-ru-wo	N5	1	KN V
ku-pa-sa	N5	1	KN V
we-re-we	N5	1	KN V
to-ni	N5	1	KN V
we-we-ro	N5,N6	1	KN V
e-u-ru-qo-ta	N5	1	KN V
da-te-wa	N5	1	KN V
te-ra-pe-te	N5	1	KN V
to-ko-so-ta	N6	1	KN V
a-te-u-ke	N5	1	KN V
wa-si-ro	N5	1	KN V
wo-de-wi-jo	N6	1	KN Fp,KN V
i-ku-wo-i-pi	N5	1	KN V
a-pi-re-we	N5,N6	1	KN V
wi-to	N5	1	KN V
e-ra-jo	N6	1	KN Fh,KN V
qa-ra-i-so	N5,N6	1	KN V
si-ra-no	N5	1	KN V
i-ra-ko-to	N5	1	KN V
su-ko	N5	1	KN V,KN X,PY Eb,PY Ep
o-ro-qa	N5	1	KN V
da-i-ra	N5	1	KN Od,KN V
o-du	N5	1	KN As,KN V
me-to	N5	1	KN V
na-ko-to	N5,N6	1	KN V
pa-ki	N6	1	KN V
na-po	N5	1	KN V
ja-ma-ra	N5	1	KN V
po-mi-ni-jo	N5	1	KN V
no-mo	N5,N6	1	KN V
ki-ti-jo	N5	1	KN V
ja-pa-ra-ro	N5	1	KN V
ra-ku	N5	1	KN V
ra-te-me	N5	1	KN V
sa-ma-ru	N6	1	KN V
pe-to-me	N5	1	KN V
e-re-pa-to	N6	1	KN V,PY Sa
ka-ra-ma-to	N5	1	KN V
ke-ma-ta	N5	1	KN V
wa-wi	N5,N6	1	KN V
e-ke-a	N5,N6	1	KN V
e-mi-ja-ta	N5	1	KN V
ka-mu-ko-to	N5	1	KN V
ke-ra-ja	N5	1	KN V
we-ka-di-jo	N5	1	KN U,KN V
ma-ke-ra	N5	1	KN V
de-ro	N5	1	KN V
a-ti-ka	N5	1	KN V
qa-da-ro	N5	1	KN V
ka-sa-no	N5	1	KN V
to-ro-ki-no	N5	1	KN V
wi-ri-ki-no	N5	1	KN V
ka-pu-ro	N5,N6	1	KN V
ka-na-po-to	N5	1	KN V
ru-ro	N5	1	KN V,PY Aq,PY Jo
ta-u-ro	N5	1	KN V
ja-sa-ro	N5	1	KN V
a-ke-re-mo-no	N5,N6	1	KN V
ma-na-je-u	N5,N6	1	KN V
te-te-u	N5	1	KN V
wi-pi-no-o	N5	1	KN V
pu-ra	N5	1	KN B,KN V
wo-ka-re	N5,N6	1	KN V
pi-ra-ki-jo	N5	1	KN V
pe-ri-jo-ta-qe	N5	1	KN V
ku-da-jo-qe	N5	1	KN V
e-wa-ko-ro	N5	1	KN V
da-i-wo-wo	N5	1	KN V
to-no-qe	N5	1	KN V
ta-ra-nu	N6	1	KN V,PY Ta
a-tu-qo-te-ra-to	N5	1	KN V
pi-ro-i-ta	N5	1	KN V
di-wa-jo	N5	1	KN V
ma-no-ne	N5,N6	1	KN V
po-da	N5	1	KN V
si-ja-ma	N5,N6	1	KN V
a-ra-ko-qe	N5	1	KN V
no-du	N5	1	KN V
do-wa	N5,N6	1	KN V
ka-na-po	N5,N6	1	KN V
qa-na	N6	1	KN V
we-to-ro	N5,N6	1	KN V
ja-ro	N5,N6	1	KN V,PY Xn
ro-we	N5	1	KN V
o-da-ra-o	N5	1	KN V
ke-ti-ra-wo	N5,N6	1	KN V
u-su	N5,N6	1	KN V
ta-qa-ra-ti	N5	1	KN V
qe-re-ma-o	N5	1	KN V,PY Qa
me-ja	N5,N6	1	KN V
di-pi-ja	N6	1	KN V
a-qi-ta	N6	1	KN V
ki-ma-to	N5	1	KN V
a-pa-ta-wa-ja	N6	1	KN V
ra-tu	N6	1	KN V
te-we	N5,N6	1	KN L,KN Nc,KN V,KN X
ka-di-ti-ja	N6	1	KN V
ko-ro-sa-no	N5,N6	1	KN Vc
po-ro-tu-qo-no	N6	1	KN Vc
i-mo-ro-ne-u	N5,N6	1	KN Vc
ka-ra-na-ta	N5,N6	1	KN Vc,KN Xd
pe-ka-wo	N6	1	KN Vc
mi-ka-to	N6	1	KN Vc
po-ru-ka-to	N6	1	KN Vc
a-ka-to-wa	N6	1	KN Vc
ka-no	N6	1	KN Vc,TH Ft
e-wi-ta-jo	N6	1	KN Vc
a-ki-re-u	N6	1	KN Vc
za-ki-ri-jo	N6	1	KN Vc
da-o-ta	N5,N6	1	KN Vc
o-ko-te	N6	1	KN Vc,KN Vd,KN Xd
e-u-o-mo	N6	1	KN Vc
e-pi-da-o	N5,N6	1	KN Vc
wo-ra-ke-re	N6	1	KN Vc
ri-to-wo	N5,N6	1	KN Vc
pe-ri-to	N6	1	KN Vc
a-pi-da-ta	N5,N6	1	KN Vc
po-ru-te-we	N5,N6	1	KN Vc
sa-u-ko	N6	1	KN Vc
pi-ra-qo	N6	1	KN Vc
pe-re-wa-ta	N6	1	KN Vc
a-ro-wo-ta	N5,N6	1	KN Vc
a-ne-te-wa	N5,N6	1	KN Vc
te-re-ja-wo	N5,N6	1	KN Vc
pe-ri-to-wo	N6	1	KN V,KN Vc,KN X
a-pi-re-jo	N5,N6	1	KN Vc
ta-ra-sa-ta	N5,N6	1	KN Vc
a-ke-ra-no	N5,N6	1	KN Vc
pa-pa-ro	N6	1	KN Vc,KN Xd,PY Cn
a-re-jo	N5,N6	1	KN Vc
pa-sa-ko-me-no	N6	1	KN Vc
e-re-pa-i-ro	N6	1	KN Vc
a-ne-u-da	N5,N6	1	KN Vc
di-wo-a-ne	N6	1	KN Vc
re-ka-se-ra-wo	N6	1	KN Vc
du-pi-jo	N6	1	KN Vc
wo-ro-to-qo	N5,N6	1	KN Vc
me-ta-ri-ko-wo	N6	1	KN Vc
di-wi-ja-wo	N5,N6	1	KN Vc,TH Ug
e-we-de-u	N5,N6	1	KN Ga,KN Vc
ti-ma	N5	1	KN Vc
ku-ru-ka	N5,N6	1	KN Vc
ka-na-a-po	N5,N6	1	KN Vc
ne-to	N5,N6	1	KN Vc
a3-wa-ta	N6	1	KN Vc
a-re-i	N6	1	KN Vc
pa-ra-ne	N5,N6	1	KN Vc
te-ta	N6	1	KN Vc
we-wa-ta	N6	1	KN Vc
i-ta	N6	1	KN Vc
ka-di-ja	N6	1	KN Vc
a-da-ra-ko	N2	1	KN X
i-jo-qe	N1	1	MY Au
ka-ri-se-u-qe	N1	1	MY Au
e-ke-ne	N1b	1	MY Au
e-u-po-ro-qe	N1	1	MY Au
wa-a2-ta	N1b	1	MY Au
de-u-ki-jo-qe	N1	1	MY Au
o-ri-ko	N1	1	MY Au
ka-ro-qo	N1	1	KN Sc,KN Xd,MY Au,PY Vn
qa-ra-si-jo	N1	1	MY Au
de-mi-ni-ja	N5	1	MY V,PY Un,PY Vn
ma-no	N5	1	MY Fo,MY V
qo-ta-qe	N5	1	MY V
e-ri-tu-pi-na	N5	1	MY V
tu-ka-te-qe	N5	1	MY V
ki-ra-qe	N5	1	MY V
ke-ti-de-qe	N5	1	MY V
ma-ta-qe	N5	1	MY V
te-o-do-ra-qe	N5	1	MY V
e-wi-ri-pi-ja	N1	1	PY Aa
me-re-ti-ri-ja	N1	1	PY Aa
ki-ma-ra	N1	1	PY Aa
po-to-ro-wa-pi	N1	1	PY Aa,PY La,PY Na
ke-e	N1	1	PY Aa
e-pi-ko-o	N1	1	PY Aa
e-pi-jo-ta-na	N1	1	PY Aa
no-ri-wo-ko	N1	1	PY Aa
a-ra-ka-te-ja	N1	1	PY Aa,TH Of
o-ti-ri-ja	N1	1	PY Aa
pa-ke-te-ja	N1	1	PY Aa
e-u-de-we-ro	N1	1	PY Aa,PY Ad
ki-ni-di-ja	N1	1	PY Aa
mi-ra-ti-ja	N1	1	PY Aa
ra-wi-ja-ja	N1	1	PY Aa
pi-we-re	N1	1	PY Aa
ra-mi-ni-ja	N1	1	PY Ab
mi-ra-ti-ra	N1	1	PY Ab
pe-ti-ni-jo	N1	1	PY Ac
te-mi-ti-jo	N1	1	PY Ac
ri-ne-ja-o	N1b	1	PY Ad
ta-ra-ma-o	N1b	1	PY Ae
qe-to-ro-po-pi	N1	1	PY Ae
ku-ru-so-jo	N1	1	PY Ae
ko-to-ne-we	N1	1	PY Ae
ro-o-wa	N1	1	PY An,PY Mn,PY Nn
po-ra-pi	N1	1	PY An,PY Mn,PY Nn
te-ko-to-na-pe	N1,N5	1	PY An
a-se-e	N1	1	PY An
te-re-ne-we	N1	1	PY An
pa-ka-ja-si	N1b	1	PY An
de-me-o-te	N1b	1	PY An
me-te-to-de	N1	1	PY An
sa-ma-ra-de	N1	1	PY An
pa-ra-we-wo	N1	1	PY An,PY Vn
o-pi-te-u-ke-e-we	N1	1	PY An,PY Fn
e-to-wo-ko	N1	1	KN Fh,PY An,PY Fn
te-u-ke-e-we	N1	1	PY An
pi-ri-ja-me-ja	N1	1	PY An
e-ni-ja-u-si-jo	N1	1	PY An
a-ta	N1	1	PY An
pi-ri-je-te-re	N1	1	PY An
a-de-te-re	N1	1	PY An
ke-ra-me-we	N1	1	PY An
re-ka-ta-ne	N1b	1	PY An
wa-a2-te-we	N1b	1	PY An
a-nu-wa	N1b	1	PY An
ku-ru-so-wo-ko	N1	1	PY An
to-ko-so-wo-ko	N1	1	PY An
ka-ro-ke-e	N1b	1	PY An
ra-ni-jo-ne	N1	1	PY An
i-je-u	N1b	1	PY An
a-e-ri-qo-ta	N1b	1	PY An
de-wi-jo	N5	1	PY An,PY Aq
e-ko-me-na-ta-o	N5	1	PY An,PY Aq
ke-ki-jo	N5	1	PY An,PY Aq
me-nu-a2	N5	1	PY An,PY Aq,PY Qa
a-pu-ka	N5	1	PY An,PY Aq
ke-tu-wo-e	N5	1	PY An
ke-ro-si-ja	N1,N1b	1	PY An
a-pi-jo-to	N1b	1	PY An
a-ra-i-jo	N1	1	PY An
ke-ro-si	N1	1	PY An
a-pi-qo-ta-o	N1b	1	PY An
a-pi-o-to	N1b	1	PY An
si-to-ko-wo	N1	1	PY An
ko-ro-ki-ja	N1	1	PY An
pa-ko	N1b	1	PY An,PY Fr
pi-pu-te	N1b	1	PY An
ma-te-de	N1b	1	PY An
ku-te-re-u-pi	N1	1	PY An,PY Na
e-e-to	N1b	1	PY An
te-re-te-we	N1	1	PY An
di-wi-ja	N1b	1	KN Xd,PY An,TH Gp
pa-te-de	N1b	1	PY An
ki-ti-ta	N1	1	PY An
e-wi-ri-po	N1	1	PY An
po-si-ke-te-re	N1b	1	PY An
wo-qe-we	N1b	1	PY An
wi-nu-ri-jo	N1b	1	PY An
ma-ra-ne-nu-we	N1	1	PY An
po-ti-ja-ke-e	N1	1	PY An
za-e-to-ro	N1	1	PY An
ko-ni-jo	N1	1	PY An
me-ta-ki-ti-ta	N1	1	PY An
we-re-ka-ra	N1	1	PY An
a2-ri-e	N1	1	PY An
ko-re-te-ri-jo	N5	1	PY An
e-sa-re-wi-ja	N5	1	PY An,PY Ma,PY Vn
a2-ki-ja	N1b	1	PY An
i-je	N1b	1	PY Aq
a-da-ra-ti-jo	N1	1	PY Aq
ka-ra-su-no	N1,N2	1	PY Cc
po-ti-ni-ja	N1	1	KN Gg,KN M,KN X,PY Cc,PY Fr,PY Tn,PY Un,TH Of
pe-re	N1	1	KN Od,PY Cc,PY Tn,PY Ub,PY Un,TH Oh
ma-se-de	N1	1	PY Cc,PY Mn
pi-ru-te	N1b	1	PY Cn
e-na-po-ro	N1b	1	PY Cn,PY Na,PY Nn,PY Vn
i-wa-si-jo-ta	N1	1	PY Cn
o-ru-ma-to	N1b	1	PY Cn
u-ru-pi-ja-jo	N1	1	PY Cn,PY Na
a2-ka-a2-ki-ri-ja-jo	N1b	1	PY Cn
u-ru-pi-ja-jo-jo	N1	1	PY Cn
mu-ta-pi	N1b	1	PY Cn
qe-re-me-ti-re	N1	1	PY Cn
ta-ro	N1b	1	PY Cn
a-ka-re-u-te	N1,N1b	1	PY Cn
e-ri-no-wo-te	N1b	1	PY Cn,PY Mn
ti-ri-jo	N1	1	PY Cn
tu-ri-je-u	N1	1	PY Cn
e-ri-to-ti-no	N1b	1	PY Cn
ne-me-ta-wo	N1	1	PY Cn
wo-tu-wa-ne	N1b,N5	1	PY Cn
e-ke-si-jo	N1	1	PY Cn
ke-ro-we	N1	1	PY Cn
o-qe	N1b	1	PY Cn
e-ra-se	N1	1	PY Cn
ne-ti-ja-no-re	N1b,N2	1	PY Cn
po-so-pe-re-i	N1b,N2	1	PY Cn
wo-ne-we	N1	1	KN Ga,PY Cn
po-ru-qo-ta	N1b	1	PY Cn
ma-te-we	N1b,N2	1	PY Cn
ro-ko	N1b,N2	1	PY Cn
ka-da-ro	N1b,N2	1	PY Cn
tu-ri-ta	N1,N2	1	PY Cn
a-ko-so-ta	N1	1	PY Cn,PY Eq,PY Pn,PY Un,PY Va
e-wi-te-we	N1b,N2	1	PY Cn
ko-so-ne	N1b,N2	1	PY Cn
e-ko-to-ri-jo	N1,N2	1	PY Cn
de-mo-qe	N1b,N2	1	PY Cn
pe-qe-we	N1b,N2	1	PY Cn,PY Fn
do-ro-jo-jo	N1,N2	1	PY Cn
ka-ra-wa-ni-ta	N1b	1	PY Cn
e-ne-ti-jo	N1b	1	PY Cn
po-ma-ko	N1	1	PY Cn
po-te-u	N1	1	PY Cn
pi-me-ta	N1,N2	1	PY Cn
ku-pi-ri-jo	N1,N2	1	KN Fh,KN Fp,KN Ga,KN Gg,KN K,KN X,PY Cn,PY Un
ne-ri-to	N1,N2	1	PY Cn
po-ro-u-te-we	N1,N2	1	PY Cn
a-no-po	N1,N2	1	PY Cn,PY Va
ke-ro-wo	N1,N2	1	PY Ae,PY Cn
ra-pa-sa-ko	N1,N2	1	PY Cn
po-ke-we	N1,N2	1	PY Cn
a-ri-wo-ne	N1,N2	1	PY Cn
a-we-ke-se-we	N1,N2	1	PY Cn
a-ta-ma-ne-we	N1,N2	1	PY Cn
ko-ro	N1,N2	1	KN De,KN Od,KN X,PY Cn,PY Eq,TH Ft
do-qo-no	N1,N2	1	PY Cn
wo-ki-to	N1,N2	1	PY Cn
me-te-we	N1,N2	1	PY Cn
ke-sa-me-no	N1,N2	1	PY Cn,PY Fn
pu-wi-no	N1	1	PY Cn
pa-ra-ku	N1	1	KN Xf,PY Cn
o-ki-ri-so	N1	1	PY Cn
ka-sa	N1	1	PY Cn,TH Gp
ti-tu	N1,N2	1	PY Cn
e-te-wa	N2,N5	1	PY Cn
a-no	N2	1	PY Cn,PY Xa
ko-ru-ta-ta	N1b,N2	1	PY Cn
i-sa-na-o-ti	N1,N2	1	PY Cn
ra-ke-u	N2	1	PY Cn
re-ta-mo	N1	1	PY Cn
wa-da-ko	N1	1	PY Cn
si-no-u-ro	N1	1	PY Cn
pa-wa-wo	N1b	1	KN Sc,PY Cn,PY Vn
o-ki-ra	N1	1	PY Cn
o-ti-na-wo	N1	1	PY Cn
ke-se-nu-wo	N5	1	PY Cn
a-ka-na-jo	N1b	1	PY Cn
ko-wa-to	N1	1	PY Cn
ma-ra-te-u	N1	1	PY An,PY Aq,PY Cn
da-to-re-u	N1	1	PY Cn
wo-ki-ro	N1	1	PY Cn
ke-zo	N1	1	PY Cn
po-ri-ko	N1	1	PY Cn
wi-sa	N1	1	PY Cn
pu-za-ko	N1	1	PY Cn
ke-to	N1	1	KN Da,PY Cn
a-mi-nu-wa-ta	N1	1	PY Cn
o-ko	N1	1	PY Cn,PY Eb,PY Ep
e-qa	N5	1	PY Cn
e-wi-te-u	N1	1	PY Cn
a-ke-re-u	N5	1	PY Cn
a-re	N5	1	KN Fp,KN Mc,KN X,KN Xd,PY Cn
e-u	N1	1	KN Xd,PY Cn
re-ro	N1	1	PY Cn
pe-se-to	N1	1	PY Cn
o-pe-qa	N5	1	PY Cn
ne-de-we-e	N1	1	PY Cn
u-de-wi-ne	N1	1	PY Cn
ma-to-ro-pu-ro	N1	1	PY Cn
i-pi	N5	1	PY Cn
wa-no-jo	N2	1	PY Cn
ka-so	N1b,N2	1	KN V,PY Cn
ru-we-ta	N1b,N2	1	PY Cn
ti-ri-po-di-ko	N1,N2	1	MY Ue,PY Cn
de-ko-to	N1	1	KN Le,PY Cn
ke-ro-u-te-u	N1	1	PY Cn
o-re-e-wo	N1b	1	PY Cn
mi-ka-ri-jo	N1	1	PY Cn
re-qa-se-wo	N1b	1	PY Cn
ti-mi-to	N1b	1	PY Cn,PY Ma
a-ke-e	N1,N1b	1	PY Cn,PY Ma
ka-wi-ta	N1	1	PY Cn
o-pe-se-to	N1b	1	PY Cn
a-no-ze-we	N1	1	PY Cn
pa-ki-ja-si	N1	1	PY Cn,PY Tn,PY Un,PY Vn
e-ra-te-i	N1	1	PY Cn
wo-ne-me	N5	1	PY Cn
a-ko-te-u	N1	1	PY Cn
ku-ka-ra-so	N1b	1	PY Cn
pu-ma-ra-ko	N1b	1	PY Cn
qe-re-wa-o	N1b	1	PY Cn
to-ro-wi-ko	N1b	1	PY Cn
ke-ro-wo-jo	N1	1	PY Cn
ra-pa-sa-ka-jo	N1	1	PY Cn
o-ka-ri-jo	N1b	1	PY Cn
a-ta-ma-ne-u	N1b	1	PY Cn
po-ro-qa-ta-jo	N1b	1	PY Cn
to-ru-ko-ro	N1b	1	PY Cn
ma-du-ro	N1b	1	PY Cn
ta-ta-ke-u	N1	1	PY Cn
tu-ro	N1b	1	PY Cn
ka-do-wo	N1b	1	PY Aq,PY Cn
to-si-ta	N1b	1	PY Cn
me-ta-no	N1b	1	PY Cn
ka-ra-so	N1b	1	PY Cn
a-so-ta-o	N1	1	PY Cn
re-u-pi	N1	1	PY Cn
a-ko	N1b	1	PY Cn
e-te-we	N1,N2	1	PY Cn
e-do-mo-ne-we	N1,N2	1	PY Cn
wo-to	N1	1	PY Cn
wa-e-ro	N1	1	PY Cn
e-sa-re-we	N1	1	KN As,PY Cn
o-pi-ra-i-ja	N1	1	PY Cn
te-re-do	N1b	1	PY Cn
ka-na-pe-u	N1	1	PY Cn,PY En,PY Eo
na-ma-ru-ko	N1	1	PY Cn
ke-ra-me-u	N1	1	PY Cn
da-u-da-ro	N1b	1	PY Cn
pe-re-ke-u	N1	1	PY Cn
di-u-ja	N1b	1	PY Cn,PY Tn
ke-re-ta-o	N1b	1	PY Cn
a-sa-ma-o	N1	1	PY Cn
mo-ri-wo	N1	1	PY Cn
ma-ni-ko	N1	1	PY Cn
wi-ri-ja-no	N4	1	PY Ea
ka-ra-do-wa-ta	N4	1	PY Ea
i-qo-jo	N7	1	PY Ea
e-ka-ra	N7	1	PY Ea,PY Ta
ra-i-ka	N4	1	PY Ea
o-ke-u	N4	1	PY Ea
u-me-ta-qe	N4	1	PY Ea
e-ri-qi-jo	N4	1	PY Ea
ra-pa-do	N4	1	PY Ea
i-je-re-wo	N7	1	PY Ea
sa-ke-re-u	N4	1	PY Ea
o-ko-me-ne-u	N4	1	PY Ea
mo-ro-qo-ro-jo	N2	1	PY Ea
po-me-no	N7	1	KN Xe,PY Ea
ra-wo-do-ko	N4	1	PY Ea
da-mi-jo	N7	1	PY Ea
a-no-qa-si-ja	N7	1	PY Ea
a-re-po-zo-o	N4	1	PY Ea,PY Fg
di-ra-po-ro	N4	1	PY Ea
o-to	N7	1	PY Ea
i-ma-di-ja	N4	1	PY Ea
su-qo-ta	N2,N7	1	PY Ea
ra-wa-ke-si-jo-jo	N7	1	PY Ea
ko-to-na-no-no	N7	1	PY Ea
e-ke-e	N7	1	PY Eb,PY Ep,PY Ta
ja-pi	N4	1	KN Sd,PY Eb
ke-qe	N4	1	PY Eb,PY Ep
pe-o	N7	1	PY Eb,PY Xn
pi-ke-re-u	N4	1	PY Eb
i-do-me-ne-ja	N4	1	PY Eb,PY Ep
sa-sa-wo	N4	1	PY Eb
ka-ta-no	N4	1	KN X,PY Eb,PY Ep
ka-te-ro	N4	1	KN Og,PY Eb
do-e	N4	1	PY Eb,PY En
e-ne-e-si	N1	1	PY En
e-ro	N4,N7	1	PY En
o-jo	N4	1	PY En
pi-ke-re-we	N2,N7	1	PY Eo
wa-na-ta	N2,N7	1	PY Eo
a-ma-ru-ta	N2,N7	1	PY Eo
a3-ti-jo-qe	N2,N7	1	PY Eo
a-ka-ta-jo	N2	1	KN Dv,PY Eo
to-na	N7	1	PY Eb,PY Eo,PY Ep
ko-to-no	N7	1	PY Eo
re-u	N4	1	KN X,PY Eb,PY Eo,PY Jn
pe-qo-ta	N7	1	PY En,PY Eo
a-i-qe-we	N2,N7	1	PY Eo
ku-so	N4	1	PY Eb,PY Ep
ko-tu	N4	1	PY Ep
po-so-re-ja	N4	1	PY Eo,PY Ep
we-te-re-u	N4	1	PY Eb,PY En,PY Eo,PY Ep
a-pi	N4	1	KN G,PY Ep,PY Ta
ka-ma-e-u	N4	1	PY Eb,PY Ep
ti-ni-ja-we-jo	N4	1	PY Ep
ki-ri-te-wi-ja	N4	1	KN Fp,PY An,PY Eb,PY Ep
ke-ke-me-na-o	N4	1	PY Eb,PY Ed,PY Ep
ka-ra-wi-po-ro	N4	1	PY Ep,PY Vn
po-ro-te-u	N4	1	PY Eq
re-pi-ri-jo	N4	1	PY Eq
a-de-me-we	N4	1	PY Eq
i-ja-te	N4	1	PY Eq
ti-me-no	N4	1	PY Er
ko-pe-re-u	N4	1	KN Am,PY Es
a-re-ku-tu-ru-wo	N4	1	PY Es
o-po-ro-me-no	N4	1	PY Es
wo-ro-ti-ja-o	N4	1	PY Es
ka-ra-i	N4	1	PY Es
a-ne-o	N4	1	PY Es
ru-ko-wo-ro	N4	1	PY Es
o-ka	N4	1	KN Xd,PY Es,PY Ub
pi-ro-ta-wo	N4	1	PY Es
ku-da-ma-ro	N4	1	PY Es
pi-ro-te-ko-to	N4	1	PY Es
i-pe-se-wa	N2	1	PY Fr
ka-ra-wi-so	N1	1	PY Ja
qe-ta-wo	N1	1	PY Jn
ta-mi-je-u	N1	1	PY Jn
e-u-ru-wo-ta	N1	1	PY Jn
e-u-do-no	N1	1	PY Jn
wi-du-wa-ko	N1	1	PY Jn
ke-we-to	N5	1	PY Jn
pe-ta-ro	N5	1	PY Jn
ke-we-to-jo	N5	1	PY Jn
i-wa-ka-o	N5	1	PY Jn
pa-qo-si-jo-jo	N5	1	PY Jn
po-ro-u-te-wo	N5	1	PY Jn
tu-ke-ne-u	N1	1	PY Jn
ta-ra-si-jo	N5	1	PY Jn
a-mo-ta-jo	N1	1	PY Jn
e-ki-wo	N1	1	PY Jn
ka-ka-po	N1	1	PY Jn
wi-tu-ta	N1	1	PY Jn
pi-ra-me-no	N1	1	KN E,PY Jn
ka-ra-wi-ko	N1	1	PY Jn
pi-we-ri-ja-ta	N1	1	PY Jn
sa-mu-ta-jo	N1	1	KN L,PY Jn,PY Vn
wa-u-do-no	N1	1	PY Jn
ka-ra-pa-so	N1	1	PY Jn
pi-ta-ke-u	N1	1	PY Jn
e-pi-da-to	N1b	1	PY Jn
te-te-re-u	N5	1	PY Eb,PY Ep,PY Jn
pa-pa-jo	N5	1	PY Jn
pi-ro-we-ko	N5	1	PY Jn
a2-nu-me-no	N5	1	PY Jn
ko-so-u-to	N5	1	PY Jn
de-ko-to-jo	N5	1	PY Jn
a3-ta-ro	N1	1	PY Jn
wi-du-wo-i-jo	N1	1	PY Jn
ke-ti-ro	N1	1	KN Da,KN U,KN Xd,PY Jn
a-me-no	N1	1	PY Jn
pa-pu-so	N1	1	PY Jn
na-wa-to	N5	1	PY Jn
ru-ki-jo	N5	1	PY Gn,PY Jn
a-na-te-u	N5	1	PY Jn
wi-ja-ni-jo	N1	1	PY Jn
ma-na-si-we-ko	N1	1	PY Jn
ma-wa-si-jo	N1	1	PY Jn
ro-no	N1	1	PY Jn
i-ta-ra-jo	N5	1	PY Jn
wi-ja-te-wo	N5	1	PY Jn
no-e-u	N5	1	PY Jn
e-pe-ke-u	N5	1	PY Jn
pu-te-u	N5	1	PY Jn
ko-ne-wa-ta	N5	1	PY Jn
qe-to-ro-no	N5	1	PY Jn
a-e-ri-qo	N5	1	PY Jn,TH Wu
ko-za-ro	N1	1	PY Jn
a-ke-wa-ta	N1	1	PY Jn
sa-ka-re-u	N1	1	PY Jn
ko-ta-wo	N1	1	PY Jn
da-u-ta-ro	N1	1	PY Jn
du-ko-so	N5	1	PY Jn
e-u-wa-ko-ro	N5	1	PY Jn
a-ta-o	N5	1	PY Fn,PY Jn
wa-ti-ro	N5	1	PY Jn
to-sa-no-jo	N1	1	PY Jn
a-mu-ta-wo-no	N1	1	PY Jn
ko-ro-tu-no	N1	1	PY Jn
ra-wo-ke-ta	N1	1	PY Jn
a2-ro	N1	1	PY Jn
o-qa	N1	1	PY Jn
po-to-re-ma-ta	N1	1	PY Jn
wa-pa-no	N1	1	PY Jn
mo-da	N1	1	PY Jn
ti-na-jo	N5	1	PY Jn
i-pe-ra-ta	N5	1	PY Jn
to-ri-jo	N1	1	PY Jn
pu-ra-ta	N1	1	PY Jn
wi-ti-mi-jo	N5	1	PY Jn
a3-ki-e-wo	N5	1	PY Jn
mi-ka-ri-jo-jo	N5	1	PY Jn
pu-ra-ta-o	N5	1	PY Jn
ma-ka-wo	N5	1	PY Jn
pi-ro-ne-ta	N5	1	PY Jn
pa-qo-ta	N5	1	PY Jn
wa-ka-ta	N5	1	PY Jn
wo-wi-ja-ta	N5	1	PY Jn
po-ru-e-ro	N5	1	PY Jn
po-ti-na-jo	N5	1	PY Jn
e-u-wa-re	N1	1	PY Jn
o-ke-te-u	N1	1	PY Jn
pe-ri-qo-ta	N1	1	KN Uf,PY Jn
a-me-to	N1	1	PY Jn
ta-re-u	N1	1	PY Jn
tu-ri-jo	N1	1	KN Nc,PY Jn
ta-na-wo	N5	1	PY Jn
pe-qe-u	N5	1	KN Vd,PY Jn
pe-ri-no	N1	1	PY Jn
a-no-me-de	N1	1	PY Jn
qi-si-ja-ko	N1	1	PY Jn
mu-to-na	N1	1	PY Jn
ma-ra-si-jo	N1	1	PY Jn
ka-ri-si-jo	N5	1	PY Jn
ko-a2-ta	N5	1	PY Jn
ko-do-ro	N5	1	PY Jn
te-pe	N5	1	PY Jn
e-ka-no	N5	1	PY Jn
pe-re-qo-no	N5	1	PY Jn
ma-ka-ta	N5	1	PY Jn
wi-jo-ro-jo	N5	1	PY Jn
wa-tu-ta	N5	1	PY Jn
po-ro-ko	N5	1	KN Dv,PY Jn
o-wo-ta	N5	1	PY Jn
o-ru-we-ro	N5	1	PY Jn
ko-ma-do-ro	N5	1	PY Jn
po-so-ra-ko	N5	1	PY Jn
wa-ti-ko-ro	N5	1	PY Jn
ne-qe-u	N1	1	PY Aq,PY Jn,PY Qa
e-ru-ta-jo	N1	1	PY Jn
e-u-ko-me-no	N5	1	PY Jn
di-nu-wa-ta	N5	1	PY Jn
wa-du-ri-jo	N5	1	PY Jn
o-wi-da	N5	1	PY Jn
pa-ra-ke-te-e-we	N1b	1	PY Jn
ro-wo	N1	1	PY Jn
a-ti-pa-mo	N1	1	KN Od,PY Jn
e-u-ka-ro	N1	1	PY Jn
ma-ra-ta	N1	1	PY Jn
a-no-ta	N1	1	PY Jn
si-ra-ta	N1	1	PY Jn
ka-ra-u-ro	N1	1	PY Jn
ra-wo-qo-ta	N1	1	PY Jn
e-u-we-to	N1	1	PY Jn
e-ke-i-ja-ta	N1	1	PY Jn
wo-wa-ro	N1	1	PY Jn
du-wo-jo	N5	1	PY Jn
pa-ki-ja-pi	N1b	1	PY Jn,PY Ma
e-ra-te-re-wa-pi	N1b	1	PY Cn,PY Jn,PY Vn
za-ma-e-wi-ja	N1	1	PY Jn
e-ke-ro	N5	1	PY Jn
si-mu-ta	N5	1	PY Jn
ra-u-ta	N5	1	PY Jn
ma-ri-ta	N5	1	PY Jn
pi-ro-ka-te	N5	1	PY Jn
me-ra-to	N5	1	PY Jn
a-ri-qa	N5	1	PY Jn
si-pa-ta-no	N5	1	PY Jn
a-no-ra-ta	N5	1	PY Jn
pu-wa-ne	N5	1	PY Jn
sa-ri-qo-ro	N1	1	PY Jn
pu-ke-se-ro	N1	1	PY Jn
re-qo-we	N1	1	PY Jn
qe-ta-ra-je-u	N1	1	PY Jn
du-re-u	N1	1	PY Jn
a-pa-je-u	N1	1	PY Jn
pa-pa-ra-ko	N1	1	PY Jn
ma-ta-ko	N5	1	PY Jn
ku-ke-re-u	N5	1	PY Jn
a-ti-ja-wo	N5	1	PY Jn
wa-ra-ko-no	N5	1	PY Jn
qe-re-me-ne-u	N5	1	PY Jn
o-pi-ko-wo	N1	1	PY Jn
o-pi-su-ko	N1	1	PY Jn
qa-te	N1b	1	PY Jn
e-pi-ta-jo	N5	1	PY Jn
we-ke-i-jo	N5	1	PY Jn
ke-da-si	N5	1	PY Jn
e-pa-ta	N5	1	PY Jn
ta-jo	N5	1	KN Nc,PY Jn
ka-wa-ri	N2	1	PY Mb
o-no-ka-ra	N2	1	PY Mn
e-ko-me-no	N4	1	PY Cn,PY Na
re-u-ka-so	N2	1	PY Pa
a-te-we	N1	1	PY Tn
a-ke-a2	N2	1	PY Vn
e-ru-si-jo	N2	1	PY Vn
a3-ki-e-we	N2	1	PY Vn
wa-do-me-no	N2	1	PY Vn
a-ta-no-re	N2	1	PY Vn
e-ri-we-ro	N2	1	PY Vn
wi-sa-to	N2	1	PY Vn
e-u-qo-ne	N2	1	PY Vn
me-ni-jo	N1	1	PY Wa
pe-re-wo-te	N2	1	PY Na,PY Xa
na-me	N2	1	PY Xa
zo-wa	N2	1	KN Nc,KN Ra,KN X,TH Av
wi-ri-ne-u	N1	1	TH Av
a-ko-da-mo	N1	1	TH Av,TH Ft
pe-ri-ke	N1	1	MY Ue,TH Av
si-to-ko	N1b	1	TH Av
ro-na-de	N1	1	TH Av
po-to-a2-ja-de	N1	1	TH Av
te-re-ja-de	N1	1	TH Av
o-ke-u-ri-jo	N1	1	TH Av,TH Ft
o-pi-ja-ro	N1	1	TH Av
ke-re-u-so	N1	1	TH Av
te-u-ke-i-jo	N1	1	TH Av
ta-me-je-u	N1	1	TH Av
ka-na-pe-we	N1	1	TH Av
a-re-pe-se-u	N1	1	TH Av
ru-ra-ta-e	N1	1	TH Av
te-qa-jo	N2	1	TH Wu
