doc	word_idx	line	wpos	pos	code	reading
ARKH 1a	0	2	0	0	AB59	ta
ARKH 1a	0	2	0	1	AB39	pi
ARKH 1a	1	2	2	0	AB67	ki
ARKH 1a	2	2	2	0	AB08	a
ARKH 1a	2	2	2	1	AB60	ra
ARKH 1a	3	2	2	0	AB08	a
ARKH 1a	3	2	2	1	AB58	su
ARKH 1a	3	2	2	2	AB73	mi
ARKH 1a	3	2	2	3	AB118	
ARKH 1a	4	0	2	0	AB08	a
ARKH 1a	4	0	2	1	AB03	pa
ARKH 1a	5	2	2	0	AB73	mi
ARKH 1a	5	2	2	1	AB67	ki
ARKH 1a	5	2	2	2	AB31	sa
ARKH 1a	5	2	2	3	AB24	ne
ARKH 1b	0	0	2	0	AB08	a
ARKH 1b	1	2	0	0	AB57	ja
ARKH 1b	1	2	0	1	AB27	re
ARKH 1b	2	2	2	0	AB56	
ARKH 1b	3	2	0	0	AB06	na
ARKH 2	0	0	0	0	AB41	si
ARKH 2	0	0	0	1	AB01	da
ARKH 2	0	0	0	2	AB04	te
ARKH 2	1	0	0	0	AB81	ku
ARKH 2	1	0	0	1	AB60	ra
ARKH 2	1	0	0	2	AB131	
ARKH 2	2	0	0	0	AB08	a
ARKH 2	2	0	0	1	AB41	si
ARKH 2	2	0	0	2	AB01	da
ARKH 2	2	0	0	3	AB05	to
ARKH 2	2	0	0	4	AB28	i
ARKH 2	3	0	0	0	AB79	
ARKH 2	3	0	0	1	A301	
ARKH 2	3	0	0	2	AB09	se
ARKH 2	3	0	0	3	AB45	de
ARKH 2	3	0	0	4	AB21	qi
ARKH 2	3	0	0	5	AB118	
ARKH 2	4	0	0	0	AB08	a
ARKH 2	4	0	0	1	AB58	su
ARKH 2	4	0	0	2	AB50	pu
ARKH 2	4	0	0	3	AB54	wa
ARKH 2	5	0	1	0	AB26	ru
ARKH 2	5	0	1	1	AB73	mi
ARKH 3a	0	1	0	0	AB77	ka
ARKH 3a	0	1	0	1	AB24	ne
ARKH 3a	1	2	0	0	AB67	ki
ARKH 3a	1	2	0	1	AB55	nu
ARKH 3a	2	2	0	0	AB81	ku
ARKH 3b	0	2	0	0	AB57	ja
ARKH 3b	0	2	0	1	AB39	pi
ARKH 3b	1	2	0	0	AB39	pi
ARKH 3b	1	2	0	1	A314	
ARKH 4a	0	2	2	0	AB30	ni
ARKH 4a	0	2	2	1	AB59	ta
ARKH 4a	1	2	0	0	AB59	ta
ARKH 4a	2	0	0	0	AB08	a
ARKH 4a	2	0	0	1	AB65	ju
ARKH 4a	3	0	0	0	AB45	de
ARKH 4a	3	0	0	1	AB58	su
ARKH 4a	3	0	0	2	AB47	
ARKH 4a	3	0	0	3	AB04	te
ARKH 4a	4	0	2	0	AB39	pi
ARKH 4a	4	0	2	1	AB37	ti
ARKH 4a	4	0	2	2	AB24	ne
ARKH 4a	4	0	2	3	AB08	a
ARKH 4b	0	2	0	0	AB27	re
ARKH 4b	1	0	2	0	AB10	u
ARKH 4b	2	2	0	0	AB45	de
ARKH 4b	2	2	0	1	AB73	mi
ARKH 4b	3	0	2	0	AB28	i
ARKH 4b	3	0	2	1	AB47	
ARKH 4b	4	0	0	0	AB08	a
ARKH 4b	4	0	0	1	AB67	ki
ARKH 4b	4	0	0	2	AB02	ro
ARKH 4b	5	0	2	0	AB17	za
ARKH 4b	5	0	2	1	AB41	si
ARKH 4b	5	0	2	2	AB79	
ARKH 5	0	0	0	0	AB08	a
ARKH 5	0	0	0	1	AB51	du
ARKH 5	0	0	0	2	AB30	ni
ARKH 5	0	0	0	3	AB59	ta
ARKH 5	0	0	0	4	AB06	na
ARKH 5	1	0	0	0	AB08	a
ARKH 5	1	0	0	1	AB01	da
ARKH 5	1	0	0	2	AB02	ro
ARKH 5	2	0	1	0	AB08	a
ARKH 6	0	0	0	0	AB01	da
ARKH 6	0	0	0	1	AB06	na
ARKH 6	0	0	0	2	AB69	tu
ARKH 6	1	0	2	0	AB81	ku
ARKH 6	2	2	2	0	AB53	ri
GO 2a	0	2	0	0	AB02	ro
GO 2a	1	2	0	0	AB77	ka
GO 2a	2	0	2	0	AB41	si
GO 2a	2	0	2	1	AB04	te
GO 2a	3	2	0	0	AB41	si
GO 2a	3	2	0	1	AB02	ro
GO 2a	3	2	0	2	AB03	pa
GO 2a	4	2	2	0	AB81	ku
GO 2a	4	2	2	1	AB09	se
GO 2b	1	0	2	0	AB01	da
GO 2b	2	2	0	0	AB27	re
GO 2b	4	0	2	0	AB09	se
GO 2b	4	0	2	1	AB41	si
GO Wc 1a	0	0	0	0	AB08	a
GO Wc 1a	0	0	0	1	AB31	sa
GO Wc 1a	0	0	0	2	AB58	su
GO Wc 1a	0	0	0	3	AB80	ma
GO Wc 1a	0	0	0	4	AB28	i
GO Wc 1a	0	0	0	5	AB09	se
HS Zg 1	0	0	0	0	AB08	a
HS Zg 1	0	0	0	1	AB80	ma
HT 1	0	0	0	0	AB78	qe
HT 1	0	0	0	1	AB76	ra
HT 1	0	0	0	2	AB10	u
HT 1	1	0	0	0	AB67	ki
HT 1	1	0	0	1	AB02	ro
HT 1	2	0	0	0	AB79	
HT 1	2	0	0	1	AB58	su
HT 1	3	0	0	0	AB07	di
HT 1	3	0	0	1	AB07	di
HT 1	3	0	0	2	AB17	za
HT 1	3	0	0	3	AB44	ke
HT 1	4	0	0	0	AB81	ku
HT 1	4	0	0	1	AB56	
HT 1	4	0	0	2	AB55	nu
HT 1	5	0	0	0	AB08	a
HT 1	5	0	0	1	AB60	ra
HT 1	5	0	0	2	AB06	na
HT 1	5	0	0	3	AB27	re
HT 100	0	0	0	0	AB81	ku
HT 100	0	0	0	1	AB02	ro
HT 100	1	0	0	0	AB31	sa
HT 100	1	0	0	1	AB76	ra
HT 101	0	0	0	0	AB79	
HT 101	0	0	0	1	AB22	
HT 101	0	0	0	2	AB07	di
HT 101	1	0	0	0	AB31	sa
HT 101	1	0	0	1	AB76	ra
HT 101	2	0	0	0	AB81	ku
HT 101	3	0	0	0	AB56	
HT 102	0	0	0	0	AB77	ka
HT 102	0	0	0	1	AB03	pa
HT 102	1	0	0	0	AB31	sa
HT 102	1	0	0	1	AB76	ra
HT 102	2	0	0	0	AB56	
HT 102	2	0	0	1	AB30	ni
HT 102	3	0	0	0	AB07	di
HT 102	3	0	0	1	AB53	ri
HT 102	3	0	0	2	AB06	na
HT 102	4	0	0	0	AB80	ma
HT 102	4	0	0	1	AB79	
HT 102	5	0	0	0	AB28	i
HT 102	5	0	0	1	AB77	ka
HT 102	6	0	0	0	AB81	ku
HT 102	6	0	0	1	AB02	ro
HT 103	0	0	0	0	AB10	u
HT 103	0	0	0	1	AB66	ta
HT 103	1	0	0	0	AB56	
HT 103	1	0	0	1	AB01	da
HT 103	1	0	0	2	AB81	ku
HT 103	1	0	0	3	AB09	se
HT 103	1	0	0	4	AB24	ne
HT 103	2	0	0	0	AB01	da
HT 103	2	0	0	1	AB81	ku
HT 103	2	0	0	2	AB06	na
HT 103	3	0	0	0	AB01	da
HT 103	3	0	0	1	AB81	ku
HT 103	3	0	0	2	AB09	se
HT 103	3	0	0	3	AB24	ne
HT 103	4	0	0	0	AB67	ki
HT 103	4	0	0	1	AB60	ra
HT 104	0	0	0	0	AB59	ta
HT 104	0	0	0	1	AB03	pa
HT 104	1	0	0	0	AB01	da
HT 104	1	0	0	1	AB81	ku
HT 104	1	0	0	2	AB09	se
HT 104	1	0	0	3	AB24	ne
HT 104	1	0	0	4	AB37	ti
HT 104	2	0	0	0	AB28	i
HT 104	2	0	0	1	AB51	du
HT 104	2	0	0	2	AB37	ti
HT 104	3	0	0	0	AB03	pa
HT 104	3	0	0	1	AB01	da
HT 104	3	0	0	2	AB58	su
HT 104	3	0	0	3	AB37	ti
HT 104	4	0	0	0	AB81	ku
HT 104	4	0	0	1	AB02	ro
HT 108	0	0	0	0	AB67	ki
HT 108	0	0	0	1	AB27	re
HT 108	0	0	0	2	AB59	ta
HT 108	0	0	0	3	AB06	na
HT 108	1	0	0	0	AB07	di
HT 108	1	0	0	1	AB06	na
HT 108	1	0	0	2	AB02	ro
HT 108	2	0	0	0	AB51	du
HT 108	2	0	0	1	AB58	su
HT 108	2	0	0	2	AB30	ni
HT 108	3	0	0	0	AB76	ra
HT 108	3	0	0	1	AB37	ti
HT 108	3	0	0	2	AB65	ju
HT 109	0	2	0	0	AB27	re
HT 109	2	2	0	0	AB59	ta
HT 109	3	0	0	0	AB81	ku
HT 109	3	0	0	1	AB02	ro
HT 109	4	0	0	0	AB08	a
HT 109	4	0	0	1	AB60	ra
HT 109	4	0	0	2	AB65	ju
HT 10a	0	0	0	0	AB81	ku
HT 10a	0	0	0	1	AB30	ni
HT 10a	0	0	0	2	AB58	su
HT 10a	1	0	0	0	AB31	sa
HT 10a	1	0	0	1	AB80	ma
HT 10a	2	0	0	0	AB01	da
HT 10a	2	0	0	1	AB27	re
HT 10a	3	0	0	0	AB10	u
HT 10a	3	0	0	1	A325	
HT 10a	3	0	0	2	AB17	za
HT 10a	4	0	0	0	AB10	u
HT 10a	4	0	0	1	A325	
HT 10a	4	0	0	2	AB17	za
HT 10a	5	0	0	0	A305	
HT 10a	5	0	0	1	AB26	ru
HT 10a	6	0	0	0	AB01	da
HT 10a	6	0	0	1	AB53	ri
HT 10a	6	0	0	2	AB01	da
HT 10a	7	0	0	0	AB13	me
HT 10a	7	0	0	1	AB17	za
HT 10b	0	0	0	0	AB10	u
HT 10b	0	0	0	1	AB37	ti
HT 10b	1	0	0	0	AB01	da
HT 10b	1	0	0	1	AB27	re
HT 10b	2	0	0	0	AB59	ta
HT 10b	2	0	0	1	AB53	ri
HT 10b	2	0	0	2	AB06	na
HT 10b	3	0	0	0	A312	
HT 10b	3	0	0	1	AB59	ta
HT 10b	4	0	0	0	AB77	ka
HT 10b	4	0	0	1	AB31	sa
HT 10b	4	0	0	2	AB26	ru
HT 10b	5	0	0	0	AB59	ta
HT 10b	5	0	0	1	AB06	na
HT 10b	5	0	0	2	AB37	ti
HT 110a	0	0	0	0	AB41	si
HT 110a	0	0	0	1	AB51	du
HT 110a	0	0	0	2	AB34	
HT 110a	0	0	0	3	AB81	ku
HT 110a	0	0	0	4	AB73	mi
HT 110a	1	0	0	0	AB81	ku
HT 110a	1	0	0	1	AB03	pa
HT 110a	2	0	0	0	AB81	ku
HT 110a	2	0	0	1	AB02	ro
HT 110b	1	2	0	0	AB02	ro
HT 112a	1	2	2	0	AB69	tu
HT 112a	1	2	2	1	AB03	pa
HT 113	0	0	2	0	AB60	ra
HT 113	0	0	2	1	AB53	ri
HT 113	0	0	2	2	AB45	de
HT 113	1	2	0	0	AB40	wi
HT 113	1	2	0	1	AB31	sa
HT 113 ter	0	1	2	0	AB73	mi
HT 114a	0	0	0	0	AB67	ki
HT 114a	0	0	0	1	AB53	ri
HT 114a	0	0	0	2	AB66	ta
HT 114a	1	0	0	0	AB31	sa
HT 114a	1	0	0	1	AB76	ra
HT 115a	0	0	0	0	AB47	
HT 115a	0	0	0	1	AB55	nu
HT 115a	0	0	0	2	AB60	ra
HT 115a	0	0	0	3	AB56	
HT 115a	1	0	0	0	AB53	ri
HT 115a	1	0	0	1	AB59	ta
HT 115a	1	0	0	2	AB80	ma
HT 115a	1	0	0	3	AB55	nu
HT 115a	1	0	0	4	AB40	wi
HT 115a	2	0	0	0	AB06	na
HT 115a	2	0	0	1	AB21	qi
HT 115a	2	0	0	2	AB24	ne
HT 115a	2	0	0	3	AB73	mi
HT 115a	2	0	0	4	AB06	na
HT 115a	3	0	0	0	AB09	se
HT 115a	3	0	0	1	AB81	ku
HT 115a	3	0	0	2	AB69	tu
HT 115a	4	0	0	0	AB03	pa
HT 115a	4	0	0	1	AB60	ra
HT 115a	4	0	0	2	AB24	ne
HT 115a	5	0	0	0	AB08	a
HT 115a	5	0	0	1	AB09	se
HT 115a	5	0	0	2	AB57	ja
HT 115a	5	0	0	3	A718	
HT 115a	6	2	0	0	AB77	ka
HT 115a	6	2	0	1	AB11	po
HT 115a	6	2	0	2	AB26	ru
HT 115b	0	2	0	0	AB26	ru
HT 115b	1	0	0	0	AB03	pa
HT 115b	1	0	0	1	AB60	ra
HT 115b	1	0	0	2	AB24	ne
HT 115b	2	0	0	0	AB37	ti
HT 115b	2	0	0	1	AB55	nu
HT 115b	2	0	0	2	AB57	ja
HT 115b	3	0	0	0	AB55	nu
HT 115b	3	0	0	1	AB40	wi
HT 115b	4	0	0	0	AB51	du
HT 115b	4	0	0	1	AB56	
HT 115b	4	0	0	2	AB06	na
HT 115b	5	0	0	0	AB81	ku
HT 115b	5	0	0	1	AB26	ru
HT 115b	5	0	0	2	AB80	ma
HT 115b	6	0	0	0	A306	
HT 115b	6	0	0	1	AB69	tu
HT 115b	6	0	0	2	AB57	ja
HT 115b	7	0	0	0	AB08	a
HT 115b	7	0	0	1	AB28	i
HT 115b	8	0	2	0	AB81	ku
HT 115b	8	0	2	1	AB59	ta
HT 116a	0	0	0	0	AB10	u
HT 116a	0	0	0	1	AB59	ta
HT 116a	0	0	0	2	AB02	ro
HT 116a	1	0	0	0	AB81	ku
HT 116a	1	0	0	1	AB03	pa
HT 116a	1	0	0	2	AB57	ja
HT 116a	2	0	0	0	AB50	pu
HT 116a	2	0	0	1	AB76	ra
HT 116a	3	0	0	0	AB39	pi
HT 116a	3	0	0	1	AB34	
HT 116a	3	0	0	2	AB04	te
HT 116a	4	0	0	0	AB41	si
HT 116a	4	0	0	1	AB67	ki
HT 116a	4	0	0	2	AB24	ne
HT 116a	5	0	0	0	AB16	qa
HT 116a	5	0	0	1	AB55	nu
HT 116a	5	0	0	2	AB80	ma
HT 116b	0	0	0	0	AB81	ku
HT 116b	0	0	0	1	AB02	ro
HT 117a	0	0	0	0	AB80	ma
HT 117a	0	0	0	1	AB77	ka
HT 117a	0	0	0	2	AB53	ri
HT 117a	0	0	0	3	AB04	te
HT 117a	1	0	0	0	AB67	ki
HT 117a	1	0	0	1	AB02	ro
HT 117a	2	0	0	0	AB10	u
HT 117a	2	0	0	1	AB73	mi
HT 117a	2	0	0	2	AB06	na
HT 117a	2	0	0	3	AB41	si
HT 117a	3	0	0	0	AB10	u
HT 117a	3	0	0	1	AB58	su
HT 117a	4	0	0	0	AB73	mi
HT 117a	4	0	0	1	AB69	tu
HT 117a	5	0	0	0	AB81	ku
HT 117a	5	0	0	1	AB60	ra
HT 117a	5	0	0	2	AB23	mu
HT 117a	6	0	0	0	AB80	ma
HT 117a	6	0	0	1	AB26	ru
HT 117a	7	0	0	0	AB81	ku
HT 117a	7	0	0	1	AB56	
HT 117a	7	0	0	2	AB55	nu
HT 117a	8	0	0	0	AB69	tu
HT 117a	8	0	0	1	AB65	ju
HT 117a	8	0	0	2	AB80	ma
HT 117a	9	0	0	0	AB10	u
HT 117a	9	0	0	1	AB07	di
HT 117a	9	0	0	2	AB73	mi
HT 117a	10	0	0	0	AB73	mi
HT 117a	10	0	0	1	AB26	ru
HT 117a	10	0	0	2	AB59	ta
HT 117a	10	0	0	3	AB60	ra
HT 117a	10	0	0	4	AB27	re
HT 117a	11	0	0	0	AB04	te
HT 117a	11	0	0	1	AB56	
HT 117a	11	0	0	2	AB27	re
HT 117a	12	0	0	0	AB06	na
HT 117a	12	0	0	1	AB01	da
HT 117a	12	0	0	2	AB27	re
HT 117a	13	0	0	0	AB81	ku
HT 117a	13	0	0	1	AB02	ro
HT 117a	14	0	0	0	AB31	sa
HT 117a	14	0	0	1	AB59	ta
HT 117a	15	0	0	0	AB81	ku
HT 117a	15	0	0	1	AB81	ku
HT 117a	15	0	0	2	AB01	da
HT 117a	15	0	0	3	AB60	ra
HT 117a	16	0	0	0	AB70	ko
HT 117a	16	0	0	1	AB31	sa
HT 117a	16	0	0	2	AB28	i
HT 117a	16	0	0	3	AB37	ti
HT 117a	17	0	0	0	AB01	da
HT 117a	17	0	0	1	AB73	mi
HT 117a	17	0	0	2	AB55	nu
HT 117a	18	0	0	0	AB01	da
HT 117a	18	0	0	1	AB24	ne
HT 117a	18	0	0	2	AB81	ku
HT 117a	18	0	0	3	AB37	ti
HT 117a	19	0	0	0	AB67	ki
HT 117a	19	0	0	1	AB01	da
HT 117a	19	0	0	2	AB02	ro
HT 117b	0	0	0	0	AB21	qi
HT 117b	0	0	0	1	AB69	tu
HT 117b	0	0	0	2	AB24	ne
HT 117b	1	0	0	0	AB81	ku
HT 117b	1	0	0	1	AB27	re
HT 117b	1	0	0	2	AB65	ju
HT 117b	2	0	0	0	AB07	di
HT 117b	2	0	0	1	AB67	ki
HT 117b	2	0	0	2	AB09	se
HT 118	0	0	0	0	AB80	ma
HT 118	0	0	0	1	AB07	di
HT 118	1	0	0	0	AB16	qa
HT 118	1	0	0	1	AB16	qa
HT 118	1	0	0	2	AB26	ru
HT 118	2	0	0	0	AB08	a
HT 118	2	0	0	1	AB53	ri
HT 118	2	0	0	2	AB58	su
HT 118	3	0	0	0	AB53	ri
HT 118	3	0	0	1	AB26	ru
HT 118	3	0	0	2	AB80	ma
HT 118	4	0	0	0	AB81	ku
HT 118	4	0	0	1	AB02	ro
HT 119	0	0	0	0	AB53	ri
HT 119	0	0	0	1	AB73	mi
HT 119	0	0	0	2	AB41	si
HT 119	1	0	0	0	AB70	ko
HT 119	1	0	0	1	AB57	ja
HT 119	2	0	0	0	AB81	ku
HT 119	2	0	0	1	AB56	
HT 119	2	0	0	2	AB06	na
HT 119	2	0	0	3	AB69	tu
HT 119	3	0	0	0	AB57	ja
HT 119	3	0	0	1	A345	
HT 119	4	0	0	0	A306	
HT 119	4	0	0	1	AB69	tu
HT 119	5	0	0	0	A327	
HT 119	5	0	0	1	AB65	ju
HT 119	6	0	0	0	AB81	ku
HT 119	6	0	0	1	AB02	ro
HT 11a	0	0	2	0	AB08	a
HT 11a	0	0	2	1	AB26	ru
HT 11a	0	0	2	2	AB60	ra
HT 11a	1	0	0	0	AB77	ka
HT 11a	1	0	0	1	AB02	ro
HT 11a	1	0	0	2	AB06	na
HT 11a	2	0	0	0	A322	
HT 11a	2	0	0	1	AB53	ri
HT 11a	3	0	0	0	AB81	ku
HT 11a	3	0	0	1	AB02	ro
HT 11a	4	0	0	0	AB08	a
HT 11a	4	0	0	1	AB58	su
HT 11a	4	0	0	2	AB57	ja
HT 11a	5	0	0	0	AB100	
HT 11a	5	0	0	1	AB28	i
HT 11b	0	2	0	0	AB45	de
HT 11b	0	2	0	1	AB55	nu
HT 11b	1	0	0	0	AB26	ru
HT 11b	1	0	0	1	AB76	ra
HT 11b	2	0	0	0	AB86	
HT 11b	3	0	0	0	AB26	ru
HT 11b	3	0	0	1	AB79	
HT 11b	3	0	0	2	AB06	na
HT 11b	4	0	0	0	AB31	sa
HT 11b	4	0	0	1	AB78	qe
HT 11b	4	0	0	2	AB53	ri
HT 11b	5	0	0	0	AB81	ku
HT 11b	5	0	0	1	AB02	ro
HT 12	0	0	0	0	AB16	qa
HT 12	0	0	0	1	AB37	ti
HT 12	0	0	0	2	AB01	da
HT 12	0	0	0	3	AB04	te
HT 12	1	0	0	0	AB78	qe
HT 12	1	0	0	1	AB69	tu
HT 12	1	0	0	2	AB24	ne
HT 12	2	0	0	0	AB01	da
HT 12	2	0	0	1	AB28	i
HT 120	0	0	0	0	AB01	da
HT 120	0	0	0	1	AB78	qe
HT 120	0	0	0	2	AB60	ra
HT 120	1	0	0	0	AB01	da
HT 120	1	0	0	1	AB13	me
HT 120	2	0	0	0	AB01	da
HT 120	2	0	0	1	AB10	u
HT 120	2	0	0	2	AB49	
HT 120	3	0	0	0	AB67	ki
HT 120	3	0	0	1	AB27	re
HT 120	3	0	0	2	AB59	ta
HT 120	3	0	0	3	AB06	na
HT 120	4	0	0	0	AB03	pa
HT 120	4	0	0	1	AB28	i
HT 120	4	0	0	2	AB05	to
HT 121	0	0	0	0	AB67	ki
HT 121	0	0	0	1	AB53	ri
HT 121	0	0	0	2	AB66	ta
HT 121	1	0	0	0	AB31	sa
HT 121	1	0	0	1	AB76	ra
HT 122a	0	2	0	0	AB60	ra
HT 122a	0	2	0	1	AB53	ri
HT 122a	1	0	0	0	AB10	u
HT 122a	1	0	0	1	AB45	de
HT 122a	1	0	0	2	AB17	za
HT 122a	2	0	0	0	AB01	da
HT 122a	2	0	0	1	AB41	si
HT 122a	2	0	0	2	AB118	
HT 122a	3	0	2	0	AB03	pa
HT 122a	4	2	0	0	AB07	di
HT 122a	5	0	0	0	AB04	te
HT 122a	5	0	0	1	AB67	ki
HT 122a	6	0	0	0	AB16	qa
HT 122a	6	0	0	1	A310	
HT 122a	6	0	0	2	AB28	i
HT 122a	7	0	0	0	AB57	ja
HT 122a	7	0	0	1	AB73	mi
HT 122a	7	0	0	2	AB01	da
HT 122a	7	0	0	3	AB27	re
HT 122a	8	0	0	0	AB41	si
HT 122a	8	0	0	1	AB01	da
HT 122a	8	0	0	2	AB27	re
HT 122a	9	0	0	0	A324	
HT 122a	9	0	0	1	AB07	di
HT 122a	9	0	0	2	AB60	ra
HT 122a	10	0	0	0	AB03	pa
HT 122a	10	0	0	1	AB45	de
HT 122a	11	0	0	0	AB81	ku
HT 122a	11	0	0	1	AB56	
HT 122a	11	0	0	2	AB55	nu
HT 122a	12	0	0	0	AB03	pa
HT 122a	12	0	0	1	AB53	ri
HT 122a	12	0	0	2	AB24	ne
HT 122a	13	0	0	0	A306	
HT 122a	13	0	0	1	AB69	tu
HT 122a	14	2	0	0	AB51	du
HT 122a	15	0	0	0	AB81	ku
HT 122a	15	0	0	1	AB56	
HT 122a	15	0	0	2	AB55	nu
HT 122a	16	0	0	0	AB01	da
HT 122a	16	0	0	1	AB53	ri
HT 122a	16	0	0	2	AB01	da
HT 122a	17	0	0	0	AB81	ku
HT 122a	17	0	0	1	AB02	ro
HT 122a	18	0	0	0	AB81	ku
HT 122a	18	0	0	1	AB01	da
HT 122b	0	0	0	0	AB46	je
HT 122b	0	0	0	1	AB07	di
HT 122b	1	2	0	0	A306	
HT 122b	1	2	0	1	AB67	ki
HT 122b	1	2	0	2	AB66	ta
HT 122b	3	2	0	0	AB08	a
HT 122b	3	2	0	1	AB60	ra
HT 122b	3	2	0	2	AB65	ju
HT 122b	3	2	0	3	AB10	u
HT 122b	3	2	0	4	AB45	de
HT 122b	3	2	0	5	AB17	za
HT 122b	4	0	0	0	AB16	qa
HT 122b	4	0	0	1	AB16	qa
HT 122b	4	0	0	2	AB26	ru
HT 122b	5	0	0	0	AB01	da
HT 122b	5	0	0	1	AB27	re
HT 122b	6	0	0	0	AB81	ku
HT 122b	6	0	0	1	AB02	ro
HT 122b	7	0	0	0	AB11	po
HT 122b	7	0	0	1	AB05	to
HT 122b	7	0	0	2	AB81	ku
HT 122b	7	0	0	3	AB02	ro
HT 123a	0	0	0	0	AB67	ki
HT 123a	0	0	0	1	AB59	ta
HT 123a	0	0	0	2	AB28	i
HT 123a	1	0	0	0	A308	
HT 123a	2	0	0	0	AB67	ki
HT 123a	2	0	0	1	AB02	ro
HT 123a	3	0	0	0	AB50	pu
HT 123a	3	0	0	1	AB131	
HT 123a	4	0	0	0	AB67	ki
HT 123a	4	0	0	1	AB02	ro
HT 123a	5	0	0	0	AB31	sa
HT 123a	5	0	0	1	AB26	ru
HT 123a	6	0	0	0	AB67	ki
HT 123a	6	0	0	1	AB02	ro
HT 123a	7	0	0	0	AB01	da
HT 123a	7	0	0	1	AB67	ki
HT 123a	8	0	0	0	AB67	ki
HT 123a	8	0	0	1	AB02	ro
HT 123a	9	0	0	0	AB81	ku
HT 123a	9	0	0	1	AB02	ro
HT 123a	10	0	0	0	AB81	ku
HT 123a	10	0	0	1	AB02	ro
HT 123a	11	0	0	0	AB67	ki
HT 123a	11	0	0	1	AB02	ro
HT 123b	0	0	0	0	AB37	ti
HT 123b	0	0	0	1	AB01	da
HT 123b	0	0	0	2	AB59	ta
HT 123b	1	0	0	0	AB39	pi
HT 123b	1	0	0	1	AB31	sa
HT 123b	2	0	0	0	AB188	
HT 123b	3	0	0	0	AB51	du
HT 123b	4	0	0	0	AB69	tu
HT 123b	4	0	0	1	AB02	ro
HT 123b	4	0	0	2	AB07	di
HT 123b	4	0	0	3	AB01	da
HT 123b	5	0	2	0	AB77	ka
HT 123b	5	0	2	1	AB06	na
HT 123b	6	2	0	0	AB41	si
HT 123b	6	2	0	1	AB51	du
HT 123b	7	0	0	0	AB51	du
HT 123b	7	0	0	1	AB80	ma
HT 123b	7	0	0	2	AB28	i
HT 123b	7	0	0	3	AB06	na
HT 123b	8	0	0	0	AB81	ku
HT 123b	8	0	0	1	AB02	ro
HT 123b	9	0	0	0	AB67	ki
HT 123b	9	0	0	1	AB02	ro
HT 126a	0	0	0	0	AB01	da
HT 126a	0	0	0	1	AB06	na
HT 126a	0	0	0	2	AB41	si
HT 126a	1	0	0	0	AB08	a
HT 126a	1	0	0	1	AB06	na
HT 126a	2	0	2	0	AB10	u
HT 126a	3	0	0	0	AB41	si
HT 126a	3	0	0	1	AB07	di
HT 126a	3	0	0	2	AB57	ja
HT 126a	4	0	0	0	AB10	u
HT 126a	4	0	0	1	AB49	
HT 126a	5	0	2	0	AB39	pi
HT 127a	0	0	0	0	AB51	du
HT 127a	0	0	0	1	AB24	ne
HT 127a	0	0	0	2	AB73	mi
HT 127a	1	0	0	0	A629	
HT 127a	1	0	0	1	AB01	da
HT 127a	1	0	0	2	AB47	
HT 127a	1	0	0	3	AB81	ku
HT 127b	0	2	0	0	AB24	ne
HT 127b	1	0	0	0	AB81	ku
HT 127b	1	0	0	1	AB02	ro
HT 127b	2	0	0	0	AB81	ku
HT 127b	2	0	0	1	AB02	ro
HT 128a	0	0	0	0	AB03	pa
HT 128a	0	0	0	1	AB60	ra
HT 128a	1	0	0	0	AB69	tu
HT 128a	1	0	0	1	AB26	ru
HT 128a	1	0	0	2	AB56	
HT 128a	1	0	0	3	AB09	se
HT 128a	1	0	0	4	AB13	me
HT 128a	2	0	0	0	AB54	wa
HT 128a	2	0	0	1	AB69	tu
HT 128a	2	0	0	2	AB80	ma
HT 128a	2	0	0	3	AB27	re
HT 128a	3	2	0	0	AB73	mi
HT 128a	3	2	0	1	AB59	ta
HT 128a	4	0	2	0	AB07	di
HT 128a	5	1	0	0	A579	
HT 128a	6	0	0	0	AB80	ma
HT 128a	6	0	0	1	AB53	ri
HT 128b	0	0	0	0	AB100	
HT 128b	0	0	0	1	A329	
HT 128b	1	0	0	0	AB26	ru
HT 129	0	0	0	0	AB69	tu
HT 129	0	0	0	1	AB26	ru
HT 129	0	0	0	2	AB66	ta
HT 129	1	0	0	0	AB69	tu
HT 129	1	0	0	1	AB21	qi
HT 129	1	0	0	2	AB53	ri
HT 129	1	0	0	3	AB06	na
HT 13	0	0	0	0	AB77	ka
HT 13	0	0	0	1	AB10	u
HT 13	0	0	0	2	AB45	de
HT 13	0	0	0	3	AB59	ta
HT 13	1	0	0	0	AB27	re
HT 13	1	0	0	1	AB17	za
HT 13	2	0	0	0	AB04	te
HT 13	2	0	0	1	AB69	tu
HT 13	3	0	0	0	AB04	te
HT 13	3	0	0	1	AB67	ki
HT 13	4	0	0	0	AB81	ku
HT 13	4	0	0	1	AB79	
HT 13	4	0	0	2	AB30	ni
HT 13	5	0	0	0	AB01	da
HT 13	5	0	0	1	AB41	si
HT 13	5	0	0	2	AB118	
HT 13	6	0	0	0	AB28	i
HT 13	6	0	0	1	AB51	du
HT 13	6	0	0	2	AB24	ne
HT 13	6	0	0	3	AB41	si
HT 13	7	0	0	0	AB81	ku
HT 13	7	0	0	1	AB02	ro
HT 130	0	2	0	0	AB31	sa
HT 130	0	2	0	1	AB76	ra
HT 130	1	2	2	0	AB76	ra
HT 130	2	2	2	0	AB02	ro
HT 131a	1	0	0	0	AB28	i
HT 131a	1	0	0	1	AB16	qa
HT 131a	1	0	0	2	AB118	
HT 131b	1	0	0	0	AB11	po
HT 131b	1	0	0	1	AB05	to
HT 131b	1	0	0	2	AB81	ku
HT 131b	1	0	0	3	AB02	ro
HT 132	0	0	0	0	AB08	a
HT 132	0	0	0	1	AB09	se
HT 132	1	0	0	0	AB16	qa
HT 132	1	0	0	1	AB27	re
HT 132	1	0	0	2	AB05	to
HT 133	0	0	0	0	AB08	a
HT 133	0	0	0	1	AB51	du
HT 135a	0	2	0	0	AB24	ne
HT 135a	0	2	0	1	AB73	mi
HT 135a	0	2	0	2	AB06	na
HT 135a	1	1	0	0	AB73	mi
HT 135a	1	1	0	1	AB69	tu
HT 135a	2	0	2	0	AB73	mi
HT 135a	2	0	2	1	AB77	ka
HT 135a	3	0	2	0	AB06	na
HT 135a	3	0	2	1	AB21	qi
HT 135a	3	0	2	2	AB24	ne
HT 135a	4	2	0	0	AB73	mi
HT 135b	0	2	2	0	AB34	
HT 135b	0	2	2	1	AB59	ta
HT 135b	0	2	2	2	AB24	ne
HT 137	2	2	0	0	AB66	ta
HT 139	0	2	0	0	AB50	pu
HT 139	0	2	0	1	AB80	ma
HT 139	0	2	0	2	AB81	ku
HT 139	1	2	2	0	AB77	ka
HT 139	1	2	2	1	AB76	ra
HT 14	0	0	0	0	AB50	pu
HT 14	0	0	0	1	AB131	
HT 14	1	0	0	0	AB08	a
HT 14	1	0	0	1	AB29	pu
HT 14	1	0	0	2	AB06	na
HT 14	1	0	0	3	AB51	du
HT 140	0	0	0	0	AB10	u
HT 140	0	0	0	1	AB34	
HT 140	0	0	0	2	AB41	si
HT 140	1	0	0	0	AB86	
HT 140	1	0	0	1	AB41	si
HT 140	1	0	0	2	AB30	ni
HT 140	2	0	0	0	AB46	je
HT 140	2	0	0	1	AB07	di
HT 140	3	0	0	0	AB10	u
HT 140	3	0	0	1	AB34	
HT 140	3	0	0	2	AB41	si
HT 140	4	2	0	0	AB118	
HT 140	4	2	0	1	AB77	ka
HT 140	5	0	0	0	AB77	ka
HT 140	5	0	0	1	AB80	ma
HT 140	6	0	0	0	AB77	ka
HT 140	6	0	0	1	AB03	pa
HT 141	0	2	0	0	AB08	a
HT 141	0	2	0	1	AB53	ri
HT 141	1	0	2	0	AB26	ru
HT 141	1	0	2	1	AB07	di
HT 144	1	0	2	0	AB61	o
HT 146	0	2	2	0	AB78	qe
HT 146	1	2	0	0	AB53	ri
HT 146	1	2	0	1	A305	
HT 146	2	0	0	0	AB53	ri
HT 146	2	0	0	1	AB77	ka
HT 146	2	0	0	2	AB59	ta
HT 147	0	2	0	0	AB60	ra
HT 15	0	0	0	0	AB10	u
HT 15	0	0	0	1	AB34	
HT 15	0	0	0	2	AB41	si
HT 15	1	0	0	0	AB51	du
HT 15	1	0	0	1	AB123	
HT 15	1	0	0	2	AB08	a
HT 15	2	0	0	0	AB67	ki
HT 15	2	0	0	1	AB02	ro
HT 154	0	0	2	0	AB37	ti
HT 154	1	2	0	0	AB67	ki
HT 154A	0	2	2	0	AB69	tu
HT 154A	0	2	2	1	AB13	me
HT 154A	0	2	2	2	AB03	pa
HT 154A	0	2	2	3	AB57	ja
HT 154C	0	2	2	0	AB06	na
HT 154C	0	2	2	1	AB73	mi
HT 154Ja	0	2	2	0	AB55	nu
HT 154Ja	0	2	2	1	AB27	re
HT 154N	0	2	2	0	AB41	si
HT 154N	1	2	2	0	AB41	si
HT 16	0	0	0	0	AB77	ka
HT 16	0	0	0	1	AB81	ku
HT 16	0	0	0	2	AB03	pa
HT 16	1	0	0	0	AB07	di
HT 16	1	0	0	1	AB06	na
HT 16	1	0	0	2	AB10	u
HT 16	2	0	0	0	AB31	sa
HT 16	2	0	0	1	AB11	po
HT 17	0	0	0	0	AB60	ra
HT 17	0	0	0	1	AB164	
HT 17	0	0	0	2	AB37	ti
HT 17	1	0	0	0	AB31	sa
HT 17	1	0	0	1	AB02	ro
HT 17	2	0	0	0	AB41	si
HT 17	2	0	0	1	AB01	da
HT 17	2	0	0	2	AB27	re
HT 18	0	0	0	0	AB03	pa
HT 18	0	0	0	1	AB09	se
HT 18	1	0	0	0	AB31	sa
HT 18	1	0	0	1	AB76	ra
HT 19	0	0	0	0	AB60	ra
HT 19	0	0	0	1	AB164	
HT 19	0	0	0	2	AB37	ti
HT 19	1	0	0	0	AB31	sa
HT 19	1	0	0	1	AB02	ro
HT 19	2	0	0	0	AB51	du
HT 19	2	0	0	1	AB13	me
HT 19	2	0	0	2	AB07	di
HT 2	0	0	0	0	AB08	a
HT 2	0	0	0	1	AB77	ka
HT 2	0	0	0	2	AB26	ru
HT 2	1	2	0	0	AB67	ki
HT 2	1	2	0	1	AB27	re
HT 2	1	2	0	2	AB59	ta
HT 2	1	2	0	3	AB06	na
HT 20	0	0	0	0	AB03	pa
HT 20	0	0	0	1	AB02	ro
HT 20	0	0	0	2	AB58	su
HT 20	1	0	0	0	AB81	ku
HT 20	1	0	0	1	AB80	ma
HT 20	1	0	0	2	AB65	ju
HT 20	2	0	0	0	AB78	qe
HT 20	2	0	0	1	AB81	ku
HT 20	2	0	0	2	AB27	re
HT 20	3	0	0	0	AB31	sa
HT 20	3	0	0	1	AB27	re
HT 20	3	0	0	2	AB65	ju
HT 21	0	0	0	0	AB39	pi
HT 21	0	0	0	1	AB59	ta
HT 21	0	0	0	2	AB77	ka
HT 21	0	0	0	3	AB09	se
HT 23a	0	0	0	0	AB77	ka
HT 23a	0	0	0	1	AB06	na
HT 23a	1	0	0	0	AB21	qi
HT 23a	1	0	0	1	AB53	ri
HT 23a	1	0	0	2	AB69	tu
HT 23a	1	0	0	3	AB16	qa
HT 23a	2	0	0	0	AB31	sa
HT 23a	2	0	0	1	AB31	sa
HT 23a	2	0	0	2	AB13	me
HT 23a	3	0	0	0	AB70	ko
HT 23a	3	0	0	1	AB26	ru
HT 23b	0	0	0	0	AB30	ni
HT 23b	0	0	0	1	AB60	ra
HT 23b	1	0	2	0	AB23	mu
HT 23b	2	2	0	0	AB50	pu
HT 24a	0	0	0	0	AB81	ku
HT 24a	0	0	0	1	AB56	
HT 24a	0	0	0	2	AB53	ri
HT 24a	0	0	0	3	AB57	ja
HT 24a	1	0	0	0	AB03	pa
HT 24a	1	0	0	1	AB31	sa
HT 24a	1	0	0	2	AB53	ri
HT 24a	1	0	0	3	AB57	ja
HT 24a	2	0	0	0	AB26	ru
HT 24a	2	0	0	1	AB28	i
HT 24a	2	0	0	2	AB70	ko
HT 25a	0	0	2	0	AB07	di
HT 25a	0	0	2	1	AB06	na
HT 25a	0	0	2	2	AB10	u
HT 25a	1	2	0	0	AB26	ru
HT 25a	1	2	0	1	AB30	ni
HT 25a	2	0	0	0	AB10	u
HT 25a	2	0	0	1	AB27	re
HT 25a	2	0	0	2	AB40	wi
HT 25a	3	0	0	0	AB07	di
HT 25a	3	0	0	1	AB06	na
HT 25a	3	0	0	2	AB10	u
HT 25a	4	0	0	0	AB08	a
HT 25a	4	0	0	1	AB53	ri
HT 25a	4	0	0	2	AB30	ni
HT 25a	4	0	0	3	AB59	ta
HT 25a	5	0	2	0	AB69	tu
HT 25a	5	0	2	1	AB78	qe
HT 25a	5	0	2	2	AB55	nu
HT 25a	6	2	0	0	AB79	
HT 25a	6	2	0	1	AB65	ju
HT 25a	6	2	0	2	AB29	pu
HT 25a	7	0	0	0	AB51	du
HT 25a	7	0	0	1	AB26	ru
HT 25a	7	0	0	2	AB40	wi
HT 25a	8	2	0	0	AB28	i
HT 25a	8	2	0	1	AB67	ki
HT 25a	8	2	0	2	AB60	ra
HT 25b	1	0	0	0	AB81	ku
HT 25b	1	0	0	1	AB02	ro
HT 25b	2	0	0	0	AB40	wi
HT 25b	2	0	0	1	AB04	te
HT 25b	2	0	0	2	AB02	ro
HT 25b	3	0	0	0	AB28	i
HT 25b	3	0	0	1	AB37	ti
HT 25b	4	0	0	0	AB81	ku
HT 25b	4	0	0	1	AB02	ro
HT 26a	0	0	0	0	A312	
HT 26a	0	0	0	1	AB04	te
HT 26a	0	0	0	2	AB04	te
HT 26a	1	0	0	0	AB59	ta
HT 26a	1	0	0	1	AB37	ti
HT 26a	2	0	0	0	AB73	mi
HT 26a	2	0	0	1	AB67	ki
HT 26a	2	0	0	2	AB09	se
HT 26a	2	0	0	3	AB06	na
HT 26a	3	0	0	0	AB10	u
HT 26a	3	0	0	1	AB55	nu
HT 26a	3	0	0	2	AB21	qi
HT 26b	1	2	0	0	AB03	pa
HT 26b	1	2	0	1	AB02	ro
HT 26b	1	2	0	2	AB30	ni
HT 26b	2	0	0	0	AB77	ka
HT 26b	2	0	0	1	AB10	u
HT 26b	2	0	0	2	AB79	
HT 26b	2	0	0	3	AB30	ni
HT 26b	3	0	0	0	AB28	i
HT 26b	3	0	0	1	A308	
HT 26b	4	0	0	0	AB188	
HT 26b	4	0	0	1	AB86	
HT 27a	0	0	0	0	AB37	ti
HT 27a	0	0	0	1	AB30	ni
HT 27a	0	0	0	2	AB59	ta
HT 27a	1	2	0	0	AB28	i
HT 27a	1	2	0	1	AB73	mi
HT 27a	1	2	0	2	AB31	sa
HT 27a	1	2	0	3	AB60	ra
HT 27a	2	2	2	0	AB78	qe
HT 27a	3	0	1	0	AB67	ki
HT 27a	3	0	1	1	AB01	da
HT 27a	4	1	0	0	AB67	ki
HT 27a	4	1	0	1	A310	
HT 27a	5	0	2	0	AB81	ku
HT 27a	5	0	2	1	A305	
HT 27a	6	2	0	0	AB31	sa
HT 27a	6	2	0	1	AB60	ra
HT 27a	6	2	0	2	AB07	di
HT 27a	7	0	0	0	AB81	ku
HT 27a	7	0	0	1	AB02	ro
HT 27b	0	1	0	0	AB73	mi
HT 27b	0	1	0	1	AB01	da
HT 27b	2	0	0	0	AB03	pa
HT 27b	2	0	0	1	AB09	se
HT 28a	0	0	0	0	AB08	a
HT 28a	0	0	0	1	AB41	si
HT 28a	0	0	0	2	AB57	ja
HT 28a	0	0	0	3	AB77	ka
HT 28a	1	0	0	0	AB57	ja
HT 28a	1	0	0	1	AB21	qi
HT 28a	2	0	0	0	AB31	sa
HT 28a	2	0	0	1	AB72	
HT 28a	3	0	0	0	AB08	a
HT 28a	3	0	0	1	AB26	ru
HT 28a	3	0	0	2	AB01	da
HT 28a	3	0	0	3	AB60	ra
HT 28a	4	0	0	0	AB28	i
HT 28a	4	0	0	1	AB59	ta
HT 28a	4	0	0	2	AB57	ja
HT 28b	0	0	0	0	AB08	a
HT 28b	0	0	0	1	AB41	si
HT 28b	0	0	0	2	AB57	ja
HT 28b	0	0	0	3	AB77	ka
HT 28b	1	0	0	0	AB10	u
HT 28b	1	0	0	1	AB73	mi
HT 28b	1	0	0	2	AB06	na
HT 28b	1	0	0	3	AB41	si
HT 28b	2	0	0	0	AB31	sa
HT 28b	2	0	0	1	AB76	ra
HT 28b	3	0	0	0	AB50	pu
HT 28b	3	0	0	1	AB76	ra
HT 28b	4	0	0	0	AB57	ja
HT 28b	4	0	0	1	AB21	qi
HT 28b	5	0	0	0	AB40	wi
HT 28b	5	0	0	1	AB07	di
HT 28b	5	0	0	2	AB06	na
HT 29	0	0	0	0	AB26	ru
HT 29	0	0	0	1	AB80	ma
HT 29	0	0	0	2	AB59	ta
HT 29	1	0	0	0	AB03	pa
HT 29	1	0	0	1	AB57	ja
HT 29	1	0	0	2	AB27	re
HT 29	2	2	0	0	AB07	di
HT 29	2	2	0	1	AB57	ja
HT 29	2	2	0	2	AB28	i
HT 29	3	0	0	0	AB31	sa
HT 29	3	0	0	1	A323	
HT 29	3	0	0	2	AB73	mi
HT 29	4	0	0	0	A340	
HT 29	4	0	0	1	AB67	ki
HT 29	4	0	0	2	AB59	ta
HT 29	5	0	0	0	AB08	a
HT 29	5	0	0	1	AB27	re
HT 29	5	0	0	2	AB01	da
HT 29	5	0	0	3	AB28	i
HT 29	6	0	0	0	AB77	ka
HT 29	6	0	0	1	AB51	du
HT 29	6	0	0	2	AB80	ma
HT 29	6	0	0	3	AB24	ne
HT 3	0	2	0	0	AB80	ma
HT 3	0	2	0	1	AB07	di
HT 3	1	0	1	0	AB07	di
HT 3	1	0	1	1	AB06	na
HT 3	2	0	0	0	AB78	qe
HT 3	2	0	0	1	AB76	ra
HT 3	2	0	0	2	AB57	ja
HT 3	4	0	0	0	AB23	mu
HT 3	4	0	0	1	AB26	ru
HT 3	5	0	2	0	AB26	ru
HT 3	6	2	0	0	AB41	si
HT 3	6	2	0	1	AB69	tu
HT 3	6	2	0	2	AB76	ra
HT 3	6	2	0	3	AB27	re
HT 3	8	2	0	0	AB81	ku
HT 3	8	2	0	1	AB56	
HT 3	8	2	0	2	AB55	nu
HT 3	9	2	0	0	AB80	ma
HT 3	9	2	0	1	AB07	di
HT 3	10	0	2	0	AB01	da
HT 30	0	0	0	0	AB31	sa
HT 30	0	0	0	1	AB76	ra
HT 30	1	0	0	0	AB31	sa
HT 30	1	0	0	1	AB60	ra
HT 30	1	0	0	2	AB60	ra
HT 30	2	0	0	0	AB67	ki
HT 30	2	0	0	1	AB02	ro
HT 31	0	0	0	0	AB37	ti
HT 31	0	0	0	1	AB31	sa
HT 31	1	0	0	0	AB50	pu
HT 31	1	0	0	1	AB70	ko
HT 31	2	0	0	0	AB16	qa
HT 31	2	0	0	1	AB56	
HT 31	3	0	0	0	AB58	su
HT 31	3	0	0	1	AB50	pu
HT 31	4	0	0	0	AB77	ka
HT 31	4	0	0	1	AB02	ro
HT 31	4	0	0	2	AB56	
HT 31	5	0	0	0	AB31	sa
HT 31	5	0	0	1	AB57	ja
HT 31	5	0	0	2	AB80	ma
HT 31	6	0	0	0	AB67	ki
HT 31	6	0	0	1	AB45	de
HT 31	6	0	0	2	AB80	ma
HT 31	6	0	0	3	A323	
HT 31	6	0	0	4	AB06	na
HT 31	7	0	0	0	AB58	su
HT 31	7	0	0	1	AB56	
HT 31	7	0	0	2	AB60	ra
HT 31	8	0	0	0	AB03	pa
HT 31	8	0	0	1	AB59	ta
HT 31	8	0	0	2	AB78	qe
HT 32	0	0	0	0	AB31	sa
HT 32	0	0	0	1	AB76	ra
HT 32	1	0	0	0	AB58	su
HT 32	1	0	0	1	AB27	re
HT 33	1	0	0	0	AB31	sa
HT 33	1	0	0	1	AB76	ra
HT 34	0	0	0	0	AB01	da
HT 34	0	0	0	1	AB65	ju
HT 34	0	0	0	2	AB04	te
HT 34	1	0	0	0	AB41	si
HT 34	1	0	0	1	A516	
HT 34	2	0	0	0	AB31	sa
HT 34	2	0	0	1	AB76	ra
HT 34	3	0	0	0	AB67	ki
HT 34	3	0	0	1	AB02	ro
HT 35	0	0	0	0	AB37	ti
HT 35	0	0	0	1	AB37	ti
HT 35	0	0	0	2	AB81	ku
HT 35	1	0	0	0	AB28	i
HT 35	1	0	0	1	AB81	ku
HT 35	1	0	0	2	AB59	ta
HT 36	0	0	0	0	AB46	je
HT 36	0	0	0	1	AB07	di
HT 36	1	0	0	0	AB51	du
HT 36	1	0	0	1	AB79	
HT 36	1	0	0	2	AB54	wa
HT 37	0	0	0	0	AB77	ka
HT 37	0	0	0	1	AB67	ki
HT 37	1	2	0	0	AB27	re
HT 37	1	2	0	1	AB58	su
HT 37	3	0	0	0	AB67	ki
HT 37	3	0	0	1	A310	
HT 37	3	0	0	2	AB27	re
HT 37	4	0	0	0	AB67	ki
HT 37	4	0	0	1	AB02	ro
HT 37	5	0	0	0	AB77	ka
HT 37	5	0	0	1	AB67	ki
HT 37	6	0	0	0	AB08	a
HT 37	6	0	0	1	AB06	na
HT 37	7	0	0	0	AB78	qe
HT 38	0	0	0	0	AB01	da
HT 38	0	0	0	1	AB02	ro
HT 38	0	0	0	2	AB03	pa
HT 39	0	0	0	0	AB59	ta
HT 39	0	0	0	1	AB28	i
HT 39	0	0	0	2	AB123	
HT 39	1	0	0	0	AB81	ku
HT 39	1	0	0	1	AB27	re
HT 39	1	0	0	2	AB65	ju
HT 39	2	0	2	0	AB81	ku
HT 39	3	0	0	0	AB31	sa
HT 39	3	0	0	1	AB80	ma
HT 39	3	0	0	2	AB37	ti
HT 39	4	0	2	0	AB81	ku
HT 39	4	0	2	1	AB27	re
HT 39	5	0	0	0	AB81	ku
HT 39	5	0	0	1	AB02	ro
HT 4	0	2	2	0	A306	
HT 4	0	2	2	1	AB37	ti
HT 4	0	2	2	2	AB77	ka
HT 4	0	2	2	3	AB08	a
HT 4	0	2	2	4	AB27	re
HT 4	1	2	0	0	AB51	du
HT 4	1	2	0	1	AB53	ri
HT 4	1	2	0	2	AB04	te
HT 4	2	0	2	0	AB03	pa
HT 4	2	0	2	1	AB27	re
HT 4	3	2	0	0	AB59	ta
HT 4	3	2	0	1	AB39	pi
HT 4	3	2	0	2	AB41	si
HT 4	3	2	0	3	AB07	di
HT 40	0	0	0	0	AB55	nu
HT 40	0	0	0	1	AB51	du
HT 40	0	0	0	2	A331	
HT 40	1	0	0	0	AB67	ki
HT 40	1	0	0	1	AB01	da
HT 40	1	0	0	2	AB59	ta
HT 40	2	0	2	0	AB81	ku
HT 40	2	0	2	1	AB02	ro
HT 40	3	2	2	0	AB81	ku
HT 41a	0	2	0	0	AB78	qe
HT 41a	0	2	0	1	AB69	tu
HT 41a	1	0	0	0	AB73	mi
HT 41a	1	0	0	1	AB01	da
HT 41a	1	0	0	2	AB30	ni
HT 41a	2	0	0	0	AB03	pa
HT 41a	2	0	0	1	AB57	ja
HT 42+59	0	1	0	0	AB59	ta
HT 42+59	1	0	0	0	AB31	sa
HT 42+59	1	0	0	1	AB02	ro
HT 42+59	2	0	1	0	AB81	ku
HT 42+59	3	0	2	0	AB58	su
HT 42+59	3	0	2	1	AB51	du
HT 42+59	4	1	0	0	AB27	re
HT 42+59	4	1	0	1	AB69	tu
HT 43	0	0	0	0	AB80	ma
HT 43	0	0	0	1	AB41	si
HT 43	0	0	0	2	AB51	du
HT 43	1	0	0	0	AB03	pa
HT 43	1	0	0	1	A342	
HT 43	1	0	0	2	AB28	i
HT 44a	0	0	0	0	AB28	i
HT 44a	0	0	0	1	AB16	qa
HT 44a	0	0	0	2	AB118	
HT 44b	0	2	0	0	AB57	ja
HT 45a	0	0	2	0	AB03	pa
HT 45b	0	2	0	0	AB81	ku
HT 45b	1	0	0	0	AB02	ro
HT 45b	1	0	0	1	AB08	a
HT 46a	0	2	0	0	AB23	mu
HT 46a	0	2	0	1	AB26	ru
HT 46a	2	0	0	0	AB81	ku
HT 46a	2	0	0	1	AB02	ro
HT 47a	0	0	2	0	AB77	ka
HT 47a	1	0	0	0	AB81	ku
HT 47a	1	0	0	1	AB56	
HT 47a	1	0	0	2	AB06	na
HT 47a	1	0	0	3	AB69	tu
HT 47a	2	2	0	0	AB51	du
HT 47a	3	0	2	0	AB10	u
HT 47a	4	2	0	0	AB39	pi
HT 47a	5	0	2	0	AB67	ki
HT 47a	5	0	2	1	AB01	da
HT 47a	5	0	2	2	AB02	ro
HT 47a	7	1	0	0	AB73	mi
HT 47a	7	1	0	1	AB55	nu
HT 47a	7	1	0	2	AB73	mi
HT 47b	0	2	0	0	AB60	ra
HT 47b	0	2	0	1	AB06	na
HT 47b	0	2	0	2	AB27	re
HT 49a	0	0	2	0	AB76	ra
HT 49a	0	0	2	1	AB51	du
HT 49a	1	2	0	0	AB59	ta
HT 49a	1	2	0	1	AB06	na
HT 49a	1	2	0	2	AB37	ti
HT 49a	3	1	0	0	AB53	ri
HT 49a	4	0	2	0	AB58	su
HT 49a	4	0	2	1	AB67	ki
HT 49a	6	0	0	0	AB37	ti
HT 49a	6	0	0	1	AB51	du
HT 49a	6	0	0	2	AB30	ni
HT 49a	8	2	0	0	AB41	si
HT 49a	8	2	0	1	AB60	ra
HT 49a	9	0	0	0	AB08	a
HT 49a	9	0	0	1	AB26	ru
HT 49a	10	0	0	0	AB81	ku
HT 49a	10	0	0	1	AB56	
HT 49a	10	0	0	2	AB55	nu
HT 49a	11	0	0	0	AB69	tu
HT 49a	11	0	0	1	AB58	su
HT 49a	11	0	0	2	AB29	pu
HT 49b	0	2	2	0	AB81	ku
HT 49b	1	2	2	0	AB28	i
HT 49b	2	2	2	0	AB59	ta
HT 49b	4	2	2	0	AB77	ka
HT 5	0	2	2	0	A307	
HT 5	1	2	0	0	AB80	ma
HT 5	1	2	0	1	AB41	si
HT 5	2	2	0	0	AB40	wi
HT 5	2	2	0	1	AB51	du
HT 51a	0	0	2	0	AB37	ti
HT 51a	0	0	2	1	AB30	ni
HT 51a	1	2	2	0	AB27	re
HT 51b	0	2	0	0	AB81	ku
HT 51b	0	2	0	1	AB13	me
HT 51b	0	2	0	2	AB59	ta
HT 51b	1	2	0	0	AB79	
HT 51b	1	2	0	1	AB51	du
HT 51b	2	0	2	0	AB41	si
HT 52a	0	0	0	0	AB31	sa
HT 52a	0	0	0	1	AB80	ma
HT 52a	1	0	0	0	AB07	di
HT 52a	1	0	0	1	AB77	ka
HT 52a	1	0	0	2	AB69	tu
HT 52b	0	2	0	0	AB24	ne
HT 53a	1	2	2	0	AB31	sa
HT 53a	1	2	2	1	AB24	ne
HT 53a	4	1	1	0	AB60	ra
HT 53b	1	2	2	0	AB81	ku
HT 53b	1	2	2	1	AB27	re
HT 54a	1	2	2	0	AB81	ku
HT 54a	1	2	2	1	AB73	mi
HT 54a	1	2	2	2	AB06	na
HT 54a	1	2	2	3	AB78	qe
HT 54a	2	2	0	0	AB67	ki
HT 54a	3	2	2	0	AB73	mi
HT 54a	3	2	2	1	AB76	ra
HT 54b	0	0	2	0	AB67	ki
HT 55a	0	2	0	0	AB67	ki
HT 55a	0	2	0	1	AB02	ro
HT 55a	1	0	0	0	AB80	ma
HT 55a	1	0	0	1	AB27	re
HT 55a	2	0	0	0	AB41	si
HT 55a	2	0	0	1	AB26	ru
HT 55a	3	0	1	0	AB24	ne
HT 55a	4	2	0	0	AB69	tu
HT 55b	0	1	0	0	AB04	te
HT 55b	1	0	2	0	AB78	qe
HT 55b	2	1	0	0	AB53	ri
HT 55b	2	1	0	1	AB57	ja
HT 55b	3	0	1	0	AB28	i
HT 56a	0	0	1	0	AB31	sa
HT 56a	1	0	2	0	AB10	u
HT 57a	0	0	2	0	AB01	da
HT 57a	0	0	2	1	AB78	qe
HT 57a	0	0	2	2	AB60	ra
HT 57a	1	0	2	0	AB08	a
HT 58	0	0	0	0	AB78	qe
HT 58	0	0	0	1	AB37	ti
HT 58	0	0	0	2	AB60	ra
HT 58	0	0	0	3	AB51	du
HT 58	1	2	1	0	AB10	u
HT 61	0	2	0	0	AB73	mi
HT 61	0	2	0	1	AB37	ti
HT 62+73	0	1	0	0	AB31	sa
HT 62+73	0	1	0	1	AB60	ra
HT 62+73	1	2	0	0	AB06	na
HT 62+73	2	0	0	0	AB77	ka
HT 62+73	2	0	0	1	AB81	ku
HT 62+73	3	0	0	0	AB28	i
HT 62+73	3	0	0	1	AB37	ti
HT 62+73	4	2	0	0	AB100	
HT 62+73	5	0	2	0	AB70	ko
HT 62+73	6	2	0	0	AB55	nu
HT 62+73	7	2	2	0	AB81	ku
HT 62+73	8	0	0	0	AB03	pa
HT 62+73	8	0	0	1	AB28	i
HT 62+73	8	0	0	2	AB67	ki
HT 62+73	9	0	0	0	AB31	sa
HT 62+73	9	0	0	1	AB02	ro
HT 62+73	9	0	0	2	AB78	qe
HT 63	0	0	0	0	AB77	ka
HT 63	0	0	0	1	AB37	ti
HT 63	1	0	2	0	AB58	su
HT 63	1	0	2	1	AB29	pu
HT 63	2	1	0	0	AB79	
HT 64	0	1	0	0	AB81	ku
HT 64	0	1	0	1	AB79	
HT 64	0	1	0	2	AB06	na
HT 64	1	2	0	0	AB06	na
HT 64	2	0	2	0	AB26	ru
HT 64	2	0	2	1	AB80	ma
HT 66	0	2	0	0	AB07	di
HT 66	1	0	1	0	AB59	ta
HT 66	2	2	2	0	AB59	ta
HT 66	2	2	2	1	AB73	mi
HT 66	3	2	0	0	AB27	re
HT 68	0	1	0	0	AB65	ju
HT 69	0	2	0	0	AB80	ma
HT 69	0	2	0	1	AB07	di
HT 6a	0	0	0	0	AB77	ka
HT 6a	0	0	0	1	AB03	pa
HT 6a	1	0	0	0	AB01	da
HT 6a	1	0	0	1	AB59	ta
HT 6a	1	0	0	2	AB60	ra
HT 6a	2	0	0	0	AB39	pi
HT 6a	2	0	0	1	AB59	ta
HT 6a	2	0	0	2	AB57	ja
HT 6a	3	1	0	0	A717	
HT 6a	4	0	0	0	AB80	ma
HT 6a	4	0	0	1	A321	
HT 6a	5	0	0	0	AB61	o
HT 6a	5	0	0	1	AB76	ra
HT 6a	5	0	0	2	AB07	di
HT 6a	5	0	0	3	AB24	ne
HT 6a	6	0	0	0	AB77	ka
HT 6a	6	0	0	1	AB03	pa
HT 6a	6	0	0	2	AB78	qe
HT 6a	7	0	0	0	AB01	da
HT 6a	7	0	0	1	AB78	qe
HT 6a	7	0	0	2	AB60	ra
HT 6a	8	0	0	0	AB78	qe
HT 6a	8	0	0	1	AB39	pi
HT 6a	8	0	0	2	AB59	ta
HT 6b	0	0	0	0	AB54	wa
HT 6b	0	0	0	1	AB51	du
HT 6b	0	0	0	2	AB30	ni
HT 6b	0	0	0	3	AB73	mi
HT 6b	1	0	0	0	AB60	ra
HT 6b	1	0	0	1	AB37	ti
HT 6b	1	0	0	2	AB09	se
HT 6b	2	0	0	0	AB80	ma
HT 6b	2	0	0	1	AB53	ri
HT 6b	2	0	0	2	AB28	i
HT 6b	3	0	0	0	AB51	du
HT 6b	3	0	0	1	AB01	da
HT 6b	3	0	0	2	AB80	ma
HT 6b	4	0	0	0	AB51	du
HT 6b	4	0	0	1	AB67	ki
HT 6b	5	0	0	0	AB31	sa
HT 6b	5	0	0	1	AB80	ma
HT 6b	6	0	0	0	AB56	
HT 6b	6	0	0	1	AB30	ni
HT 6b	6	0	0	2	AB06	na
HT 70	0	2	0	0	AB16	qa
HT 70	0	2	0	1	AB118	
HT 70	0	2	0	2	AB31	sa
HT 72	0	0	2	0	AB41	si
HT 72	0	0	2	1	AB100	
HT 74	0	0	0	0	AB81	ku
HT 74	0	0	0	1	AB02	ro
HT 75	0	0	2	0	AB77	ka
HT 75	0	0	2	1	AB26	ru
HT 78	0	2	2	0	AB23	mu
HT 78	0	2	2	1	A312	
HT 79+83	0	2	0	0	AB28	i
HT 79+83	1	2	0	0	AB77	ka
HT 79+83	2	0	2	0	AB01	da
HT 79+83	2	0	2	1	AB56	
HT 79+83	3	2	0	0	AB69	tu
HT 79+83	3	2	0	1	AB03	pa
HT 79+83	3	2	0	2	AB53	ri
HT 79+83	4	2	0	0	AB69	tu
HT 79+83	5	2	2	0	AB81	ku
HT 79+83	5	2	2	1	AB30	ni
HT 79+83	6	1	0	0	AB79	
HT 7a	0	0	0	0	AB78	qe
HT 7a	0	0	0	1	AB37	ti
HT 7a	1	0	0	0	AB28	i
HT 7a	1	0	0	1	AB26	ru
HT 7a	1	0	0	2	AB57	ja
HT 7a	2	0	0	0	AB51	du
HT 7a	2	0	0	1	AB57	ja
HT 7a	3	0	0	0	AB59	ta
HT 7a	3	0	0	1	AB06	na
HT 7a	3	0	0	2	AB37	ti
HT 7a	4	0	0	0	AB01	da
HT 7a	4	0	0	1	AB27	re
HT 7a	5	0	0	0	AB04	te
HT 7a	5	0	0	1	AB69	tu
HT 7b	0	0	0	0	AB21	qi
HT 7b	0	0	0	1	AB69	tu
HT 7b	0	0	0	2	AB24	ne
HT 7b	1	0	0	0	AB01	da
HT 7b	1	0	0	1	AB26	ru
HT 7b	1	0	0	2	A329	
HT 80	0	2	0	0	AB65	ju
HT 80	0	2	0	1	AB60	ra
HT 81	0	0	0	0	AB08	a
HT 81	0	0	0	1	AB09	se
HT 81	1	2	0	0	AB53	ri
HT 81	1	2	0	1	AB58	su
HT 81	1	2	0	2	AB80	ma
HT 81	2	0	2	0	AB67	ki
HT 84	0	0	2	0	AB21	qi
HT 84	0	0	2	1	AB57	ja
HT 84	0	0	2	2	AB51	du
HT 84	2	2	0	0	AB55	nu
HT 84	2	2	0	1	AB37	ti
HT 85a	0	0	0	0	AB08	a
HT 85a	0	0	0	1	AB51	du
HT 85a	1	0	0	0	AB01	da
HT 85a	1	0	0	1	AB53	ri
HT 85a	1	0	0	2	AB01	da
HT 85a	2	0	0	0	AB56	
HT 85a	2	0	0	1	AB30	ni
HT 85a	3	0	0	0	AB10	u
HT 85a	3	0	0	1	A325	
HT 85a	3	0	0	2	AB17	za
HT 85a	4	0	0	0	AB01	da
HT 85a	4	0	0	1	AB41	si
HT 85a	4	0	0	2	AB118	
HT 85a	5	0	0	0	AB81	ku
HT 85a	5	0	0	1	AB79	
HT 85a	5	0	0	2	AB30	ni
HT 85a	6	0	0	0	AB04	te
HT 85a	6	0	0	1	AB44	ke
HT 85a	7	0	0	0	AB01	da
HT 85a	7	0	0	1	AB27	re
HT 85a	8	0	0	0	AB81	ku
HT 85a	8	0	0	1	AB02	ro
HT 85b	0	0	0	0	AB67	ki
HT 85b	0	0	0	1	AB67	ki
HT 85b	0	0	0	2	AB60	ra
HT 85b	0	0	0	3	AB57	ja
HT 85b	1	0	0	0	AB67	ki
HT 85b	1	0	0	1	AB27	re
HT 85b	1	0	0	2	AB66	ta
HT 85b	2	0	0	0	AB78	qe
HT 85b	2	0	0	1	AB77	ka
HT 85b	3	0	0	0	AB04	te
HT 85b	3	0	0	1	AB69	tu
HT 85b	4	0	0	0	AB13	me
HT 85b	4	0	0	1	AB17	za
HT 85b	5	0	0	0	AB27	re
HT 85b	5	0	0	1	AB07	di
HT 85b	5	0	0	2	AB09	se
HT 85b	6	0	0	0	AB54	wa
HT 85b	6	0	0	1	AB51	du
HT 85b	6	0	0	2	AB30	ni
HT 85b	6	0	0	3	AB73	mi
HT 85b	7	0	0	0	AB80	ma
HT 85b	7	0	0	1	AB07	di
HT 85b	8	0	0	0	AB16	qa
HT 85b	8	0	0	1	A310	
HT 85b	8	0	0	2	AB28	i
HT 86a	0	0	0	0	AB08	a
HT 86a	0	0	0	1	AB77	ka
HT 86a	0	0	0	2	AB26	ru
HT 86a	1	0	0	0	AB81	ku
HT 86a	1	0	0	1	AB30	ni
HT 86a	1	0	0	2	AB58	su
HT 86a	2	0	0	0	AB31	sa
HT 86a	2	0	0	1	AB26	ru
HT 86a	3	0	0	0	AB07	di
HT 86a	3	0	0	1	AB45	de
HT 86a	3	0	0	2	AB26	ru
HT 86a	4	0	0	0	AB16	qa
HT 86a	4	0	0	1	AB76	ra
HT 86a	4	0	0	2	AB54	wa
HT 86a	5	0	0	0	AB08	a
HT 86a	5	0	0	1	AB51	du
HT 86a	6	0	0	0	AB01	da
HT 86a	6	0	0	1	AB13	me
HT 86a	7	0	0	0	AB73	mi
HT 86a	7	0	0	1	AB55	nu
HT 86a	7	0	0	2	AB04	te
HT 86b	0	0	0	0	AB08	a
HT 86b	0	0	0	1	AB77	ka
HT 86b	0	0	0	2	AB26	ru
HT 86b	1	0	0	0	AB81	ku
HT 86b	1	0	0	1	AB30	ni
HT 86b	1	0	0	2	AB58	su
HT 86b	2	0	0	0	AB31	sa
HT 86b	2	0	0	1	AB26	ru
HT 86b	3	0	0	0	AB07	di
HT 86b	3	0	0	1	AB45	de
HT 87	0	0	0	0	AB21	qi
HT 87	0	0	0	1	AB69	tu
HT 87	0	0	0	2	AB24	ne
HT 87	1	0	0	0	AB80	ma
HT 87	1	0	0	1	AB77	ka
HT 87	1	0	0	2	AB53	ri
HT 87	1	0	0	3	AB04	te
HT 87	2	0	0	0	AB39	pi
HT 87	2	0	0	1	AB59	ta
HT 87	2	0	0	2	AB44	ke
HT 87	2	0	0	3	AB41	si
HT 87	3	0	0	0	AB57	ja
HT 87	3	0	0	1	AB27	re
HT 87	3	0	0	2	AB73	mi
HT 87	4	0	0	0	AB07	di
HT 87	4	0	0	1	AB67	ki
HT 87	4	0	0	2	AB09	se
HT 87	5	0	0	0	AB78	qe
HT 87	5	0	0	1	AB58	su
HT 87	5	0	0	2	AB50	pu
HT 87	6	0	0	0	AB81	ku
HT 87	6	0	0	1	AB26	ru
HT 87	6	0	0	2	AB81	ku
HT 87	7	0	0	0	AB08	a
HT 87	7	0	0	1	AB60	ra
HT 87	7	0	0	2	AB08	a
HT 87	7	0	0	3	AB69	tu
HT 88	0	0	0	0	AB08	a
HT 88	0	0	0	1	AB51	du
HT 88	1	0	0	0	AB27	re
HT 88	1	0	0	1	AB17	za
HT 88	2	0	0	0	AB67	ki
HT 88	2	0	0	1	AB67	ki
HT 88	2	0	0	2	AB06	na
HT 88	3	0	0	0	AB67	ki
HT 88	3	0	0	1	AB02	ro
HT 88	4	0	0	0	AB81	ku
HT 88	4	0	0	1	AB56	
HT 88	4	0	0	2	AB56	
HT 88	5	0	0	0	AB77	ka
HT 88	5	0	0	1	AB65	ju
HT 88	6	0	0	0	AB81	ku
HT 88	6	0	0	1	AB56	
HT 88	6	0	0	2	AB55	nu
HT 88	7	0	0	0	AB03	pa
HT 88	7	0	0	1	AB57	ja
HT 88	7	0	0	2	AB27	re
HT 88	8	0	0	0	AB31	sa
HT 88	8	0	0	1	AB80	ma
HT 88	8	0	0	2	AB02	ro
HT 88	9	0	0	0	AB01	da
HT 88	9	0	0	1	AB59	ta
HT 88	9	0	0	2	AB27	re
HT 88	10	0	0	0	AB81	ku
HT 88	10	0	0	1	AB02	ro
HT 89	0	0	0	0	AB08	a
HT 89	0	0	0	1	AB31	sa
HT 89	0	0	0	2	AB76	ra
HT 89	1	0	0	0	AB80	ma
HT 89	1	0	0	1	AB28	i
HT 89	1	0	0	2	AB73	mi
HT 89	2	0	0	0	AB59	ta
HT 89	2	0	0	1	AB60	ra
HT 89	3	0	0	0	AB81	ku
HT 89	3	0	0	1	AB02	ro
HT 89	4	1	0	0	AB131	
HT 8a	0	0	0	0	AB46	je
HT 8a	0	0	0	1	AB07	di
HT 8a	1	0	0	0	AB56	
HT 8a	1	0	0	1	AB77	ka
HT 8a	1	0	0	2	AB60	ra
HT 8a	1	0	0	3	AB37	ti
HT 8a	2	0	0	0	AB04	te
HT 8a	2	0	0	1	A301	
HT 8a	3	0	0	0	AB16	qa
HT 8a	3	0	0	1	A310	
HT 8a	3	0	0	2	AB28	i
HT 8a	4	0	0	0	AB41	si
HT 8a	4	0	0	1	AB67	ki
HT 8a	4	0	0	2	AB60	ra
HT 8a	5	0	0	0	AB67	ki
HT 8a	5	0	0	1	AB27	re
HT 8a	5	0	0	2	AB59	ta
HT 8a	5	0	0	3	AB06	na
HT 8b	0	0	0	0	AB58	su
HT 8b	0	0	0	1	AB29	pu
HT 8b	0	0	0	2	AB188	
HT 8b	1	0	0	0	AB56	
HT 8b	1	0	0	1	AB188	
HT 8b	2	0	0	0	AB16	qa
HT 8b	2	0	0	1	A310	
HT 8b	2	0	0	2	AB28	i
HT 8b	3	0	0	0	AB77	ka
HT 8b	3	0	0	1	AB03	pa
HT 8b	4	0	0	0	AB03	pa
HT 8b	4	0	0	1	AB57	ja
HT 8b	4	0	0	2	AB27	re
HT 90	0	0	0	0	AB28	i
HT 90	0	0	0	1	AB81	ku
HT 90	0	0	0	2	AB53	ri
HT 90	0	0	0	3	AB06	na
HT 90	1	0	0	0	AB31	sa
HT 90	1	0	0	1	AB76	ra
HT 90	2	0	0	0	AB41	si
HT 90	2	0	0	1	AB26	ru
HT 90	2	0	0	2	AB80	ma
HT 90	2	0	0	3	AB53	ri
HT 90	2	0	0	4	AB66	ta
HT 91	0	0	0	0	AB28	i
HT 91	0	0	0	1	AB77	ka
HT 91	1	0	0	0	AB04	te
HT 91	1	0	0	1	AB53	ri
HT 92	0	0	0	0	AB08	a
HT 92	0	0	0	1	AB51	du
HT 93a	0	0	0	0	AB56	
HT 93a	0	0	0	1	AB30	ni
HT 93a	0	0	0	2	AB06	na
HT 93a	1	0	0	0	AB07	di
HT 93a	1	0	0	1	AB53	ri
HT 93a	1	0	0	2	AB06	na
HT 93a	2	0	0	0	AB67	ki
HT 93a	2	0	0	1	AB07	di
HT 93a	2	0	0	2	AB30	ni
HT 93a	3	0	0	0	AB08	a
HT 93a	3	0	0	1	AB09	se
HT 93a	4	0	0	0	AB31	sa
HT 93a	4	0	0	1	AB76	ra
HT 93a	5	0	0	0	AB16	qa
HT 93a	5	0	0	1	AB16	qa
HT 93a	5	0	0	2	AB26	ru
HT 93a	6	0	0	0	AB100	
HT 93a	6	0	0	1	AB28	i
HT 93a	7	0	0	0	AB45	de
HT 93a	7	0	0	1	AB65	ju
HT 93a	7	0	0	2	AB81	ku
HT 93a	8	0	0	0	AB61	o
HT 93a	8	0	0	1	AB37	ti
HT 93a	9	0	0	0	AB01	da
HT 93a	9	0	0	1	AB53	ri
HT 93a	9	0	0	2	AB01	da
HT 93a	10	0	2	0	AB56	
HT 93a	10	0	2	1	AB30	ni
HT 93a	10	0	2	2	AB06	na
HT 93a	11	2	0	0	AB03	pa
HT 93a	11	2	0	1	AB09	se
HT 93a	11	2	0	2	AB57	ja
HT 93a	12	2	0	0	AB77	ka
HT 93b	0	0	0	0	AB67	ki
HT 93b	0	0	0	1	AB02	ro
HT 94a	0	0	0	0	AB77	ka
HT 94a	0	0	0	1	AB03	pa
HT 94a	1	0	0	0	AB81	ku
HT 94a	1	0	0	1	AB02	ro
HT 94a	2	0	0	0	AB31	sa
HT 94a	2	0	0	1	AB76	ra
HT 94a	3	0	0	0	A318	
HT 94a	3	0	0	1	A306	
HT 94b	0	0	0	0	AB67	ki
HT 94b	0	0	0	1	AB02	ro
HT 94b	1	0	0	0	AB69	tu
HT 94b	1	0	0	1	AB80	ma
HT 94b	2	0	0	0	AB03	pa
HT 94b	2	0	0	1	AB59	ta
HT 94b	2	0	0	2	AB24	ne
HT 94b	3	0	0	0	AB45	de
HT 94b	3	0	0	1	AB07	di
HT 94b	4	0	0	0	AB44	ke
HT 94b	4	0	0	1	AB67	ki
HT 94b	4	0	0	2	AB26	ru
HT 94b	5	0	0	0	AB31	sa
HT 94b	5	0	0	1	AB26	ru
HT 94b	6	0	0	0	AB81	ku
HT 94b	6	0	0	1	AB02	ro
HT 94b	7	0	0	0	AB60	ra
HT 94b	7	0	0	1	AB45	de
HT 94b	7	0	0	2	AB13	me
HT 94b	7	0	0	3	AB04	te
HT 94b	8	0	0	0	AB21	qi
HT 94b	8	0	0	1	AB69	tu
HT 95a	0	0	0	0	AB01	da
HT 95a	0	0	0	1	AB51	du
HT 95a	0	0	0	2	AB80	ma
HT 95a	0	0	0	3	AB59	ta
HT 95a	1	0	0	0	AB01	da
HT 95a	1	0	0	1	AB13	me
HT 95a	2	0	0	0	AB73	mi
HT 95a	2	0	0	1	AB55	nu
HT 95a	2	0	0	2	AB04	te
HT 95a	3	0	0	0	AB31	sa
HT 95a	3	0	0	1	AB26	ru
HT 95a	4	0	0	0	AB81	ku
HT 95a	4	0	0	1	AB30	ni
HT 95a	5	0	0	0	AB07	di
HT 95a	5	0	0	1	AB45	de
HT 95a	5	0	0	2	AB26	ru
HT 95a	5	0	0	3	AB78	qe
HT 95a	5	0	0	4	AB76	ra
HT 95a	5	0	0	5	AB10	u
HT 95b	0	0	0	0	AB08	a
HT 95b	0	0	0	1	AB51	du
HT 95b	1	0	0	0	AB31	sa
HT 95b	1	0	0	1	AB26	ru
HT 95b	2	0	0	0	AB01	da
HT 95b	2	0	0	1	AB17	za
HT 95b	3	0	0	0	AB73	mi
HT 95b	3	0	0	1	AB55	nu
HT 95b	3	0	0	2	AB04	te
HT 95b	4	0	0	0	AB81	ku
HT 95b	4	0	0	1	AB30	ni
HT 95b	4	0	0	2	AB58	su
HT 95b	5	0	0	0	AB07	di
HT 95b	5	0	0	1	AB45	de
HT 95b	5	0	0	2	AB26	ru
HT 95b	6	0	0	0	AB78	qe
HT 95b	6	0	0	1	AB76	ra
HT 95b	6	0	0	2	AB10	u
HT 96a	0	0	0	0	AB28	i
HT 96a	0	0	0	1	AB37	ti
HT 96a	0	0	0	2	AB37	ti
HT 96a	0	0	0	3	AB81	ku
HT 96a	0	0	0	4	AB30	ni
HT 96a	1	0	0	0	AB08	a
HT 96a	1	0	0	1	AB03	pa
HT 96a	1	0	0	2	AB60	ra
HT 96a	1	0	0	3	AB24	ne
HT 96a	2	0	0	0	AB08	a
HT 96a	2	0	0	1	AB123	
HT 96a	2	0	0	2	AB04	te
HT 96a	3	0	0	0	AB41	si
HT 96a	3	0	0	1	AB73	mi
HT 96a	3	0	0	2	AB59	ta
HT 96a	4	0	0	0	AB26	ru
HT 96a	4	0	0	1	AB31	sa
HT 96a	5	0	0	0	AB39	pi
HT 96a	5	0	0	1	AB59	ta
HT 96a	5	0	0	2	AB60	ra
HT 96a	6	1	0	0	AB81	ku
HT 96a	6	1	0	1	AB80	ma
HT 96a	6	1	0	2	AB02	ro
HT 96b	0	0	0	0	AB08	a
HT 96b	0	0	0	1	AB03	pa
HT 96b	0	0	0	2	AB60	ra
HT 96b	0	0	0	3	AB24	ne
HT 96b	1	0	0	0	AB16	qa
HT 96b	1	0	0	1	AB118	
HT 96b	1	0	0	2	AB60	ra
HT 96b	1	0	0	3	AB27	re
HT 97a	0	0	0	0	AB77	ka
HT 97a	0	0	0	1	AB26	ru
HT 97a	1	0	0	0	AB77	ka
HT 97a	1	0	0	1	AB55	nu
HT 97a	1	0	0	2	AB37	ti
HT 97a	2	0	0	0	AB03	pa
HT 97a	2	0	0	1	AB28	i
HT 97a	2	0	0	2	AB05	to
HT 97a	3	0	0	0	AB06	na
HT 97a	3	0	0	1	AB37	ti
HT 97a	3	0	0	2	AB80	ma
HT 97a	3	0	0	3	AB07	di
HT 97a	4	0	0	0	AB59	ta
HT 97a	4	0	0	1	AB37	ti
HT 97a	5	0	0	0	AB45	de
HT 97a	6	2	0	0	AB08	a
HT 97b	0	0	0	0	AB31	sa
HT 97b	0	0	0	1	AB76	ra
HT 98a	1	2	0	0	AB45	de
HT 98a	2	2	0	0	AB69	tu
HT 98a	3	0	0	0	AB59	ta
HT 98a	3	0	0	1	AB06	na
HT 98a	3	0	0	2	AB37	ti
HT 98a	4	0	0	0	AB07	di
HT 98a	4	0	0	1	AB27	re
HT 98a	4	0	0	2	AB07	di
HT 98a	4	0	0	3	AB06	na
HT 98a	5	0	0	0	AB04	te
HT 98a	5	0	0	1	A301	
HT 98a	6	0	0	0	AB02	ro
HT 98a	6	0	0	1	AB44	ke
HT 98a	7	0	0	0	AB77	ka
HT 98a	7	0	0	1	AB53	ri
HT 98a	7	0	0	2	A310	
HT 98a	7	0	0	3	AB28	i
HT 98b	0	0	0	0	AB01	da
HT 98b	0	0	0	1	AB26	ru
HT 98b	0	0	0	2	AB24	ne
HT 98b	0	0	0	3	AB04	te
HT 99a	0	0	0	0	AB08	a
HT 99a	0	0	0	1	AB51	du
HT 99a	1	0	0	0	AB31	sa
HT 99a	1	0	0	1	AB76	ra
HT 99b	0	0	0	0	AB01	da
HT 99b	0	0	0	1	AB41	si
HT 99b	0	0	0	2	AB118	
HT 99b	1	0	0	0	AB79	
HT 99b	1	0	0	1	AB51	du
HT 99b	2	0	0	0	AB26	ru
HT 99b	2	0	0	1	AB80	ma
HT 99b	2	0	0	2	AB59	ta
HT 9a	0	0	0	0	AB31	sa
HT 9a	0	0	0	1	AB02	ro
HT 9a	1	0	0	0	AB03	pa
HT 9a	1	0	0	1	AB45	de
HT 9a	2	0	0	0	A306	
HT 9a	2	0	0	1	AB69	tu
HT 9a	3	0	0	0	AB07	di
HT 9a	3	0	0	1	AB06	na
HT 9a	3	0	0	2	AB10	u
HT 9a	4	0	0	0	AB78	qe
HT 9a	4	0	0	1	AB50	pu
HT 9a	5	0	0	0	A324	
HT 9a	5	0	0	1	AB07	di
HT 9a	5	0	0	2	AB60	ra
HT 9a	6	0	0	0	AB59	ta
HT 9a	6	0	0	1	AB28	i
HT 9a	6	0	0	2	AB123	
HT 9a	7	0	0	0	AB08	a
HT 9a	7	0	0	1	AB26	ru
HT 9a	7	0	0	2	AB81	ku
HT 9a	7	0	0	3	AB02	ro
HT 9b	0	0	0	0	AB54	wa
HT 9b	0	0	0	1	AB57	ja
HT 9b	0	0	0	2	AB39	pi
HT 9b	1	0	0	0	AB77	ka
HT 9b	1	0	0	1	A305	
HT 9b	2	0	0	0	AB03	pa
HT 9b	2	0	0	1	AB45	de
HT 9b	3	0	0	0	AB08	a
HT 9b	3	0	0	1	AB41	si
HT 9b	4	0	0	0	A306	
HT 9b	4	0	0	1	AB69	tu
HT 9b	5	0	0	0	A324	
HT 9b	5	0	0	1	AB07	di
HT 9b	5	0	0	2	AB60	ra
HT 9b	6	0	0	0	AB78	qe
HT 9b	6	0	0	1	AB50	pu
HT 9b	7	0	0	0	AB59	ta
HT 9b	7	0	0	1	AB28	i
HT 9b	7	0	0	2	AB123	
HT 9b	8	0	0	0	AB07	di
HT 9b	8	0	0	1	AB06	na
HT 9b	8	0	0	2	AB10	u
HT 9b	9	0	0	0	AB81	ku
HT 9b	9	0	0	1	AB02	ro
HT Wa 1001	0	0	0	0	AB01	da
HT Wa 1001	0	0	0	1	AB77	ka
HT Wa 1002	0	0	0	0	AB01	da
HT Wa 1002	0	0	0	1	AB77	ka
HT Wa 1003	0	0	0	0	AB01	da
HT Wa 1003	0	0	0	1	AB77	ka
HT Wa 1004	0	0	0	0	AB01	da
HT Wa 1004	0	0	0	1	AB77	ka
HT Wa 1005	0	0	0	0	AB01	da
HT Wa 1005	0	0	0	1	AB77	ka
HT Wa 1006	0	0	0	0	AB28	i
HT Wa 1006	0	0	0	1	AB76	ra
HT Wa 1007	0	0	0	0	AB28	i
HT Wa 1007	0	0	0	1	AB76	ra
HT Wa 1008	0	0	0	0	AB28	i
HT Wa 1008	0	0	0	1	AB76	ra
HT Wa 1009	0	0	0	0	AB28	i
HT Wa 1009	0	0	0	1	AB76	ra
HT Wa 1010	0	0	0	0	AB28	i
HT Wa 1010	0	0	0	1	AB76	ra
HT Wa 1011	0	0	0	0	AB28	i
HT Wa 1011	0	0	0	1	AB76	ra
HT Wa 1012	0	0	0	0	AB28	i
HT Wa 1012	0	0	0	1	AB76	ra
HT Wa 1013	0	0	0	0	AB28	i
HT Wa 1013	0	0	0	1	AB76	ra
HT Wa 1014	0	0	0	0	AB41	si
HT Wa 1014	0	0	0	1	AB77	ka
HT Wa 1015	0	0	0	0	AB41	si
HT Wa 1015	0	0	0	1	AB77	ka
HT Wa 1016	0	0	0	0	AB41	si
HT Wa 1016	0	0	0	1	AB77	ka
HT Wa 1017	0	0	0	0	AB41	si
HT Wa 1017	0	0	0	1	AB77	ka
HT Wa 1018	0	0	0	0	AB41	si
HT Wa 1018	0	0	0	1	AB77	ka
HT Wa 1019α	0	0	0	0	AB03	pa
HT Wa 1019α	0	0	0	1	AB59	ta
HT Wa 1019α	0	0	0	2	AB24	ne
HT Wa 1019γ	0	0	0	0	AB41	si
HT Wa 1019γ	0	0	0	1	AB69	tu
HT Wa 1020α	0	0	0	0	A629	
HT Wa 1020α	1	0	0	0	AB81	ku
HT Wa 1020α	1	0	0	1	AB03	pa
HT Wa 1020γ	0	0	0	0	AB46	je
HT Wa 1020γ	0	0	0	1	AB59	ta
HT Wa 1020γ	0	0	0	2	AB06	na
HT Wa 1021α	0	0	0	0	AB188	
HT Wa 1021α	0	0	0	1	AB51	du
HT Wa 1028α	0	0	0	0	AB41	si
HT Wa 1028γ	0	0	0	0	AB77	ka
HT Wa 1029α	0	0	0	0	A301	
HT Wa 1029γ	0	0	0	0	A301	
HT Wa 1242	0	0	0	0	AB41	si
HT Wc 3001	0	0	0	0	AB03	pa
HT Wc 3001	0	0	0	1	AB09	se
HT Wc 3001	0	0	0	2	AB57	ja
HT Wc 3002	0	0	0	0	AB03	pa
HT Wc 3002	0	0	0	1	AB09	se
HT Wc 3002	0	0	0	2	AB57	ja
HT Wc 3003	0	0	0	0	AB77	ka
HT Wc 3003	0	0	0	1	AB27	re
HT Wc 3003	0	0	0	2	AB02	ro
HT Wc 3004a	0	0	0	0	AB79	
HT Wc 3004a	0	0	0	1	AB30	ni
HT Wc 3004a	0	0	0	2	AB77	ka
HT Wc 3005a	0	0	0	0	AB59	ta
HT Wc 3005a	0	0	0	1	AB30	ni
HT Wc 3005a	0	0	0	2	AB77	ka
HT Wc 3006a	0	0	0	0	AB54	wa
HT Wc 3006a	0	0	0	1	AB61	o
HT Wc 3006a	0	0	0	2	AB73	mi
HT Wc 3006b	0	0	0	0	AB60	ra
HT Wc 3006b	0	0	0	1	A314	
HT Wc 3006b	0	0	0	2	AB60	ra
HT Wc 3007	0	0	0	0	AB54	wa
HT Wc 3007	0	0	0	1	AB07	di
HT Wc 3007	0	0	0	2	AB30	ni
HT Wc 3008a	0	0	0	0	AB54	wa
HT Wc 3008a	0	0	0	1	AB07	di
HT Wc 3008a	0	0	0	2	AB30	ni
HT Wc 3008b	0	0	0	0	AB26	ru
HT Wc 3008b	0	0	0	1	AB57	ja
HT Wc 3008b	0	0	0	2	AB59	ta
HT Wc 3008b	0	0	0	3	AB07	di
HT Wc 3009a	0	0	0	0	A333	
HT Wc 3009a	0	0	0	1	AB07	di
HT Wc 3009a	0	0	0	2	AB58	su
HT Wc 3009a	0	0	0	3	AB77	ka
HT Wc 3010	0	0	0	0	A333	
HT Wc 3010	0	0	0	1	AB07	di
HT Wc 3010	0	0	0	2	AB06	na
HT Wc 3010	0	0	0	3	AB58	su
HT Wc 3010	0	0	0	4	AB77	ka
HT Wc 3011	0	0	0	0	AB79	
HT Wc 3011	0	0	0	1	AB07	di
HT Wc 3011	0	0	0	2	AB60	ra
HT Wc 3012a	0	0	0	0	AB79	
HT Wc 3012a	0	0	0	1	AB07	di
HT Wc 3012a	0	0	0	2	AB60	ra
HT Wc 3012b	0	0	0	0	AB27	re
HT Wc 3012b	0	0	0	1	AB02	ro
HT Wc 3014a	0	0	0	0	AB81	ku
HT Wc 3014a	0	0	0	1	AB73	mi
HT Wc 3014a	0	0	0	2	AB06	na
HT Wc 3014b	0	1	0	0	AB78	qe
HT Wc 3015a	0	0	0	0	AB77	ka
HT Wc 3015a	0	0	0	1	AB81	ku
HT Wc 3015a	0	0	0	2	AB03	pa
HT Wc 3016a	0	0	0	0	AB77	ka
HT Wc 3016a	0	0	0	1	AB81	ku
HT Wc 3016a	0	0	0	2	AB03	pa
HT Wc 3017a	0	0	0	0	AB16	qa
HT Wc 3017a	0	0	0	1	AB81	ku
HT Wc 3017a	0	0	0	2	AB27	re
HT Wc 3017a	0	0	0	3	AB06	na
HT Wc 3017a	0	0	0	4	A306	
HT Wc 3020a	0	0	0	0	AB188	
HT Wc 3020a	0	0	0	1	AB51	du
HT Zb 158a	0	2	0	0	AB69	tu
HT Zb 158a	0	2	0	1	AB09	se
HT Zb 158a	0	2	0	2	AB58	su
HT Zb 158a	0	2	0	3	AB67	ki
HT Zb 158b	0	0	0	0	AB58	su
HT Zb 158b	0	0	0	1	AB67	ki
HT Zb 158b	0	0	0	2	AB53	ri
HT Zb 158b	0	0	0	3	AB04	te
HT Zb 158b	0	0	0	4	AB28	i
HT Zb 158b	0	0	0	5	AB57	ja
HT Zb 159	0	0	0	0	AB08	a
HT Zb 159	0	0	0	1	AB06	na
HT Zb 159	0	0	0	2	AB55	nu
HT Zb 159	0	0	0	3	AB41	si
HT Zb 159	0	0	0	4	AB57	ja
HT Zb 159	0	0	0	5	AB09	se
HT Zb 160	0	0	0	0	AB03	pa
HT Zb 160	0	0	0	1	AB59	ta
HT Zb 160	0	0	0	2	AB01	da
HT Zb 160	1	0	0	0	AB51	du
HT Zb 160	1	0	0	1	AB29	pu
HT Zb 160	1	0	0	2	AB27	re
HT Zb 161	0	2	2	0	AB41	si
HT Zb 161	0	2	2	1	AB50	pu
HT Zd 155	0	0	0	0	AB08	a
HT Zd 155	0	0	0	1	AB65	ju
HT Zd 155	1	0	0	0	AB06	na
HT Zd 155	1	0	0	1	AB80	ma
HT Zd 155	1	0	0	2	AB80	ma
HT Zd 155	1	0	0	3	AB37	ti
HT Zd 155	1	0	0	4	AB37	ti
HT Zd 155	1	0	0	5	A319	
HT Zd 156	0	0	0	0	AB59	ta
HT Zd 156	0	0	0	1	AB57	ja
HT Zd 157	0	0	0	0	AB40	wi
HT Zd 157	0	0	0	1	AB57	ja
HT Zd 157	0	0	0	2	AB58	su
HT Zd 157	1	0	0	0	AB80	ma
HT Zd 157	1	0	0	1	AB37	ti
HT Zd 157	1	0	0	2	AB37	ti
HT Zd 157	1	0	0	3	A319	
KE 1	0	0	2	0	AB77	ka
KE 1	0	0	2	1	AB31	sa
KE Zb 4	0	0	0	0	AB57	ja
KE Zb 4	0	0	0	1	AB41	si
KE Zb 4	0	0	0	2	AB38	e
KH 1	0	2	0	0	AB46	je
KH 10	1	0	0	0	AB28	i
KH 10	1	0	0	1	AB03	pa
KH 10	1	0	0	2	AB31	sa
KH 10	1	0	0	3	AB57	ja
KH 10	2	0	0	0	AB16	qa
KH 10	2	0	0	1	AB118	
KH 10	3	0	0	0	AB08	a
KH 10	3	0	0	1	AB67	ki
KH 10	3	0	0	2	AB39	pi
KH 10	3	0	0	3	AB38	e
KH 10	3	0	0	4	AB04	te
KH 100	0	2	2	0	A352	
KH 100	0	2	2	1	A306	
KH 100	1	2	2	0	AB02	ro
KH 100	2	2	0	0	AB45	de
KH 101	1	1	0	0	A303	
KH 102	0	2	2	0	AB08	a
KH 102	0	2	2	1	AB73	mi
KH 104	0	2	0	0	AB09	se
KH 104	1	0	2	0	AB03	pa
KH 104	1	0	2	1	AB47	
KH 104	2	2	0	0	AB01	da
KH 104	2	2	0	1	AB27	re
KH 105	0	2	2	0	AB67	ki
KH 105	0	2	2	1	AB37	ti
KH 11	0	0	0	0	AB08	a
KH 11	0	0	0	1	AB51	du
KH 11	0	0	0	2	AB17	za
KH 11	1	0	0	0	AB08	a
KH 11	1	0	0	1	AB05	to
KH 11	1	0	0	2	A349	
KH 11	1	0	0	3	AB05	to
KH 11	1	0	0	4	AB28	i
KH 11	2	0	0	0	AB08	a
KH 11	2	0	0	1	AB59	ta
KH 11	2	0	0	2	A350	
KH 12	0	0	0	0	A651	
KH 13	0	2	0	0	AB08	a
KH 13	0	2	0	1	AB09	se
KH 13	0	2	0	2	AB27	re
KH 13	0	2	0	3	AB17	za
KH 13	1	2	0	0	AB01	da
KH 13	1	2	0	1	AB28	i
KH 14	0	2	0	0	AB60	ra
KH 14	1	0	0	0	AB08	a
KH 14	1	0	0	1	AB80	ma
KH 14	1	0	0	2	AB57	ja
KH 14	2	1	0	0	A303	
KH 16	0	2	0	0	AB10	u
KH 16	0	2	0	1	AB59	ta
KH 16	0	2	0	2	AB28	i
KH 16	0	2	0	3	AB41	si
KH 16	1	0	2	0	AB59	ta
KH 17	0	0	2	0	AB08	a
KH 18	0	0	2	0	AB28	i
KH 18	0	0	2	1	AB81	ku
KH 18	0	0	2	2	AB39	pi
KH 2	0	0	0	0	AB69	tu
KH 20	0	0	0	0	AB08	a
KH 20	0	0	0	1	AB41	si
KH 20	0	0	0	2	AB67	ki
KH 20	0	0	0	3	AB60	ra
KH 20	1	2	0	0	AB51	du
KH 20	1	2	0	1	AB27	re
KH 20	1	2	0	2	AB17	za
KH 21	0	2	0	0	A306	
KH 21	0	2	0	1	AB78	qe
KH 21	0	2	0	2	AB51	du
KH 22	0	2	0	0	AB17	za
KH 23	0	0	2	0	AB08	a
KH 23	0	0	2	1	AB51	du
KH 24	0	2	0	0	AB58	su
KH 28	0	2	0	0	AB09	se
KH 29	0	2	0	0	AB60	ra
KH 29	1	0	2	0	AB66	ta
KH 29	2	0	2	0	AB81	ku
KH 29	2	0	2	1	AB03	pa
KH 3	0	2	0	0	AB55	nu
KH 32	0	0	2	0	AB28	i
KH 32	0	0	2	1	A331	
KH 33	0	2	2	0	AB08	a
KH 36	0	2	0	0	AB77	ka
KH 36	1	1	2	0	AB06	na
KH 37	0	0	2	0	AB40	wi
KH 39	0	0	2	0	AB08	a
KH 39	0	0	2	1	AB59	ta
KH 4	0	0	0	0	AB08	a
KH 4	0	0	0	1	AB51	du
KH 4	0	0	0	2	AB27	re
KH 40	0	2	2	0	AB41	si
KH 40	0	2	2	1	AB06	na
KH 41	0	2	0	0	AB77	ka
KH 41	0	2	0	1	AB59	ta
KH 41	0	2	0	2	AB27	re
KH 44	0	0	0	0	N800	
KH 44	1	2	2	0	A335	
KH 45	0	0	2	0	AB08	a
KH 47	0	2	2	0	AB16	qa
KH 47	0	2	2	1	AB24	ne
KH 47	1	0	2	0	AB41	si
KH 47	2	2	0	0	AB60	ra
KH 47	3	0	2	0	A306	
KH 49	0	2	2	0	AB26	ru
KH 49	1	2	2	0	AB81	ku
KH 5	0	0	0	0	AB08	a
KH 5	0	0	0	1	AB01	da
KH 5	0	0	0	2	AB67	ki
KH 5	0	0	0	3	AB41	si
KH 5	0	0	0	4	AB77	ka
KH 5	1	0	0	0	AB08	a
KH 5	1	0	0	1	AB60	ra
KH 5	1	0	0	2	AB10	u
KH 5	1	0	0	3	AB01	da
KH 5	2	0	0	0	AB40	wi
KH 5	2	0	0	1	AB31	sa
KH 5	2	0	0	2	AB31	sa
KH 5	2	0	0	3	AB24	ne
KH 5	3	0	0	0	AB40	wi
KH 5	3	0	0	1	AB06	na
KH 5	3	0	0	2	AB51	du
KH 5	4	0	0	0	A301	
KH 5	4	0	0	1	AB06	na
KH 5	5	0	0	0	AB81	ku
KH 5	5	0	0	1	AB03	pa
KH 5	5	0	0	2	AB79	
KH 50	0	2	0	0	AB59	ta
KH 50	1	1	0	0	AB46	je
KH 50	2	0	2	0	AB78	qe
KH 51	0	2	0	0	AB41	si
KH 51	0	2	0	1	AB28	i
KH 51	0	2	0	2	AB41	si
KH 51	1	0	2	0	AB69	tu
KH 52	0	2	1	0	AB59	ta
KH 52	0	2	1	1	AB10	u
KH 53	0	2	0	0	AB08	a
KH 53	0	2	0	1	AB13	me
KH 53	0	2	0	2	AB123	
KH 53	1	0	2	0	AB24	ne
KH 57	0	2	0	0	AB69	tu
KH 57	1	2	0	0	AB20	zo
KH 58	0	0	2	0	AB08	a
KH 58	1	0	2	0	AB08	a
KH 58	1	0	2	1	A301	
KH 59	0	1	0	0	AB28	i
KH 59	1	1	0	0	AB07	di
KH 59	1	1	0	1	AB06	na
KH 6	0	0	1	0	AB07	di
KH 6	0	0	1	1	AB41	si
KH 6	1	1	2	0	AB04	te
KH 6	1	1	2	1	AB55	nu
KH 6	1	1	2	2	AB27	re
KH 6	2	2	0	0	AB67	ki
KH 6	2	2	0	1	AB31	sa
KH 6	2	2	0	2	AB24	ne
KH 6	3	0	0	0	AB53	ri
KH 6	3	0	0	1	AB59	ta
KH 6	3	0	0	2	AB46	je
KH 6	4	2	0	0	AB27	re
KH 6	5	0	2	0	AB39	pi
KH 6	5	0	2	1	AB31	sa
KH 6	6	0	0	0	AB85	au
KH 6	6	0	0	1	AB27	re
KH 6	6	0	0	2	AB04	te
KH 60	0	2	0	0	AB60	ra
KH 60	0	2	0	1	AB67	ki
KH 60	0	2	0	2	AB59	ta
KH 60	0	2	0	3	AB06	na
KH 60	0	2	0	4	AB41	si
KH 61	1	0	2	0	AB80	ma
KH 62	0	2	2	0	AB80	ma
KH 63	0	2	0	0	AB58	su
KH 64	0	2	2	0	AB59	ta
KH 65	0	2	2	0	AB30	ni
KH 73	0	2	2	0	AB08	a
KH 73	1	0	2	0	AB08	a
KH 74	0	2	0	0	AB41	si
KH 74	1	0	2	0	AB57	ja
KH 74	1	0	2	1	AB01	da
KH 74	1	0	2	2	AB58	su
KH 74	2	2	0	0	AB41	si
KH 76	0	2	0	0	AB41	si
KH 79	0	2	0	0	AB03	pa
KH 79	0	2	0	1	AB01	da
KH 79+89	0	2	2	0	AB73	mi
KH 79+89	0	2	2	1	AB06	na
KH 79+89	1	2	0	0	AB03	pa
KH 79+89	1	2	0	1	AB59	ta
KH 79+89	2	0	1	0	AB08	a
KH 79+89	2	0	1	1	AB60	ra
KH 79+89	3	2	0	0	AB03	pa
KH 79+89	3	2	0	1	AB01	da
KH 79+89	3	2	0	2	AB30	ni
KH 7a	1	2	0	0	AB28	i
KH 7a	2	0	0	0	AB38	e
KH 7a	2	0	0	1	AB06	na
KH 7a	2	0	0	2	AB41	si
KH 7a	3	0	0	0	AB28	i
KH 7a	3	0	0	1	AB57	ja
KH 7a	3	0	0	2	AB03	pa
KH 7a	3	0	0	3	AB13	me
KH 7a	4	0	0	0	AB59	ta
KH 7a	4	0	0	1	AB59	ta
KH 7a	5	0	0	0	AB16	qa
KH 7a	5	0	0	1	AB37	ti
KH 7a	5	0	0	2	AB67	ki
KH 7a	6	0	0	0	AB09	se
KH 7a	6	0	0	1	A305	
KH 7a	7	0	0	0	AB81	ku
KH 7a	7	0	0	1	AB70	ko
KH 7a	7	0	0	2	AB38	e
KH 7b	0	0	0	0	AB10	u
KH 7b	0	0	0	1	AB59	ta
KH 7b	0	0	0	2	AB28	i
KH 7b	0	0	0	3	AB09	se
KH 7b	1	2	0	0	AB03	pa
KH 7b	1	2	0	1	AB06	na
KH 7b	1	2	0	2	AB69	tu
KH 8	0	2	2	0	AB27	re
KH 8	1	2	0	0	AB59	ta
KH 83	0	0	2	0	AB08	a
KH 83	0	0	2	1	AB07	di
KH 83	0	0	2	2	AB24	ne
KH 86	0	2	0	0	AB27	re
KH 86	0	2	0	1	AB17	za
KH 86	1	0	1	0	AB39	pi
KH 86	1	0	1	1	AB55	nu
KH 88	0	2	0	0	AB16	qa
KH 88	0	2	0	1	AB55	nu
KH 88	0	2	0	2	AB80	ma
KH 88	1	0	0	0	AB21	qi
KH 88	1	0	0	1	AB118	
KH 88	2	0	0	0	AB50	pu
KH 88	2	0	0	1	AB45	de
KH 9	0	0	0	0	AB08	a
KH 9	0	0	0	1	AB41	si
KH 9	0	0	0	2	AB58	su
KH 9	0	0	0	3	AB11	po
KH 9	0	0	0	4	AB08	a
KH 9	1	0	0	0	AB28	i
KH 9	1	0	0	1	AB41	si
KH 90	0	2	2	0	AB57	ja
KH 90	1	2	2	0	AB80	ma
KH 90	1	2	2	1	AB59	ta
KH 90	1	2	2	2	AB53	ri
KH 90	1	2	2	3	AB59	ta
KH 91	0	0	2	0	AB79	
KH 92	0	0	0	0	AB08	a
KH 92	0	0	0	1	AB01	da
KH 92	0	0	0	2	AB21	qi
KH 92	0	0	0	3	AB53	ri
KH 92	1	0	1	0	AB81	ku
KH 92	1	0	1	1	AB30	ni
KH 92	1	0	1	2	AB04	te
KH 92	2	2	0	0	AB06	na
KH 92	2	2	0	1	AB67	ki
KH 92	3	0	2	0	AB08	a
KH 94	2	2	2	0	AB17	za
KH 95	0	2	0	0	AB09	se
KH 97a	0	2	0	0	AB27	re
KH 97a	1	0	2	0	AB08	a
KH 97a	1	0	2	1	AB57	ja
KH 97a	2	2	2	0	AB06	na
KH 97b	0	1	0	0	AB09	se
KH 97b	1	0	2	0	AB28	i
KH 99	0	2	0	0	AB03	pa
KH 99	0	2	0	1	AB53	ri
KH 99	0	2	0	2	AB45	de
KH 99	1	2	0	0	AB08	a
KH 99	1	2	0	1	AB41	si
KH 99	1	2	0	2	AB118	
KH 99	2	2	2	0	AB81	ku
KH 99	2	2	2	1	AB77	ka
KH Wa 1002α	0	0	0	0	A640	
KH Wa 1002γ	0	0	0	0	A501	
KH Wa 1013α	0	0	0	0	AB86	
KH Wa 1013γ	0	1	0	0	AB02	ro
KH Wa 1014α	0	0	1	0	AB86	
KH Wa 1014γ	0	1	0	0	AB02	ro
KH Wa 1015α	0	0	1	0	AB86	
KH Wa 1015γ	0	1	0	0	AB02	ro
KH Wa 1016α	0	0	1	0	AB86	
KH Wa 1016γ	0	1	0	0	AB02	ro
KH Wc 2005	0	0	0	0	AB77	ka
KH Wc 2005	0	0	0	1	AB06	na
KH Wc 2005	0	0	0	2	AB30	ni
KH Wc 2005	0	0	0	3	AB37	ti
KH Wc 2008	0	0	0	0	A411	
KH Wc 2009	0	0	0	0	A411	
KH Wc 2035	0	0	0	0	AB61	o
KH Wc 2100	0	0	0	0	AB100	
KH Wc 2100	0	0	0	1	A352	
KH Wc 2100	0	0	0	2	AB57	ja
KN 1a	0	0	0	0	AB57	ja
KN 1a	0	0	0	1	AB81	ku
KN 1a	0	0	0	2	AB37	ti
KN 1b	0	0	0	0	AB57	ja
KN 1b	0	0	0	1	AB51	du
KN 1b	0	0	0	2	AB60	ra
KN 1b	0	0	0	3	AB37	ti
KN 2	0	2	0	0	AB26	ru
KN 2	0	2	0	1	AB06	na
KN 22a	0	2	2	0	AB58	su
KN 22a	0	2	2	1	AB65	ju
KN 22a	0	2	2	2	AB59	ta
KN 22a	1	2	2	0	AB77	ka
KN 22a	1	2	2	1	AB46	je
KN 22b	0	2	0	0	AB11	po
KN 22b	0	2	0	1	AB07	di
KN 22b	0	2	0	2	AB56	
KN 22c	0	2	2	0	AB80	ma
KN 22c	0	2	2	1	AB58	su
KN 22c	0	2	2	2	AB73	mi
KN 22c	0	2	2	3	AB06	na
KN 28b	0	2	0	0	AB04	te
KN 32a	0	2	2	0	AB08	a
KN 32a	0	2	2	1	AB03	pa
KN 32a	1	0	2	0	AB08	a
KN 32a	1	0	2	1	AB77	ka
KN 32a	1	0	2	2	AB59	ta
KN 32b	0	2	0	0	AB04	te
KN 32b	1	2	0	0	AB31	sa
KN 32b	1	2	0	1	AB50	pu
KN 32b	2	0	2	0	AB03	pa
KN 32b	3	2	0	0	AB57	ja
KN 32b	3	2	0	1	AB58	su
KN Wb 33a	0	0	2	0	AB16	qa
KN Wb 33a	0	0	2	1	AB67	ki
KN Wb 33b	0	0	2	0	AB55	nu
KN Wb 33b	0	0	2	1	AB09	se
KN Wc 26a	0	0	0	0	AB26	ru
KN Wc 26a	0	0	0	1	AB57	ja
KN Wc 26b	0	0	0	0	AB30	ni
KN Wc 26b	0	0	0	1	AB39	pi
KN Wc 3	0	2	0	0	AB77	ka
KN Wc 3	0	2	0	1	AB28	i
KN Wc 3	0	2	0	2	AB77	ka
KN Wc 30	0	0	0	0	AB57	ja
KN Wc 30	0	0	0	1	AB60	ra
KN Za 10a	0	2	0	0	AB59	ta
KN Za 10a	0	2	0	1	AB55	nu
KN Za 10a	0	2	0	2	AB23	mu
KN Za 10a	0	2	0	3	AB37	ti
KN Za 10a	1	0	0	0	AB57	ja
KN Za 10a	1	0	0	1	AB31	sa
KN Za 10a	1	0	0	2	AB31	sa
KN Za 10a	1	0	0	3	AB60	ra
KN Za 10a	1	0	0	4	AB80	ma
KN Za 10b	0	2	0	0	AB06	na
KN Za 10b	1	0	0	0	AB01	da
KN Za 10b	1	0	0	1	AB54	wa
KN Za 10b	1	0	0	2	AB51	du
KN Za 10b	1	0	0	3	AB54	wa
KN Za 10b	1	0	0	4	AB05	to
KN Za 10b	2	0	2	0	AB28	i
KN Za 10b	2	0	2	1	AB57	ja
KN Za 17	0	2	0	0	AB57	ja
KN Za 17	0	2	0	1	AB78	qe
KN Za 18	0	0	0	0	AB57	ja
KN Za 18	1	0	0	0	AB57	ja
KN Za 18	2	0	2	0	AB57	ja
KN Za 18	2	0	2	1	AB54	wa
KN Zb 20	0	2	0	0	AB06	na
KN Zb 20	0	2	0	1	AB08	a
KN Zb 20	0	2	0	2	AB56	
KN Zb 35	0	2	2	0	AB57	ja
KN Zb 35	1	2	1	0	AB07	di
KN Zb 35	2	2	2	0	AB40	wi
KN Zb 4	0	2	0	0	AB65	ju
KN Zb 4	1	0	0	0	AB57	ja
KN Zb 4	1	0	0	1	AB41	si
KN Zb 4	2	0	2	0	AB41	si
KN Zb 40	0	0	0	0	AB08	a
KN Zb 40	0	0	0	1	AB03	pa
KN Zb 40	0	0	0	2	AB67	ki
KN Zb 40	1	0	0	0	AB10	u
KN Zb 40	1	0	0	1	AB06	na
KN Zb 40	1	0	0	2	AB08	a
KN Zb 5	0	0	0	0	AB08	a
KN Zb 5	0	0	0	1	AB69	tu
KN Zb 5	0	0	0	2	AB53	ri
KN Zb 5	0	0	0	3	AB41	si
KN Zb 5	0	0	0	4	AB37	ti
KN Zc 6	0	0	0	0	AB34	
KN Zc 6	0	0	0	1	AB37	ti
KN Zc 6	0	0	0	2	AB53	ri
KN Zc 6	1	0	0	0	AB08	a
KN Zc 6	1	0	0	1	AB07	di
KN Zc 6	1	0	0	2	AB01	da
KN Zc 6	1	0	0	3	AB67	ki
KN Zc 6	1	0	0	4	AB37	ti
KN Zc 6	1	0	0	5	AB03	pa
KN Zc 6	1	0	0	6	AB81	ku
KN Zc 6	2	0	0	0	AB30	ni
KN Zc 6	2	0	0	1	AB57	ja
KN Zc 6	2	0	0	2	AB55	nu
KN Zc 6	3	0	0	0	AB65	ju
KN Zc 6	3	0	0	1	AB81	ku
KN Zc 6	3	0	0	2	AB06	na
KN Zc 6	3	0	0	3	AB03	pa
KN Zc 6	3	0	0	4	AB81	ku
KN Zc 6	3	0	0	5	AB55	nu
KN Zc 6	3	0	0	6	AB10	u
KN Zc 6	3	0	0	7	AB28	i
KN Zc 6	3	0	0	8	AB79	
KN Zc 7	0	0	0	0	AB08	a
KN Zc 7	0	0	0	1	AB77	ka
KN Zc 7	0	0	0	2	AB55	nu
KN Zc 7	0	0	0	3	AB74	ze
KN Zc 7	0	0	0	4	AB37	ti
KN Zc 7	1	0	0	0	AB51	du
KN Zc 7	1	0	0	1	AB60	ra
KN Zc 7	1	0	0	2	AB27	re
KN Zc 7	2	0	0	0	AB08	a
KN Zc 7	2	0	0	1	AB79	
KN Zc 7	2	0	0	2	AB60	ra
KN Zc 7	3	0	0	0	AB57	ja
KN Zc 7	3	0	0	1	AB31	sa
KN Zc 7	3	0	0	2	AB60	ra
KN Zc 7	3	0	0	3	AB08	a
KN Zc 7	3	0	0	4	AB06	na
KN Zc 7	3	0	0	5	AB24	ne
KN Zc 7	3	0	0	6	AB40	wi
KN Zc 7	3	0	0	7	AB39	pi
KN Ze 16	0	0	0	0	AB08	a
KN Ze 16	0	0	0	1	AB39	pi
KN Zf 13	0	0	0	0	AB08	a
KN Zf 13	0	0	0	1	AB27	re
KN Zf 13	0	0	0	2	AB24	ne
KN Zf 13	0	0	0	3	AB41	si
KN Zf 13	0	0	0	4	AB07	di
KN Zf 13	0	0	0	5	A301	
KN Zf 13	0	0	0	6	AB39	pi
KN Zf 13	0	0	0	7	AB44	ke
KN Zf 13	0	0	0	8	AB03	pa
KN Zf 13	0	0	0	9	AB57	ja
KN Zf 13	0	0	0	10	AB59	ta
KN Zf 13	0	0	0	11	AB53	ri
KN Zf 13	0	0	0	12	AB09	se
KN Zf 13	0	0	0	13	AB04	te
KN Zf 13	0	0	0	14	AB53	ri
KN Zf 13	0	0	0	15	AB23	mu
KN Zf 13	0	0	0	16	AB08	a
KN Zf 13	0	0	0	17	AB57	ja
KN Zf 13	0	0	0	18	AB81	ku
MA 10a	0	2	0	0	AB26	ru
MA 10b	0	2	0	0	AB51	du
MA 10b	0	2	0	1	AB39	pi
MA 10b	0	2	0	2	AB04	te
MA 10b	0	2	0	3	AB54	wa
MA 1a	0	0	0	0	AB28	i
MA 1a	0	0	0	1	AB51	du
MA 1a	0	0	0	2	AB40	wi
MA 1a	1	0	0	0	AB78	qe
MA 1a	1	0	0	1	AB45	de
MA 1a	1	0	0	2	AB73	mi
MA 1a	1	0	0	3	AB55	nu
MA 1b	0	0	0	0	AB08	a
MA 1b	0	0	0	1	AB80	ma
MA 1b	1	0	0	0	AB78	qe
MA 1b	1	0	0	1	AB45	de
MA 1b	1	0	0	2	AB73	mi
MA 1b	1	0	0	3	AB55	nu
MA 1c	0	0	0	0	AB37	ti
MA 2a	0	2	0	0	AB51	du
MA 2a	0	2	0	1	AB60	ra
MA 2b	0	2	0	0	AB27	re
MA 2b	0	2	0	1	AB37	ti
MA 2b	1	2	0	0	AB37	ti
MA 2b	2	0	0	0	AB57	ja
MA 2b	2	0	0	1	AB81	ku
MA 2b	3	0	2	0	AB37	ti
MA 2c	0	2	0	0	AB10	u
MA 2c	0	2	0	1	AB06	na
MA 2c	0	2	0	2	AB06	na
MA 2c	1	2	0	0	AB57	ja
MA 2c	1	2	0	1	AB80	ma
MA 2c	1	2	0	2	AB10	u
MA 2c	1	2	0	3	AB37	ti
MA 4b	0	0	0	0	AB08	a
MA 4b	0	0	0	1	AB57	ja
MA Wc <5a>	0	0	0	0	AB08	a
MA Wc <5a>	0	0	0	1	AB31	sa
MA Wc <5a>	0	0	0	2	AB01	da
MA Wc <5a>	0	0	0	3	AB77	ka
MI 2	0	0	1	0	AB50	pu
MI 2	1	0	2	0	AB51	du
MI 2	1	0	2	1	AB77	ka
MI 2	2	2	2	0	AB77	ka
MY Zf 2	0	0	0	0	AB43	
PA 1	0	0	0	0	AB08	a
PA 1	0	0	0	1	AB81	ku
PA 1	0	0	0	2	AB65	ju
PA 1	0	0	0	3	AB03	pa
PA 1	0	0	0	4	AB118	
PE 1	0	0	0	0	AB10	u
PE 1	0	0	0	1	AB77	ka
PE 1	0	0	0	2	AB27	re
PE 1	1	0	0	0	AB08	a
PE 1	1	0	0	1	AB09	se
PE 1	1	0	0	2	AB41	si
PE 1	1	0	0	3	AB06	na
PE 1	2	0	0	0	AB81	ku
PE 1	2	0	0	1	AB03	pa
PE 1	2	0	0	2	AB53	ri
PE 1	3	0	2	0	AB38	e
PE 1	3	0	2	1	AB77	ka
PE 2	1	0	0	0	AB26	ru
PE 2	1	0	0	1	AB39	pi
PE 2	2	0	0	0	AB31	sa
PE 2	2	0	0	1	A305	
PE 2	2	0	0	2	AB73	mi
PE 2	3	0	0	0	AB08	a
PE 2	3	0	0	1	A325	
PE 2	3	0	0	2	AB17	za
PE 2	4	0	0	0	AB08	a
PE 2	4	0	0	1	AB53	ri
PE 2	4	0	0	2	AB03	pa
PE 2	5	0	0	0	AB16	qa
PE 2	5	0	0	1	AB16	qa
PE 2	5	0	0	2	AB01	da
PE 2	6	0	0	0	AB05	to
PE 2	6	0	0	1	AB13	me
PE 2	7	0	0	0	AB05	to
PE 2	7	0	0	1	AB49	
PE 2	7	0	0	2	AB27	re
PE 6	0	0	0	0	AB28	i
PE 6	0	0	0	1	AB06	na
PE 6	0	0	0	2	AB04	te
PE 6	1	0	0	0	AB59	ta
PE 6	1	0	0	1	AB06	na
PE 6	1	0	0	2	AB80	ma
PE 6	1	0	0	3	AB46	je
PH 10	0	0	0	0	A355	
PH 10	0	0	0	1	AB38	e
PH 10	0	0	0	2	A354	
PH 12a	0	0	0	0	AB180	
PH 12a	0	0	0	1	A339	
PH 12a	0	0	0	2	AB100	
PH 13a	0	2	0	0	A328	
PH 13b	0	0	0	0	A356	
PH 13c	0	2	0	0	AB04	te
PH 13c	0	2	0	1	AB79	
PH 14a	0	0	0	0	AB57	ja
PH 14a	0	0	0	1	A304	
PH 14b	0	0	1	0	AB08	a
PH 14b	0	0	1	1	AB73	mi
PH 15a	0	2	0	0	AB80	ma
PH 15a	0	2	0	1	AB04	te
PH 15a	0	2	0	2	AB27	re
PH 15b	0	0	0	0	A357	
PH 16a	0	2	2	0	A320	
PH 16a	0	2	2	1	AB06	na
PH 16a	1	2	2	0	A358	
PH 16a	1	2	2	1	AB30	ni
PH 16b	0	2	2	0	AB57	ja
PH 16b	0	2	2	1	AB31	sa
PH 16b	1	2	2	0	A320	
PH 17a	0	0	0	0	A359	
PH 17b	0	0	0	0	A360	
PH 18a	0	2	0	0	AB40	wi
PH 18a	0	2	0	1	AB57	ja
PH 19	0	0	2	0	AB39	pi
PH 19	0	0	2	1	AB61	o
PH 1a	0	2	0	0	AB07	di
PH 1a	0	2	0	1	AB60	ra
PH 1a	0	2	0	2	AB07	di
PH 1a	0	2	0	3	AB06	na
PH 1a	1	2	0	0	AB57	ja
PH 1b	0	0	0	0	AB06	na
PH 2	0	0	0	0	AB08	a
PH 2	0	0	0	1	AB09	se
PH 2	0	0	0	2	AB69	tu
PH 2	0	0	0	3	AB21	qi
PH 2	1	0	0	0	AB60	ra
PH 2	1	0	0	1	AB61	o
PH 2	1	0	0	2	AB07	di
PH 2	1	0	0	3	AB67	ki
PH 2	2	0	0	0	AB39	pi
PH 2	2	0	0	1	AB26	ru
PH 2	2	0	0	2	AB38	e
PH 2	2	0	0	3	AB65	ju
PH 2	3	0	0	0	AB09	se
PH 2	3	0	0	1	AB31	sa
PH 2	3	0	0	2	AB56	
PH 24	0	0	0	0	AB02	ro
PH 24	0	0	0	1	AB38	e
PH 26	0	2	0	0	A314	
PH 27	0	2	2	0	AB04	te
PH 27	1	2	2	0	AB08	a
PH 28a	0	2	2	0	AB08	a
PH 28a	0	2	2	1	AB56	
PH 28a	1	0	2	0	AB57	ja
PH 28a	1	0	2	1	AB67	ki
PH 28a	1	0	2	2	AB56	
PH 28a	2	0	2	0	AB08	a
PH 28a	2	0	2	1	AB53	ri
PH 28a	2	0	2	2	AB57	ja
PH 30	0	2	1	0	AB37	ti
PH 30	0	2	1	1	AB53	ri
PH 30	1	2	2	0	AB80	ma
PH 30	1	2	2	1	AB27	re
PH 30	1	2	2	2	AB53	ri
PH 30	1	2	2	3	AB73	mi
PH 30	1	2	2	4	AB45	de
PH 31a	0	2	2	0	AB08	a
PH 31a	1	2	0	0	AB26	ru
PH 31a	2	0	0	0	AB80	ma
PH 31a	2	0	0	1	AB07	di
PH 31a	3	0	0	0	AB81	ku
PH 31a	3	0	0	1	AB56	
PH 31a	3	0	0	2	AB55	nu
PH 31a	4	0	0	0	AB03	pa
PH 31a	4	0	0	1	AB59	ta
PH 31a	4	0	0	2	AB01	da
PH 31a	5	0	0	0	AB81	ku
PH 31a	5	0	0	1	AB02	ro
PH 31b	0	2	0	0	AB51	du
PH 31b	0	2	0	1	AB53	ri
PH 31b	1	0	2	0	AB69	tu
PH 31b	2	2	0	0	AB24	ne
PH 31b	3	0	0	0	AB04	te
PH 31b	3	0	0	1	AB53	ri
PH 31b	4	2	0	0	AB53	ri
PH 31b	4	2	0	1	AB26	ru
PH 31b	4	2	0	2	AB80	ma
PH 31b	4	2	0	3	AB37	ti
PH 31b	6	0	0	0	AB08	a
PH 31b	6	0	0	1	AB73	mi
PH 31b	6	0	0	2	AB01	da
PH 31b	6	0	0	3	AB61	o
PH 3a	1	0	0	0	AB03	pa
PH 3a	1	0	0	1	AB60	ra
PH 3b	1	2	2	0	AB05	to
PH 3b	2	2	2	0	AB41	si
PH 54	0	2	2	0	AB28	i
PH 54	0	2	2	1	AB31	sa
PH 54	0	2	2	2	AB53	ri
PH 54	0	2	2	3	AB44	ke
PH 54	1	2	2	0	AB51	du
PH 54	1	2	2	1	AB37	ti
PH 6	0	0	0	0	AB28	i
PH 6	0	0	0	1	AB06	na
PH 6	0	0	0	2	AB54	wa
PH 6	1	0	0	0	AB08	a
PH 6	1	0	0	1	AB53	ri
PH 6	2	0	0	0	AB28	i
PH 6	2	0	0	1	AB79	
PH 6	2	0	0	2	AB53	ri
PH 6	2	0	0	3	AB30	ni
PH 6	2	0	0	4	AB59	ta
PH 6	3	0	0	0	AB08	a
PH 6	3	0	0	1	AB53	ri
PH 6	4	0	0	0	AB28	i
PH 6	4	0	0	1	AB01	da
PH 6	4	0	0	2	AB56	
PH 6	4	0	0	3	AB28	i
PH 6	4	0	0	4	AB31	sa
PH 6	4	0	0	5	AB53	ri
PH 7a	0	2	2	0	AB07	di
PH 7a	0	2	2	1	AB03	pa
PH 7a	0	2	2	2	AB57	ja
PH 7a	1	2	2	0	AB10	u
PH 7a	1	2	2	1	AB07	di
PH 7a	1	2	2	2	AB53	ri
PH 7a	1	2	2	3	AB67	ki
PH 7a	2	2	2	0	AB57	ja
PH 7a	2	2	2	1	AB26	ru
PH 7a	2	2	2	2	AB80	ma
PH 7a	2	2	2	3	AB24	ne
PH 7a	3	2	2	0	AB57	ja
PH 7a	3	2	2	1	AB41	si
PH 7a	3	2	2	2	AB01	da
PH 7a	3	2	2	3	AB60	ra
PH 7b	0	2	0	0	AB59	ta
PH 7b	1	2	0	0	AB01	da
PH 7b	1	2	0	1	AB60	ra
PH 9a	0	0	0	0	A317	
PH 9a	0	0	0	1	AB78	qe
PH 9a	0	0	0	2	A353	
PH Wa 32	0	0	0	0	AB58	su
PH Wa 32	0	0	0	1	AB67	ki
PH Wa 32	0	0	0	2	AB60	ra
PH Wa 32	0	0	0	3	AB59	ta
PH Wc 37a	0	0	0	0	AB77	ka
PH Wc 37a	0	0	0	1	A314	
PH Wc 37a	0	0	0	2	AB41	si
PH Wc 38	0	0	0	0	A314	
PH Wc 38	0	0	0	1	AB59	ta
PH Wc 38	0	0	0	2	AB80	ma
PH Wc 39a	0	0	0	0	AB57	ja
PH Wc 39a	0	0	0	1	AB07	di
PH Wc 40a	0	0	0	0	A320	
PH Wc 40a	0	0	0	1	A320	
PH Wc 40a	0	0	0	2	AB80	ma
PK 1a	0	0	0	0	AB08	a
PK 1a	0	0	0	1	AB24	ne
PK 1a	0	0	0	2	AB37	ti
PK 1a	1	0	0	0	AB77	ka
PK 1a	1	0	0	1	AB16	qa
PK 1a	2	0	0	0	AB08	a
PK 1a	2	0	0	1	AB51	du
PK 1a	2	0	0	2	AB17	za
PK 1a	3	0	0	0	AB66	ta
PK 1a	3	0	0	1	AB59	ta
PK 1a	3	0	0	2	AB27	re
PK 1a	4	0	0	0	AB66	ta
PK 1a	4	0	0	1	AB37	ti
PK 1a	4	0	0	2	AB04	te
PK 1a	5	0	0	0	AB61	o
PK 1a	5	0	0	1	AB77	ka
PK 1a	5	0	0	2	AB73	mi
PK 1a	5	0	0	3	AB17	za
PK 1a	5	0	0	4	AB28	i
PK 1a	5	0	0	5	AB06	na
PK 1a	6	0	0	0	AB61	o
PK 1a	6	0	0	1	AB04	te
PK 1a	6	0	0	2	AB57	ja
PK 1a	7	0	0	0	AB60	ra
PK 1a	7	0	0	1	AB06	na
PK 1a	7	0	0	2	AB69	tu
PK 1a	7	0	0	3	AB58	su
PK 1a	8	0	0	0	AB30	ni
PK 1a	8	0	0	1	AB73	mi
PK 1a	9	0	0	0	AB69	tu
PK 1a	9	0	0	1	AB58	su
PK 1a	10	0	0	0	AB80	ma
PK 1a	10	0	0	1	AB37	ti
PK 1a	10	0	0	2	AB17	za
PK 1a	10	0	0	3	AB28	i
PK 1a	10	0	0	4	AB04	te
PK 1a	11	0	0	0	AB80	ma
PK 1a	11	0	0	1	AB04	te
PK 1a	11	0	0	2	AB37	ti
PK 1a	12	0	0	0	AB80	ma
PK 1a	12	0	0	1	AB77	ka
PK 1a	12	0	0	2	AB28	i
PK 1a	12	0	0	3	AB59	ta
PK 1b	0	0	0	0	AB41	si
PS Za 2	0	0	0	0	AB59	ta
PS Za 2	0	0	0	1	AB06	na
PS Za 2	0	0	0	2	AB28	i
PS Za 2	0	0	0	3	A301	
PS Za 2	0	0	0	4	AB37	ti
PS Za 2	2	2	0	0	AB57	ja
PS Za 2	2	2	0	1	AB37	ti
PS Za 2	3	0	0	0	AB57	ja
PS Za 2	3	0	0	1	AB31	sa
PS Za 2	3	0	0	2	AB31	sa
PS Za 2	3	0	0	3	AB60	ra
PS Za 2	3	0	0	4	AB13	me
PS Za 2	4	2	0	0	AB27	re
PS Za 2	4	2	0	1	AB28	i
PS Za 2	4	2	0	2	AB44	ke
PYR 1	0	0	0	0	AB37	ti
PYR 1	0	0	0	1	AB80	ma
PYR 1	0	0	0	2	AB26	ru
PYR 1	0	0	0	3	AB40	wi
PYR 1	0	0	0	4	AB04	te
SY Za 4	0	0	0	0	AB08	a
SY Za 4	0	0	0	1	AB59	ta
SY Za 4	0	0	0	2	AB28	i
SY Za 4	0	0	0	3	A301	
SY Za 4	0	0	0	4	AB54	wa
SY Za 4	0	0	0	5	AB57	ja
SY Za 4	1	0	0	0	AB57	ja
SY Za 4	1	0	0	1	AB28	i
SY Za 4	1	0	0	2	AB48	nwa
SY Za 4	1	0	0	3	AB17	za
SY Za 4	2	0	0	0	AB56	
SY Za 4	2	0	0	1	AB30	ni
SY Za 4	2	0	0	2	AB40	wi
THE 10	0	2	2	0	AB67	ki
THE 8	0	2	0	0	AB02	ro
THE 9	0	0	2	0	AB04	te
THE 9	0	0	2	1	AB23	mu
THE 9	0	0	2	2	AB31	sa
THE 9	0	0	2	3	AB09	se
TY 2	0	0	0	0	A309	
TY 2	0	0	0	1	AB34	
TY 2	0	0	0	2	AB50	pu
TY 2	0	0	0	3	AB39	pi
TY 2	1	0	2	0	A309	
TY 2	2	0	0	0	A309	
TY 2	2	0	0	1	AB67	ki
TY 2	2	0	0	2	AB50	pu
TY 2	3	0	0	0	A309	
TY 2	3	0	0	1	AB01	da
TY 2	3	0	0	2	AB50	pu
TY 2	4	0	0	0	AB03	pa
TY 2	4	0	0	1	AB01	da
TY 2	4	0	0	2	AB26	ru
TY 2	5	0	0	0	A309	
TY 2	5	0	0	1	AB65	ju
TY 2	5	0	0	2	AB67	ki
TY 2	6	0	0	0	A309	
TY 2	6	0	0	1	AB53	ri
TY 2	6	0	0	2	AB65	ju
TY 2	7	0	0	0	A309	
TY 2	8	0	0	0	A309	
TY 2	8	0	0	1	AB53	ri
TY 2	8	0	0	2	AB01	da
TY 2	8	0	0	3	AB65	ju
TY 2	9	0	0	0	A309	
TY 2	9	0	0	1	AB53	ri
TY 2	9	0	0	2	AB77	ka
TY 2	9	0	0	3	AB26	ru
TY 2	10	0	0	0	A309	
TY 2	10	0	0	1	AB53	ri
TY 2	10	0	0	2	AB54	wa
TY 2	10	0	0	3	AB65	ju
TY 2	11	0	0	0	A309	
TY 2	11	0	0	1	AB53	ri
TY 2	11	0	0	2	AB65	ju
TY 2	12	0	2	0	A309	
TY 3a	0	2	0	0	AB17	za
TY 3a	0	2	0	1	A321	
TY 3a	1	0	0	0	AB08	a
TY 3a	1	0	0	1	AB51	du
TY 3a	2	0	0	0	AB08	a
TY 3a	2	0	0	1	AB01	da
TY 3a	3	0	0	0	AB70	ko
TY 3a	3	0	0	1	AB08	a
TY 3a	3	0	0	2	AB51	du
TY 3a	3	0	0	3	AB54	wa
TY 3a	4	0	2	0	AB08	a
TY 3a	4	0	2	1	AB81	ku
TY 3a	4	0	2	2	AB69	tu
TY 3a	4	0	2	3	A361	
TY 3b	0	0	0	0	AB67	ki
TY 3b	0	0	0	1	AB53	ri
TY 3b	0	0	0	2	AB41	si
TY 3b	1	0	0	0	AB39	pi
TY 3b	1	0	0	1	AB81	ku
TY 3b	1	0	0	2	AB79	
TY 3b	2	0	0	0	AB03	pa
TY 3b	2	0	0	1	AB73	mi
ZA 10a	0	0	0	0	AB59	ta
ZA 10a	0	0	0	1	AB06	na
ZA 10a	0	0	0	2	AB04	te
ZA 10a	1	0	0	0	AB08	a
ZA 10a	1	0	0	1	AB81	ku
ZA 10a	1	0	0	2	AB73	mi
ZA 10a	1	0	0	3	AB06	na
ZA 10a	2	0	0	0	AB08	a
ZA 10a	2	0	0	1	AB59	ta
ZA 10a	2	0	0	2	AB06	na
ZA 10a	2	0	0	3	AB04	te
ZA 10a	3	0	0	0	AB08	a
ZA 10a	3	0	0	1	AB73	mi
ZA 10a	3	0	0	2	AB01	da
ZA 10a	3	0	0	3	AB10	u
ZA 10a	4	0	0	0	AB08	a
ZA 10a	4	0	0	1	AB51	du
ZA 10a	4	0	0	2	AB81	ku
ZA 10a	4	0	0	3	AB73	mi
ZA 10a	4	0	0	4	AB06	na
ZA 10a	5	0	0	0	AB01	da
ZA 10a	5	0	0	1	AB28	i
ZA 10a	5	0	0	2	AB39	pi
ZA 10a	5	0	0	3	AB59	ta
ZA 10a	6	0	0	0	AB51	du
ZA 10a	6	0	0	1	AB27	re
ZA 10a	6	0	0	2	AB17	za
ZA 10a	6	0	0	3	AB09	se
ZA 10b	0	0	0	0	AB54	wa
ZA 10b	0	0	0	1	A362	
ZA 10b	1	0	0	0	AB51	du
ZA 10b	1	0	0	1	AB27	re
ZA 10b	1	0	0	2	AB17	za
ZA 10b	1	0	0	3	AB09	se
ZA 10b	2	0	0	0	AB10	u
ZA 10b	2	0	0	1	AB49	
ZA 10b	3	0	0	0	AB80	ma
ZA 10b	3	0	0	1	AB17	za
ZA 10b	4	0	0	0	AB80	ma
ZA 10b	4	0	0	1	AB67	ki
ZA 10b	4	0	0	2	AB45	de
ZA 10b	4	0	0	3	AB04	te
ZA 10b	5	0	0	0	AB31	sa
ZA 10b	5	0	0	1	AB80	ma
ZA 10b	6	0	0	0	AB08	a
ZA 10b	6	0	0	1	AB45	de
ZA 10b	7	0	0	0	AB08	a
ZA 10b	7	0	0	1	AB73	mi
ZA 10b	7	0	0	2	AB59	ta
ZA 10b	8	0	0	0	AB76	ra
ZA 10b	8	0	0	1	AB02	ro
ZA 10b	8	0	0	2	AB27	re
ZA 10b	9	0	0	0	AB03	pa
ZA 10b	9	0	0	1	AB57	ja
ZA 10b	9	0	0	2	AB27	re
ZA 10b	10	0	0	0	AB77	ka
ZA 10b	10	0	0	1	AB81	ku
ZA 10b	10	0	0	2	AB24	ne
ZA 10b	10	0	0	3	AB04	te
ZA 11a	0	0	0	0	AB07	di
ZA 11a	0	0	0	1	AB07	di
ZA 11a	0	0	0	2	AB70	ko
ZA 11a	0	0	0	3	AB60	ra
ZA 11a	0	0	0	4	AB13	me
ZA 11a	0	0	0	5	AB66	ta
ZA 11a	1	1	0	0	AB60	ra
ZA 11a	1	1	0	1	AB80	ma
ZA 11a	1	1	0	2	AB41	si
ZA 11a	2	2	0	0	AB38	e
ZA 11a	2	2	0	1	AB81	ku
ZA 11a	2	2	0	2	AB26	ru
ZA 11a	3	0	0	0	AB81	ku
ZA 11a	3	0	0	1	AB03	pa
ZA 11a	4	0	2	0	AB39	pi
ZA 11a	4	0	2	1	A310	
ZA 11a	4	0	2	2	AB08	a
ZA 11b	0	0	0	0	AB38	e
ZA 11b	0	0	0	1	AB05	to
ZA 11b	0	0	0	2	AB53	ri
ZA 11b	1	0	0	0	AB31	sa
ZA 11b	1	0	0	1	A301	
ZA 11b	1	0	0	2	AB53	ri
ZA 11b	2	2	2	0	AB28	i
ZA 11b	2	2	2	1	AB45	de
ZA 11b	3	0	0	0	AB81	ku
ZA 11b	3	0	0	1	AB03	pa
ZA 13	0	2	2	0	AB58	su
ZA 13	0	2	2	1	AB03	pa
ZA 14	0	0	0	0	AB13	me
ZA 14	0	0	0	1	AB67	ki
ZA 14	0	0	0	2	AB07	di
ZA 14	1	0	0	0	AB21	qi
ZA 14	1	0	0	1	AB118	
ZA 14	2	0	0	0	AB50	pu
ZA 14	2	0	0	1	AB30	ni
ZA 14	2	0	0	2	AB77	ka
ZA 14	2	0	0	3	A363	
ZA 14	3	0	0	0	AB16	qa
ZA 14	3	0	0	1	AB37	ti
ZA 14	3	0	0	2	AB65	ju
ZA 14	4	0	0	0	AB81	ku
ZA 14	4	0	0	1	AB39	pi
ZA 14	5	0	0	0	AB69	tu
ZA 14	5	0	0	1	AB73	mi
ZA 14	5	0	0	2	AB37	ti
ZA 14	5	0	0	3	AB17	za
ZA 14	5	0	0	4	AB09	se
ZA 14	6	0	0	0	AB03	pa
ZA 14	6	0	0	1	AB55	nu
ZA 14	6	0	0	2	AB78	qe
ZA 14	7	0	2	0	AB57	ja
ZA 14	7	0	2	1	AB40	wi
ZA 15a	0	0	0	0	AB47	
ZA 15a	0	0	0	1	AB81	ku
ZA 15a	0	0	0	2	AB06	na
ZA 15a	1	0	0	0	AB78	qe
ZA 15a	1	0	0	1	AB41	si
ZA 15a	1	0	0	2	AB79	
ZA 15a	1	0	0	3	AB38	e
ZA 15a	2	0	0	0	AB28	i
ZA 15a	2	0	0	1	AB37	ti
ZA 15a	2	0	0	2	AB30	ni
ZA 15a	2	0	0	3	AB31	sa
ZA 15a	3	0	0	0	AB73	mi
ZA 15a	3	0	0	1	AB17	za
ZA 15a	3	0	0	2	AB09	se
ZA 15a	4	0	0	0	AB28	i
ZA 15a	4	0	0	1	AB55	nu
ZA 15a	4	0	0	2	AB80	ma
ZA 15a	4	0	0	3	AB27	re
ZA 15a	5	0	0	0	AB41	si
ZA 15a	5	0	0	1	AB67	ki
ZA 15a	6	0	0	0	AB57	ja
ZA 15a	6	0	0	1	AB31	sa
ZA 15a	6	0	0	2	AB23	mu
ZA 15a	7	0	0	0	AB73	mi
ZA 15a	7	0	0	1	AB01	da
ZA 15a	7	0	0	2	AB38	e
ZA 15a	8	0	0	0	A364	
ZA 15a	8	0	0	1	AB44	ke
ZA 15a	8	0	0	2	AB80	ma
ZA 15a	8	0	0	3	AB09	se
ZA 15b	0	0	0	0	AB77	ka
ZA 15b	0	0	0	1	AB07	di
ZA 15b	1	0	0	0	AB81	ku
ZA 15b	1	0	0	1	AB02	ro
ZA 16	0	2	2	0	AB41	si
ZA 18a	0	0	2	0	AB01	da
ZA 18a	0	0	2	1	AB27	re
ZA 18a	0	0	2	2	AB81	ku
ZA 18a	1	0	0	0	AB81	ku
ZA 18a	1	0	0	1	A321	
ZA 19	0	2	2	0	AB60	ra
ZA 19	0	2	2	1	AB04	te
ZA 1a	0	0	0	0	AB67	ki
ZA 1a	0	0	0	1	AB27	re
ZA 1a	0	0	0	2	AB17	za
ZA 1b	0	0	0	0	AB38	e
ZA 1b	0	0	0	1	AB73	mi
ZA 1b	1	2	0	0	AB02	ro
ZA 20	1	0	0	0	AB51	du
ZA 20	1	0	0	1	AB27	re
ZA 20	1	0	0	2	AB17	za
ZA 20	1	0	0	3	AB09	se
ZA 20	2	0	0	0	AB73	mi
ZA 20	3	0	0	0	AB41	si
ZA 20	3	0	0	1	AB04	te
ZA 20	3	0	0	2	AB69	tu
ZA 20	4	0	0	0	AB41	si
ZA 20	4	0	0	1	AB69	tu
ZA 20	5	0	0	0	AB04	te
ZA 20	5	0	0	1	AB123	
ZA 20	6	0	0	0	AB26	ru
ZA 20	6	0	0	1	AB80	ma
ZA 20	6	0	0	2	AB59	ta
ZA 20	6	0	0	3	AB09	se
ZA 20	7	0	0	0	AB81	ku
ZA 20	7	0	0	1	AB60	ra
ZA 21a	0	2	0	0	AB13	me
ZA 21a	1	2	0	0	AB39	pi
ZA 21a	1	2	0	1	AB23	mu
ZA 21a	2	2	2	0	AB80	ma
ZA 21a	3	2	2	0	AB04	te
ZA 21a	4	0	2	0	AB59	ta
ZA 21a	4	0	2	1	AB44	ke
ZA 21a	5	2	0	0	AB03	pa
ZA 21a	6	0	0	0	AB59	ta
ZA 21a	6	0	0	1	AB80	ma
ZA 21a	6	0	0	2	AB39	pi
ZA 21a	7	2	2	0	AB08	a
ZA 21a	8	2	0	0	AB118	
ZA 21a	8	2	0	1	AB73	mi
ZA 21b	0	0	2	0	AB28	i
ZA 21b	0	0	2	1	AB01	da
ZA 21b	1	0	2	0	AB67	ki
ZA 21b	2	0	2	0	AB31	sa
ZA 21b	2	0	2	1	AB53	ri
ZA 21b	5	2	0	0	AB13	me
ZA 22	0	0	1	0	AB60	ra
ZA 22	1	0	2	0	AB51	du
ZA 22	1	0	2	1	AB65	ju
ZA 23	0	0	2	0	AB04	te
ZA 23	0	0	2	1	AB04	te
ZA 23	1	2	2	0	AB73	mi
ZA 23	1	2	2	1	AB27	re
ZA 24a	0	0	0	0	AB28	i
ZA 24a	0	0	0	1	AB01	da
ZA 24b	0	2	2	0	AB59	ta
ZA 26a	0	0	0	0	AB41	si
ZA 26a	0	0	0	1	AB04	te
ZA 26a	1	0	1	0	AB07	di
ZA 26a	1	0	1	1	AB07	di
ZA 26a	2	0	2	0	AB57	ja
ZA 26a	2	0	2	1	AB67	ki
ZA 27	0	2	0	0	AB07	di
ZA 27	0	2	0	1	AB67	ki
ZA 27	1	0	2	0	AB61	o
ZA 27	1	0	2	1	AB73	mi
ZA 29	0	2	0	0	AB80	ma
ZA 29	1	2	2	0	AB04	te
ZA 31	0	2	2	0	AB51	du
ZA 32	0	2	2	0	AB57	ja
ZA 4a	0	2	0	0	AB39	pi
ZA 4a	0	2	0	1	AB09	se
ZA 4a	1	0	0	0	AB57	ja
ZA 4a	1	0	0	1	AB05	to
ZA 4a	1	0	0	2	AB57	ja
ZA 4a	2	0	0	0	AB08	a
ZA 4a	2	0	0	1	AB37	ti
ZA 4a	2	0	0	2	AB26	ru
ZA 4a	3	0	0	0	AB57	ja
ZA 4a	3	0	0	1	AB03	pa
ZA 4a	4	2	0	0	AB69	tu
ZA 4a	4	2	0	1	AB13	me
ZA 4a	4	2	0	2	AB09	se
ZA 4a	5	0	0	0	AB78	qe
ZA 4a	5	0	0	1	AB41	si
ZA 4a	5	0	0	2	AB79	
ZA 4a	5	0	0	3	AB38	e
ZA 4a	6	0	0	0	AB28	i
ZA 4a	6	0	0	1	AB55	nu
ZA 4a	6	0	0	2	AB80	ma
ZA 4a	6	0	0	3	AB27	re
ZA 4a	7	0	0	0	AB41	si
ZA 4a	7	0	0	1	AB39	pi
ZA 4a	7	0	0	2	AB67	ki
ZA 4a	8	0	0	0	AB38	e
ZA 4a	8	0	0	1	AB82	
ZA 4a	9	0	0	0	AB77	ka
ZA 4a	9	0	0	1	AB07	di
ZA 5a	0	0	0	0	AB21	qi
ZA 5a	0	0	0	1	AB118	
ZA 5a	1	0	0	0	AB67	ki
ZA 5a	1	0	0	1	AB30	ni
ZA 5a	1	0	0	2	AB80	ma
ZA 5a	2	0	0	0	AB61	o
ZA 5a	2	0	0	1	AB59	ta
ZA 5a	2	0	0	2	AB30	ni
ZA 5a	2	0	0	3	AB17	za
ZA 5a	2	0	0	4	AB09	se
ZA 5a	3	0	2	0	AB31	sa
ZA 5a	3	0	2	1	AB73	mi
ZA 5a	3	0	2	2	AB01	da
ZA 5a	3	0	2	3	AB38	e
ZA 5b	0	0	0	0	AB28	i
ZA 5b	0	0	0	1	AB55	nu
ZA 5b	0	0	0	2	AB80	ma
ZA 5b	0	0	0	3	AB27	re
ZA 5b	1	0	0	0	AB41	si
ZA 5b	1	0	0	1	AB39	pi
ZA 5b	1	0	0	2	AB67	ki
ZA 5b	2	0	0	0	AB80	ma
ZA 5b	2	0	0	1	AB77	ka
ZA 5b	2	0	0	2	AB28	i
ZA 5b	2	0	0	3	AB59	ta
ZA 6a	0	0	0	0	A305	
ZA 6a	0	0	0	1	AB54	wa
ZA 6a	0	0	0	2	AB06	na
ZA 6a	1	0	2	0	AB34	
ZA 6a	1	0	2	1	AB65	ju
ZA 6a	1	0	2	2	AB04	te
ZA 6a	1	0	2	3	AB73	mi
ZA 6a	2	0	2	0	AB28	i
ZA 6a	2	0	2	1	AB09	se
ZA 6a	3	0	2	0	AB28	i
ZA 6a	4	2	0	0	AB29	pu
ZA 6a	4	2	0	1	AB76	ra
ZA 6a	5	0	1	0	AB28	i
ZA 6a	5	0	1	1	AB09	se
ZA 6b	0	0	0	0	AB28	i
ZA 6b	0	0	0	1	AB81	ku
ZA 6b	0	0	0	2	AB65	ju
ZA 6b	0	0	0	3	AB37	ti
ZA 6b	0	0	0	4	AB28	i
ZA 6b	1	0	0	0	A312	
ZA 6b	1	0	0	1	AB66	ta
ZA 6b	2	0	1	0	AB03	pa
ZA 6b	2	0	1	1	AB17	za
ZA 6b	3	2	2	0	AB28	i
ZA 6b	3	2	2	1	AB80	ma
ZA 7a	0	0	0	0	AB10	u
ZA 7a	0	0	0	1	AB65	ju
ZA 7a	1	0	0	0	AB08	a
ZA 7a	1	0	0	1	AB60	ra
ZA 7a	1	0	0	2	AB69	tu
ZA 7a	2	0	2	0	AB08	a
ZA 7a	2	0	2	1	AB27	re
ZA 7a	2	0	2	2	AB69	tu
ZA 7a	2	0	2	3	AB73	mi
ZA 7b	0	0	2	0	AB08	a
ZA 7b	0	0	2	1	AB80	ma
ZA 8	0	0	0	0	AB67	ki
ZA 8	0	0	0	1	AB60	ra
ZA 8	1	0	0	0	AB08	a
ZA 8	1	0	0	1	AB59	ta
ZA 8	1	0	0	2	AB27	re
ZA 8	2	0	0	0	AB81	ku
ZA 8	2	0	0	1	AB69	tu
ZA 8	2	0	0	2	AB70	ko
ZA 8	2	0	0	3	AB27	re
ZA 8	3	0	0	0	AB08	a
ZA 8	3	0	0	1	AB53	ri
ZA 8	3	0	0	2	AB30	ni
ZA 8	3	0	0	3	AB59	ta
ZA 8	4	0	0	0	AB59	ta
ZA 8	4	0	0	1	AB28	i
ZA 8	4	0	0	2	AB55	nu
ZA 8	4	0	0	3	AB80	ma
ZA 8	4	0	0	4	AB03	pa
ZA 8	5	0	0	0	AB80	ma
ZA 8	5	0	0	1	AB77	ka
ZA 8	5	0	0	2	AB28	i
ZA 8	5	0	0	3	AB09	se
ZA 8	6	0	0	0	AB01	da
ZA 8	6	0	0	1	AB28	i
ZA 8	6	0	0	2	AB39	pi
ZA 8	6	0	0	3	AB59	ta
ZA 8	7	0	0	0	AB77	ka
ZA 8	7	0	0	1	AB28	i
ZA 8	7	0	0	2	AB02	ro
ZA 9	0	2	0	0	AB55	nu
ZA 9	0	2	0	1	AB37	ti
ZA 9	1	0	2	0	AB17	za
ZA 9	2	2	0	0	AB60	ra
ZA 9	4	2	2	0	AB02	ro
ZA 9	4	2	2	1	AB41	si
ZA 9	4	2	2	2	AB60	ra
ZA 9	5	0	0	0	AB08	a
ZA 9	5	0	0	1	AB59	ta
ZA 9	5	0	0	2	AB06	na
ZA 9	6	0	0	0	AB80	ma
ZA 9	6	0	0	1	AB65	ju
ZA 9	7	0	0	0	AB40	wi
ZA 9	7	0	0	1	AB60	ra
ZA 9	7	0	0	2	AB27	re
ZA 9	7	0	0	3	AB73	mi
ZA 9	7	0	0	4	AB04	te
ZA Wc 2	0	0	0	0	AB08	a
ZA Wc 2	0	0	0	1	AB37	ti
ZA Wc 2	0	0	0	2	AB77	ka
ZA Wc 2	1	0	0	0	AB08	a
ZA Wc 2	1	0	0	1	AB51	du
ZA Wc 2	1	0	0	2	AB70	ko
ZA Wc 2	1	0	0	3	AB73	mi
